artist_name,image_url
Marshmello,https://github.com/Leander-Antony/my-spotify/blob/main/artist_images/Marshmello.jpg?raw=true
Logic,https://github.com/Leander-Antony/my-spotify/blob/main/artist_images/Logic.jpg?raw=true
benny blanco,https://github.com/Leander-Antony/my-spotify/blob/main/artist_images/benny%20blanco.jpg?raw=true
Alan Walker,https://github.com/Leander-Antony/my-spotify/blob/main/artist_images/Alan%20Walker.jpg?raw=true
Charli xcx,https://github.com/Leander-Antony/my-spotify/blob/main/artist_images/Charli%20xcx.jpg?raw=true
Au/Ra,https://github.com/Leander-Antony/my-spotify/blob/main/artist_images/Au/Ra.jpg?raw=true
Noah Cyrus,https://github.com/Leander-Antony/my-spotify/blob/main/artist_images/Noah%20Cyrus.jpg?raw=true
K-391,https://github.com/Leander-Antony/my-spotify/blob/main/artist_images/K-391.jpg?raw=true
Steve Aoki,https://github.com/Leander-Antony/my-spotify/blob/main/artist_images/Steve%20Aoki.jpg?raw=true
Miley Cyrus,https://github.com/Leander-Antony/my-spotify/blob/main/artist_images/Miley%20Cyrus.jpg?raw=true
Ina Wroldsen,https://github.com/Leander-Antony/my-spotify/blob/main/artist_images/Ina%20Wroldsen.jpg?raw=true
Kygo,https://github.com/Leander-Antony/my-spotify/blob/main/artist_images/Kygo.jpg?raw=true
Avicii,https://github.com/Leander-Antony/my-spotify/blob/main/artist_images/Avicii.jpg?raw=true
League of Legends,https://github.com/Leander-Antony/my-spotify/blob/main/artist_images/League%20of%20Legends.jpg?raw=true
Post Malone,https://github.com/Leander-Antony/my-spotify/blob/main/artist_images/Post%20Malone.jpg?raw=true
Jonas Blue,https://github.com/Leander-Antony/my-spotify/blob/main/artist_images/Jonas%20Blue.jpg?raw=true
Sam Smith,https://github.com/Leander-Antony/my-spotify/blob/main/artist_images/Sam%20Smith.jpg?raw=true
Seven Lions,https://github.com/Leander-Antony/my-spotify/blob/main/artist_images/Seven%20Lions.jpg?raw=true
Juice WRLD,https://github.com/Leander-Antony/my-spotify/blob/main/artist_images/Juice%20WRLD.jpg?raw=true
Maroon 5,https://github.com/Leander-Antony/my-spotify/blob/main/artist_images/Maroon%205.jpg?raw=true
Gym Class Heroes,https://github.com/Leander-Antony/my-spotify/blob/main/artist_images/Gym%20Class%20Heroes.jpg?raw=true
Migos,https://github.com/Leander-Antony/my-spotify/blob/main/artist_images/Migos.jpg?raw=true
Far East Movement,https://github.com/Leander-Antony/my-spotify/blob/main/artist_images/Far%20East%20Movement.jpg?raw=true
The Kid LAROI,https://github.com/Leander-Antony/my-spotify/blob/main/artist_images/The%20Kid%20LAROI.jpg?raw=true
2KBABY,https://github.com/Leander-Antony/my-spotify/blob/main/artist_images/2KBABY.jpg?raw=true
Selena Gomez,https://github.com/Leander-Antony/my-spotify/blob/main/artist_images/Selena%20Gomez.jpg?raw=true
DJ Snake,https://github.com/Leander-Antony/my-spotify/blob/main/artist_images/DJ%20Snake.jpg?raw=true
Billie Eilish,https://github.com/Leander-Antony/my-spotify/blob/main/artist_images/Billie%20Eilish.jpg?raw=true
Dua Lipa,https://github.com/Leander-Antony/my-spotify/blob/main/artist_images/Dua%20Lipa.jpg?raw=true
Gryffin,https://github.com/Leander-Antony/my-spotify/blob/main/artist_images/Gryffin.jpg?raw=true
Topic,https://github.com/Leander-Antony/my-spotify/blob/main/artist_images/Topic.jpg?raw=true
So Dope,https://github.com/Leander-Antony/my-spotify/blob/main/artist_images/So%20Dope.jpg?raw=true
ILLENIUM,https://github.com/Leander-Antony/my-spotify/blob/main/artist_images/ILLENIUM.jpg?raw=true
Slushii,https://github.com/Leander-Antony/my-spotify/blob/main/artist_images/Slushii.jpg?raw=true
Lost Kings,https://github.com/Leander-Antony/my-spotify/blob/main/artist_images/Lost%20Kings.jpg?raw=true
VIZE,https://github.com/Leander-Antony/my-spotify/blob/main/artist_images/VIZE.jpg?raw=true
One Direction,https://github.com/Leander-Antony/my-spotify/blob/main/artist_images/One%20Direction.jpg?raw=true
Ariana Grande,https://github.com/Leander-Antony/my-spotify/blob/main/artist_images/Ariana%20Grande.jpg?raw=true
Kina,https://github.com/Leander-Antony/my-spotify/blob/main/artist_images/Kina.jpg?raw=true
Imagine Dragons,https://github.com/Leander-Antony/my-spotify/blob/main/artist_images/Imagine%20Dragons.jpg?raw=true
JONY,https://github.com/Leander-Antony/my-spotify/blob/main/artist_images/JONY.jpg?raw=true
Nishan K,https://github.com/Leander-Antony/my-spotify/blob/main/artist_images/Nishan%20K.jpg?raw=true
Lost Sky,https://github.com/Leander-Antony/my-spotify/blob/main/artist_images/Lost%20Sky.jpg?raw=true
Xaia,https://github.com/Leander-Antony/my-spotify/blob/main/artist_images/Xaia.jpg?raw=true
Jecin George,https://github.com/Leander-Antony/my-spotify/blob/main/artist_images/Jecin%20George.jpg?raw=true
Pmc Beats,https://github.com/Leander-Antony/my-spotify/blob/main/artist_images/Pmc%20Beats.jpg?raw=true
ZAYN,https://github.com/Leander-Antony/my-spotify/blob/main/artist_images/ZAYN.jpg?raw=true
A.R. Rahman,https://github.com/Leander-Antony/my-spotify/blob/main/artist_images/A.R.%20Rahman.jpg?raw=true
Leon James,https://github.com/Leander-Antony/my-spotify/blob/main/artist_images/Leon%20James.jpg?raw=true
Pranav Das,https://github.com/Leander-Antony/my-spotify/blob/main/artist_images/Pranav%20Das.jpg?raw=true
Sid Sriram,https://github.com/Leander-Antony/my-spotify/blob/main/artist_images/Sid%20Sriram.jpg?raw=true
Ztish,https://github.com/Leander-Antony/my-spotify/blob/main/artist_images/Ztish.jpg?raw=true
Anirudh Ravichander,https://github.com/Leander-Antony/my-spotify/blob/main/artist_images/Anirudh%20Ravichander.jpg?raw=true
Diamond Eyes,https://github.com/Leander-Antony/my-spotify/blob/main/artist_images/Diamond%20Eyes.jpg?raw=true
Gramathu Pasanga,https://github.com/Leander-Antony/my-spotify/blob/main/artist_images/Gramathu%20Pasanga.jpg?raw=true
BANNERS,https://github.com/Leander-Antony/my-spotify/blob/main/artist_images/BANNERS.jpg?raw=true
XXXTENTACION,https://github.com/Leander-Antony/my-spotify/blob/main/artist_images/XXXTENTACION.jpg?raw=true
AURORA,https://github.com/Leander-Antony/my-spotify/blob/main/artist_images/AURORA.jpg?raw=true
Armaan Malik,https://github.com/Leander-Antony/my-spotify/blob/main/artist_images/Armaan%20Malik.jpg?raw=true
"Anirudh Ravichander,Sid Sriram",https://github.com/Leander-Antony/my-spotify/blob/main/artist_images/Anirudh%20Ravichander%2CSid%20Sriram.jpg?raw=true
Vivek - Mervin,https://github.com/Leander-Antony/my-spotify/blob/main/artist_images/Vivek%20-%20Mervin.jpg?raw=true
Shawn Mendes,https://github.com/Leander-Antony/my-spotify/blob/main/artist_images/Shawn%20Mendes.jpg?raw=true
Bruno Mars,https://github.com/Leander-Antony/my-spotify/blob/main/artist_images/Bruno%20Mars.jpg?raw=true
Becky G,https://github.com/Leander-Antony/my-spotify/blob/main/artist_images/Becky%20G.jpg?raw=true
Linkin Park,https://github.com/Leander-Antony/my-spotify/blob/main/artist_images/Linkin%20Park.jpg?raw=true
Sia,https://github.com/Leander-Antony/my-spotify/blob/main/artist_images/Sia.jpg?raw=true
Dhilip Varman,https://github.com/Leander-Antony/my-spotify/blob/main/artist_images/Dhilip%20Varman.jpg?raw=true
Siddhu Kumar,https://github.com/Leander-Antony/my-spotify/blob/main/artist_images/Siddhu%20Kumar.jpg?raw=true
Mugen Rao,https://github.com/Leander-Antony/my-spotify/blob/main/artist_images/Mugen%20Rao.jpg?raw=true
Maran,https://github.com/Leander-Antony/my-spotify/blob/main/artist_images/Maran.jpg?raw=true
DJ Gotta,https://github.com/Leander-Antony/my-spotify/blob/main/artist_images/DJ%20Gotta.jpg?raw=true
Charly Black,https://github.com/Leander-Antony/my-spotify/blob/main/artist_images/Charly%20Black.jpg?raw=true
Pham,https://github.com/Leander-Antony/my-spotify/blob/main/artist_images/Pham.jpg?raw=true
SLANDER,https://github.com/Leander-Antony/my-spotify/blob/main/artist_images/SLANDER.jpg?raw=true
Ro Ransom,https://github.com/Leander-Antony/my-spotify/blob/main/artist_images/Ro%20Ransom.jpg?raw=true
Ashley Price,https://github.com/Leander-Antony/my-spotify/blob/main/artist_images/Ashley%20Price.jpg?raw=true
Stipsing,https://github.com/Leander-Antony/my-spotify/blob/main/artist_images/Stipsing.jpg?raw=true
Grinspoon,https://github.com/Leander-Antony/my-spotify/blob/main/artist_images/Grinspoon.jpg?raw=true
Lenka,https://github.com/Leander-Antony/my-spotify/blob/main/artist_images/Lenka.jpg?raw=true
AronChupa,https://github.com/Leander-Antony/my-spotify/blob/main/artist_images/AronChupa.jpg?raw=true
Duncan Laurence,https://github.com/Leander-Antony/my-spotify/blob/main/artist_images/Duncan%20Laurence.jpg?raw=true
Melanie Martinez,https://github.com/Leander-Antony/my-spotify/blob/main/artist_images/Melanie%20Martinez.jpg?raw=true
Andro,https://github.com/Leander-Antony/my-spotify/blob/main/artist_images/Andro.jpg?raw=true
Ali Gatie,https://github.com/Leander-Antony/my-spotify/blob/main/artist_images/Ali%20Gatie.jpg?raw=true
Arash,https://github.com/Leander-Antony/my-spotify/blob/main/artist_images/Arash.jpg?raw=true
Boney M.,https://github.com/Leander-Antony/my-spotify/blob/main/artist_images/Boney%20M..jpg?raw=true
Wiz Khalifa,https://github.com/Leander-Antony/my-spotify/blob/main/artist_images/Wiz%20Khalifa.jpg?raw=true
BØRNS,https://github.com/Leander-Antony/my-spotify/blob/main/artist_images/B%C3%98RNS.jpg?raw=true
Martin Arteta,https://github.com/Leander-Antony/my-spotify/blob/main/artist_images/Martin%20Arteta.jpg?raw=true
Powfu,https://github.com/Leander-Antony/my-spotify/blob/main/artist_images/Powfu.jpg?raw=true
Tommee Profitt,https://github.com/Leander-Antony/my-spotify/blob/main/artist_images/Tommee%20Profitt.jpg?raw=true
Madilyn Bailey,https://github.com/Leander-Antony/my-spotify/blob/main/artist_images/Madilyn%20Bailey.jpg?raw=true
ElyOtto,https://github.com/Leander-Antony/my-spotify/blob/main/artist_images/ElyOtto.jpg?raw=true
Taylor Swift,https://github.com/Leander-Antony/my-spotify/blob/main/artist_images/Taylor%20Swift.jpg?raw=true
Ellie Goulding,https://github.com/Leander-Antony/my-spotify/blob/main/artist_images/Ellie%20Goulding.jpg?raw=true
Ranji,https://github.com/Leander-Antony/my-spotify/blob/main/artist_images/Ranji.jpg?raw=true
Witt Lowry,https://github.com/Leander-Antony/my-spotify/blob/main/artist_images/Witt%20Lowry.jpg?raw=true
Ember Island,https://github.com/Leander-Antony/my-spotify/blob/main/artist_images/Ember%20Island.jpg?raw=true
Kodak Black,https://github.com/Leander-Antony/my-spotify/blob/main/artist_images/Kodak%20Black.jpg?raw=true
Lil Peep,https://github.com/Leander-Antony/my-spotify/blob/main/artist_images/Lil%20Peep.jpg?raw=true
JK Jones,https://github.com/Leander-Antony/my-spotify/blob/main/artist_images/JK%20Jones.jpg?raw=true
Khlaw,https://github.com/Leander-Antony/my-spotify/blob/main/artist_images/Khlaw.jpg?raw=true
Dubskie,https://github.com/Leander-Antony/my-spotify/blob/main/artist_images/Dubskie.jpg?raw=true
escape,https://github.com/Leander-Antony/my-spotify/blob/main/artist_images/escape.jpg?raw=true
gnash,https://github.com/Leander-Antony/my-spotify/blob/main/artist_images/gnash.jpg?raw=true
Halsey,https://github.com/Leander-Antony/my-spotify/blob/main/artist_images/Halsey.jpg?raw=true
The Chainsmokers,https://github.com/Leander-Antony/my-spotify/blob/main/artist_images/The%20Chainsmokers.jpg?raw=true
SAINt JHN,https://github.com/Leander-Antony/my-spotify/blob/main/artist_images/SAINt%20JHN.jpg?raw=true
Hippie Sabotage,https://github.com/Leander-Antony/my-spotify/blob/main/artist_images/Hippie%20Sabotage.jpg?raw=true
Jorden world,https://github.com/Leander-Antony/my-spotify/blob/main/artist_images/Jorden%20world.jpg?raw=true
Royal & the Serpent,https://github.com/Leander-Antony/my-spotify/blob/main/artist_images/Royal%20%26%20the%20Serpent.jpg?raw=true
Megan Thee Stallion,https://github.com/Leander-Antony/my-spotify/blob/main/artist_images/Megan%20Thee%20Stallion.jpg?raw=true
Sqweezey,https://github.com/Leander-Antony/my-spotify/blob/main/artist_images/Sqweezey.jpg?raw=true
347aidan,https://github.com/Leander-Antony/my-spotify/blob/main/artist_images/347aidan.jpg?raw=true
Olivia Rodrigo,https://github.com/Leander-Antony/my-spotify/blob/main/artist_images/Olivia%20Rodrigo.jpg?raw=true
Alex & Sierra,https://github.com/Leander-Antony/my-spotify/blob/main/artist_images/Alex%20%26%20Sierra.jpg?raw=true
Jules LeBlanc,https://github.com/Leander-Antony/my-spotify/blob/main/artist_images/Jules%20LeBlanc.jpg?raw=true
Yagih Mael,https://github.com/Leander-Antony/my-spotify/blob/main/artist_images/Yagih%20Mael.jpg?raw=true
G-Eazy,https://github.com/Leander-Antony/my-spotify/blob/main/artist_images/G-Eazy.jpg?raw=true
Sasha Alex Sloan,https://github.com/Leander-Antony/my-spotify/blob/main/artist_images/Sasha%20Alex%20Sloan.jpg?raw=true
Trevor Daniel,https://github.com/Leander-Antony/my-spotify/blob/main/artist_images/Trevor%20Daniel.jpg?raw=true
Alec Benjamin,https://github.com/Leander-Antony/my-spotify/blob/main/artist_images/Alec%20Benjamin.jpg?raw=true
PUBLIC,https://github.com/Leander-Antony/my-spotify/blob/main/artist_images/PUBLIC.jpg?raw=true
Trinidad Cardona,https://github.com/Leander-Antony/my-spotify/blob/main/artist_images/Trinidad%20Cardona.jpg?raw=true
Maximillian,https://github.com/Leander-Antony/my-spotify/blob/main/artist_images/Maximillian.jpg?raw=true
Bon Jovi,https://github.com/Leander-Antony/my-spotify/blob/main/artist_images/Bon%20Jovi.jpg?raw=true
Sandaru Sathsara,https://github.com/Leander-Antony/my-spotify/blob/main/artist_images/Sandaru%20Sathsara.jpg?raw=true
Retronaut,https://github.com/Leander-Antony/my-spotify/blob/main/artist_images/Retronaut.jpg?raw=true
K'NAAN,https://github.com/Leander-Antony/my-spotify/blob/main/artist_images/K%27NAAN.jpg?raw=true
24kGoldn,https://github.com/Leander-Antony/my-spotify/blob/main/artist_images/24kGoldn.jpg?raw=true
TrigerPro,https://github.com/Leander-Antony/my-spotify/blob/main/artist_images/TrigerPro.jpg?raw=true
Minijau,https://github.com/Leander-Antony/my-spotify/blob/main/artist_images/Minijau.jpg?raw=true
Anime your Music,https://github.com/Leander-Antony/my-spotify/blob/main/artist_images/Anime%20your%20Music.jpg?raw=true
Charlie Puth,https://github.com/Leander-Antony/my-spotify/blob/main/artist_images/Charlie%20Puth.jpg?raw=true
Lil Nas X,https://github.com/Leander-Antony/my-spotify/blob/main/artist_images/Lil%20Nas%20X.jpg?raw=true
Justin Bieber,https://github.com/Leander-Antony/my-spotify/blob/main/artist_images/Justin%20Bieber.jpg?raw=true
Lil Mosey,https://github.com/Leander-Antony/my-spotify/blob/main/artist_images/Lil%20Mosey.jpg?raw=true
Dean Lewis,https://github.com/Leander-Antony/my-spotify/blob/main/artist_images/Dean%20Lewis.jpg?raw=true
Ant Saunders,https://github.com/Leander-Antony/my-spotify/blob/main/artist_images/Ant%20Saunders.jpg?raw=true
Lauv,https://github.com/Leander-Antony/my-spotify/blob/main/artist_images/Lauv.jpg?raw=true
Harry Styles,https://github.com/Leander-Antony/my-spotify/blob/main/artist_images/Harry%20Styles.jpg?raw=true
Tate McRae,https://github.com/Leander-Antony/my-spotify/blob/main/artist_images/Tate%20McRae.jpg?raw=true
Lewis Capaldi,https://github.com/Leander-Antony/my-spotify/blob/main/artist_images/Lewis%20Capaldi.jpg?raw=true
Pink Sweat$,https://github.com/Leander-Antony/my-spotify/blob/main/artist_images/Pink%20Sweat%24.jpg?raw=true
Epigenesis,https://github.com/Leander-Antony/my-spotify/blob/main/artist_images/Epigenesis.jpg?raw=true
SUSHI,https://github.com/Leander-Antony/my-spotify/blob/main/artist_images/SUSHI.jpg?raw=true
Guidolain beats,https://github.com/Leander-Antony/my-spotify/blob/main/artist_images/Guidolain%20beats.jpg?raw=true
Lo-Fi Luke,https://github.com/Leander-Antony/my-spotify/blob/main/artist_images/Lo-Fi%20Luke.jpg?raw=true
Goland,https://github.com/Leander-Antony/my-spotify/blob/main/artist_images/Goland.jpg?raw=true
RŮDE,https://github.com/Leander-Antony/my-spotify/blob/main/artist_images/R%C5%AEDE.jpg?raw=true
Tranquil Teddy,https://github.com/Leander-Antony/my-spotify/blob/main/artist_images/Tranquil%20Teddy.jpg?raw=true
Tophat Panda,https://github.com/Leander-Antony/my-spotify/blob/main/artist_images/Tophat%20Panda.jpg?raw=true
Ol Wallace,https://github.com/Leander-Antony/my-spotify/blob/main/artist_images/Ol%20Wallace.jpg?raw=true
Wolf Schranze,https://github.com/Leander-Antony/my-spotify/blob/main/artist_images/Wolf%20Schranze.jpg?raw=true
RMaster,https://github.com/Leander-Antony/my-spotify/blob/main/artist_images/RMaster.jpg?raw=true
Taylor Davis,https://github.com/Leander-Antony/my-spotify/blob/main/artist_images/Taylor%20Davis.jpg?raw=true
L'Orchestra Numerique,https://github.com/Leander-Antony/my-spotify/blob/main/artist_images/L%27Orchestra%20Numerique.jpg?raw=true
Harajuku Nation,https://github.com/Leander-Antony/my-spotify/blob/main/artist_images/Harajuku%20Nation.jpg?raw=true
Lars Sorensen,https://github.com/Leander-Antony/my-spotify/blob/main/artist_images/Lars%20Sorensen.jpg?raw=true
Typhillosion,https://github.com/Leander-Antony/my-spotify/blob/main/artist_images/Typhillosion.jpg?raw=true
Anime Kei,https://github.com/Leander-Antony/my-spotify/blob/main/artist_images/Anime%20Kei.jpg?raw=true
Christophe Deremy,https://github.com/Leander-Antony/my-spotify/blob/main/artist_images/Christophe%20Deremy.jpg?raw=true
Duc de Japan,https://github.com/Leander-Antony/my-spotify/blob/main/artist_images/Duc%20de%20Japan.jpg?raw=true
KANA-BOON,https://github.com/Leander-Antony/my-spotify/blob/main/artist_images/KANA-BOON.jpg?raw=true
Ikimonogakari,https://github.com/Leander-Antony/my-spotify/blob/main/artist_images/Ikimonogakari.jpg?raw=true
Kyo Kimura,https://github.com/Leander-Antony/my-spotify/blob/main/artist_images/Kyo%20Kimura.jpg?raw=true
Moisés Nieto,https://github.com/Leander-Antony/my-spotify/blob/main/artist_images/Mois%C3%A9s%20Nieto.jpg?raw=true
Anime Project,https://github.com/Leander-Antony/my-spotify/blob/main/artist_images/Anime%20Project.jpg?raw=true
FLOW,https://github.com/Leander-Antony/my-spotify/blob/main/artist_images/FLOW.jpg?raw=true
Motohiro Hata,https://github.com/Leander-Antony/my-spotify/blob/main/artist_images/Motohiro%20Hata.jpg?raw=true
Mami,https://github.com/Leander-Antony/my-spotify/blob/main/artist_images/Mami.jpg?raw=true
ANISON PROJECT,https://github.com/Leander-Antony/my-spotify/blob/main/artist_images/ANISON%20PROJECT.jpg?raw=true
Bird Of Pray,https://github.com/Leander-Antony/my-spotify/blob/main/artist_images/Bird%20Of%20Pray.jpg?raw=true
Geek Music,https://github.com/Leander-Antony/my-spotify/blob/main/artist_images/Geek%20Music.jpg?raw=true
Tre$o,https://github.com/Leander-Antony/my-spotify/blob/main/artist_images/Tre%24o.jpg?raw=true
Lill<3,https://github.com/Leander-Antony/my-spotify/blob/main/artist_images/Lill%3C3.jpg?raw=true
Rihanna,https://github.com/Leander-Antony/my-spotify/blob/main/artist_images/Rihanna.jpg?raw=true
RØNIN,https://github.com/Leander-Antony/my-spotify/blob/main/artist_images/R%C3%98NIN.jpg?raw=true
Aaron Smith,https://github.com/Leander-Antony/my-spotify/blob/main/artist_images/Aaron%20Smith.jpg?raw=true
Sam C.S.,https://github.com/Leander-Antony/my-spotify/blob/main/artist_images/Sam%20C.S..jpg?raw=true
NEFFEX,https://github.com/Leander-Antony/my-spotify/blob/main/artist_images/NEFFEX.jpg?raw=true
Lofi Pig,https://github.com/Leander-Antony/my-spotify/blob/main/artist_images/Lofi%20Pig.jpg?raw=true
Museekal,https://github.com/Leander-Antony/my-spotify/blob/main/artist_images/Museekal.jpg?raw=true
Bazzi,https://github.com/Leander-Antony/my-spotify/blob/main/artist_images/Bazzi.jpg?raw=true
The Weeknd,https://github.com/Leander-Antony/my-spotify/blob/main/artist_images/The%20Weeknd.jpg?raw=true
8D Tunes,https://github.com/Leander-Antony/my-spotify/blob/main/artist_images/8D%20Tunes.jpg?raw=true
Revelries,https://github.com/Leander-Antony/my-spotify/blob/main/artist_images/Revelries.jpg?raw=true
L'Migue,https://github.com/Leander-Antony/my-spotify/blob/main/artist_images/L%27Migue.jpg?raw=true
Cummrs,https://github.com/Leander-Antony/my-spotify/blob/main/artist_images/Cummrs.jpg?raw=true
SHAUN,https://github.com/Leander-Antony/my-spotify/blob/main/artist_images/SHAUN.jpg?raw=true
Giveon,https://github.com/Leander-Antony/my-spotify/blob/main/artist_images/Giveon.jpg?raw=true
Jeremy Zucker,https://github.com/Leander-Antony/my-spotify/blob/main/artist_images/Jeremy%20Zucker.jpg?raw=true
Henry Jackman,https://github.com/Leander-Antony/my-spotify/blob/main/artist_images/Henry%20Jackman.jpg?raw=true
Måneskin,https://github.com/Leander-Antony/my-spotify/blob/main/artist_images/M%C3%A5neskin.jpg?raw=true
DJ Niar,https://github.com/Leander-Antony/my-spotify/blob/main/artist_images/DJ%20Niar.jpg?raw=true
Travis Scott,https://github.com/Leander-Antony/my-spotify/blob/main/artist_images/Travis%20Scott.jpg?raw=true
Donovan's Playground,https://github.com/Leander-Antony/my-spotify/blob/main/artist_images/Donovan%27s%20Playground.jpg?raw=true
citi,https://github.com/Leander-Antony/my-spotify/blob/main/artist_images/citi.jpg?raw=true
AOI,https://github.com/Leander-Antony/my-spotify/blob/main/artist_images/AOI.jpg?raw=true
Velabeats,https://github.com/Leander-Antony/my-spotify/blob/main/artist_images/Velabeats.jpg?raw=true
steezy prime,https://github.com/Leander-Antony/my-spotify/blob/main/artist_images/steezy%20prime.jpg?raw=true
Sarcastic Sounds,https://github.com/Leander-Antony/my-spotify/blob/main/artist_images/Sarcastic%20Sounds.jpg?raw=true
potsu,https://github.com/Leander-Antony/my-spotify/blob/main/artist_images/potsu.jpg?raw=true
Maadrhino,https://github.com/Leander-Antony/my-spotify/blob/main/artist_images/Maadrhino.jpg?raw=true
twuan,https://github.com/Leander-Antony/my-spotify/blob/main/artist_images/twuan.jpg?raw=true
SUPPER TRANKKI,https://github.com/Leander-Antony/my-spotify/blob/main/artist_images/SUPPER%20TRANKKI.jpg?raw=true
Outdream,https://github.com/Leander-Antony/my-spotify/blob/main/artist_images/Outdream.jpg?raw=true
Lofi Fruits Music,https://github.com/Leander-Antony/my-spotify/blob/main/artist_images/Lofi%20Fruits%20Music.jpg?raw=true
Utopiaboy,https://github.com/Leander-Antony/my-spotify/blob/main/artist_images/Utopiaboy.jpg?raw=true
Imlaylow,https://github.com/Leander-Antony/my-spotify/blob/main/artist_images/Imlaylow.jpg?raw=true
wood.,https://github.com/Leander-Antony/my-spotify/blob/main/artist_images/wood..jpg?raw=true
Blue Cloud,https://github.com/Leander-Antony/my-spotify/blob/main/artist_images/Blue%20Cloud.jpg?raw=true
Cloudchord,https://github.com/Leander-Antony/my-spotify/blob/main/artist_images/Cloudchord.jpg?raw=true
Mob Kumo*,https://github.com/Leander-Antony/my-spotify/blob/main/artist_images/Mob%20Kumo%2A.jpg?raw=true
I.N.Kognito,https://github.com/Leander-Antony/my-spotify/blob/main/artist_images/I.N.Kognito.jpg?raw=true
Eyesoh,https://github.com/Leander-Antony/my-spotify/blob/main/artist_images/Eyesoh.jpg?raw=true
Medincci,https://github.com/Leander-Antony/my-spotify/blob/main/artist_images/Medincci.jpg?raw=true
Sultana Groove,https://github.com/Leander-Antony/my-spotify/blob/main/artist_images/Sultana%20Groove.jpg?raw=true
Surf Mesa,https://github.com/Leander-Antony/my-spotify/blob/main/artist_images/Surf%20Mesa.jpg?raw=true
blackbear,https://github.com/Leander-Antony/my-spotify/blob/main/artist_images/blackbear.jpg?raw=true
vaultboy,https://github.com/Leander-Antony/my-spotify/blob/main/artist_images/vaultboy.jpg?raw=true
CKay,https://github.com/Leander-Antony/my-spotify/blob/main/artist_images/CKay.jpg?raw=true
Chief Keef,https://github.com/Leander-Antony/my-spotify/blob/main/artist_images/Chief%20Keef.jpg?raw=true
Glass Animals,https://github.com/Leander-Antony/my-spotify/blob/main/artist_images/Glass%20Animals.jpg?raw=true
Madcon,https://github.com/Leander-Antony/my-spotify/blob/main/artist_images/Madcon.jpg?raw=true
Issam Alnajjar,https://github.com/Leander-Antony/my-spotify/blob/main/artist_images/Issam%20Alnajjar.jpg?raw=true
Kumaresh,https://github.com/Leander-Antony/my-spotify/blob/main/artist_images/Kumaresh.jpg?raw=true
Shakti Sivamani,https://github.com/Leander-Antony/my-spotify/blob/main/artist_images/Shakti%20Sivamani.jpg?raw=true
Dhinesh Dhanush,https://github.com/Leander-Antony/my-spotify/blob/main/artist_images/Dhinesh%20Dhanush.jpg?raw=true
Stephen Zechariah,https://github.com/Leander-Antony/my-spotify/blob/main/artist_images/Stephen%20Zechariah.jpg?raw=true
Teejay,https://github.com/Leander-Antony/my-spotify/blob/main/artist_images/Teejay.jpg?raw=true
Tove Lo,https://github.com/Leander-Antony/my-spotify/blob/main/artist_images/Tove%20Lo.jpg?raw=true
Oliver Tree,https://github.com/Leander-Antony/my-spotify/blob/main/artist_images/Oliver%20Tree.jpg?raw=true
Jon Bellion,https://github.com/Leander-Antony/my-spotify/blob/main/artist_images/Jon%20Bellion.jpg?raw=true
slowo,https://github.com/Leander-Antony/my-spotify/blob/main/artist_images/slowo.jpg?raw=true
"John ""The Ragin Cajun"" Jones",https://github.com/Leander-Antony/my-spotify/blob/main/artist_images/John%20%22The%20Ragin%20Cajun%22%20Jones.jpg?raw=true
Bo Burnham,https://github.com/Leander-Antony/my-spotify/blob/main/artist_images/Bo%20Burnham.jpg?raw=true
Zackfly,https://github.com/Leander-Antony/my-spotify/blob/main/artist_images/Zackfly.jpg?raw=true
Fall Out Boy,https://github.com/Leander-Antony/my-spotify/blob/main/artist_images/Fall%20Out%20Boy.jpg?raw=true
Doja Cat,https://github.com/Leander-Antony/my-spotify/blob/main/artist_images/Doja%20Cat.jpg?raw=true
Drake,https://github.com/Leander-Antony/my-spotify/blob/main/artist_images/Drake.jpg?raw=true
Gucci Mane,https://github.com/Leander-Antony/my-spotify/blob/main/artist_images/Gucci%20Mane.jpg?raw=true
Sean Kingston,https://github.com/Leander-Antony/my-spotify/blob/main/artist_images/Sean%20Kingston.jpg?raw=true
Luis Fonsi,https://github.com/Leander-Antony/my-spotify/blob/main/artist_images/Luis%20Fonsi.jpg?raw=true
Cousin Deeky,https://github.com/Leander-Antony/my-spotify/blob/main/artist_images/Cousin%20Deeky.jpg?raw=true
Alexander Rybak,https://github.com/Leander-Antony/my-spotify/blob/main/artist_images/Alexander%20Rybak.jpg?raw=true
DJ Khaled,https://github.com/Leander-Antony/my-spotify/blob/main/artist_images/DJ%20Khaled.jpg?raw=true
Chris Brown,https://github.com/Leander-Antony/my-spotify/blob/main/artist_images/Chris%20Brown.jpg?raw=true
Dan + Shay,https://github.com/Leander-Antony/my-spotify/blob/main/artist_images/Dan%20%2B%20Shay.jpg?raw=true
Wizkid,https://github.com/Leander-Antony/my-spotify/blob/main/artist_images/Wizkid.jpg?raw=true
will.i.am,https://github.com/Leander-Antony/my-spotify/blob/main/artist_images/will.i.am.jpg?raw=true
Sub Urban,https://github.com/Leander-Antony/my-spotify/blob/main/artist_images/Sub%20Urban.jpg?raw=true
Matthaios,https://github.com/Leander-Antony/my-spotify/blob/main/artist_images/Matthaios.jpg?raw=true
BoyWithUke,https://github.com/Leander-Antony/my-spotify/blob/main/artist_images/BoyWithUke.jpg?raw=true
Jafiki,https://github.com/Leander-Antony/my-spotify/blob/main/artist_images/Jafiki.jpg?raw=true
Daddyphatsnaps,https://github.com/Leander-Antony/my-spotify/blob/main/artist_images/Daddyphatsnaps.jpg?raw=true
Jassey,https://github.com/Leander-Antony/my-spotify/blob/main/artist_images/Jassey.jpg?raw=true
Mic Torrance,https://github.com/Leander-Antony/my-spotify/blob/main/artist_images/Mic%20Torrance.jpg?raw=true
Pelly,https://github.com/Leander-Antony/my-spotify/blob/main/artist_images/Pelly.jpg?raw=true
Rockwell,https://github.com/Leander-Antony/my-spotify/blob/main/artist_images/Rockwell.jpg?raw=true
Sean Paul,https://github.com/Leander-Antony/my-spotify/blob/main/artist_images/Sean%20Paul.jpg?raw=true
Canking,https://github.com/Leander-Antony/my-spotify/blob/main/artist_images/Canking.jpg?raw=true
Berioska,https://github.com/Leander-Antony/my-spotify/blob/main/artist_images/Berioska.jpg?raw=true
Josh A,https://github.com/Leander-Antony/my-spotify/blob/main/artist_images/Josh%20A.jpg?raw=true
Adin Ross Freestyle,https://github.com/Leander-Antony/my-spotify/blob/main/artist_images/Adin%20Ross%20Freestyle.jpg?raw=true
Ollie,https://github.com/Leander-Antony/my-spotify/blob/main/artist_images/Ollie.jpg?raw=true
Bazanji,https://github.com/Leander-Antony/my-spotify/blob/main/artist_images/Bazanji.jpg?raw=true
Arizona Zervas,https://github.com/Leander-Antony/my-spotify/blob/main/artist_images/Arizona%20Zervas.jpg?raw=true
Russ,https://github.com/Leander-Antony/my-spotify/blob/main/artist_images/Russ.jpg?raw=true
gianni & kyle,https://github.com/Leander-Antony/my-spotify/blob/main/artist_images/gianni%20%26%20kyle.jpg?raw=true
Croosh,https://github.com/Leander-Antony/my-spotify/blob/main/artist_images/Croosh.jpg?raw=true
TuneCity,https://github.com/Leander-Antony/my-spotify/blob/main/artist_images/TuneCity.jpg?raw=true
Don Toliver,https://github.com/Leander-Antony/my-spotify/blob/main/artist_images/Don%20Toliver.jpg?raw=true
Jasmine Ortiz,https://github.com/Leander-Antony/my-spotify/blob/main/artist_images/Jasmine%20Ortiz.jpg?raw=true
Gidexen,https://github.com/Leander-Antony/my-spotify/blob/main/artist_images/Gidexen.jpg?raw=true
YOPPA,https://github.com/Leander-Antony/my-spotify/blob/main/artist_images/YOPPA.jpg?raw=true
Dance Yourself Clean,https://github.com/Leander-Antony/my-spotify/blob/main/artist_images/Dance%20Yourself%20Clean.jpg?raw=true
BENJII,https://github.com/Leander-Antony/my-spotify/blob/main/artist_images/BENJII.jpg?raw=true
Santino Le Saint,https://github.com/Leander-Antony/my-spotify/blob/main/artist_images/Santino%20Le%20Saint.jpg?raw=true
KRAK'N,https://github.com/Leander-Antony/my-spotify/blob/main/artist_images/KRAK%27N.jpg?raw=true
Helena Paparizou,https://github.com/Leander-Antony/my-spotify/blob/main/artist_images/Helena%20Paparizou.jpg?raw=true
Synymata,https://github.com/Leander-Antony/my-spotify/blob/main/artist_images/Synymata.jpg?raw=true
st. art,https://github.com/Leander-Antony/my-spotify/blob/main/artist_images/st.%20art.jpg?raw=true
Vincent Arena,https://github.com/Leander-Antony/my-spotify/blob/main/artist_images/Vincent%20Arena.jpg?raw=true
ARIA,https://github.com/Leander-Antony/my-spotify/blob/main/artist_images/ARIA.jpg?raw=true
imHAPPY,https://github.com/Leander-Antony/my-spotify/blob/main/artist_images/imHAPPY.jpg?raw=true
Alexa Cappelli,https://github.com/Leander-Antony/my-spotify/blob/main/artist_images/Alexa%20Cappelli.jpg?raw=true
DALE,https://github.com/Leander-Antony/my-spotify/blob/main/artist_images/DALE.jpg?raw=true
Worlds Apart,https://github.com/Leander-Antony/my-spotify/blob/main/artist_images/Worlds%20Apart.jpg?raw=true
Nikki Era,https://github.com/Leander-Antony/my-spotify/blob/main/artist_images/Nikki%20Era.jpg?raw=true
The Fur,https://github.com/Leander-Antony/my-spotify/blob/main/artist_images/The%20Fur.jpg?raw=true
EBEN,https://github.com/Leander-Antony/my-spotify/blob/main/artist_images/EBEN.jpg?raw=true
Kungs,https://github.com/Leander-Antony/my-spotify/blob/main/artist_images/Kungs.jpg?raw=true
Cuebrick,https://github.com/Leander-Antony/my-spotify/blob/main/artist_images/Cuebrick.jpg?raw=true
Toby Romeo,https://github.com/Leander-Antony/my-spotify/blob/main/artist_images/Toby%20Romeo.jpg?raw=true
Katy Perry,https://github.com/Leander-Antony/my-spotify/blob/main/artist_images/Katy%20Perry.jpg?raw=true
Macklemore & Ryan Lewis,https://github.com/Leander-Antony/my-spotify/blob/main/artist_images/Macklemore%20%26%20Ryan%20Lewis.jpg?raw=true
KHEMIS,https://github.com/Leander-Antony/my-spotify/blob/main/artist_images/KHEMIS.jpg?raw=true
Mike Williams,https://github.com/Leander-Antony/my-spotify/blob/main/artist_images/Mike%20Williams.jpg?raw=true
Alexandra Stan,https://github.com/Leander-Antony/my-spotify/blob/main/artist_images/Alexandra%20Stan.jpg?raw=true
Vinesto,https://github.com/Leander-Antony/my-spotify/blob/main/artist_images/Vinesto.jpg?raw=true
Masello,https://github.com/Leander-Antony/my-spotify/blob/main/artist_images/Masello.jpg?raw=true
India Lake,https://github.com/Leander-Antony/my-spotify/blob/main/artist_images/India%20Lake.jpg?raw=true
Rob Roth,https://github.com/Leander-Antony/my-spotify/blob/main/artist_images/Rob%20Roth.jpg?raw=true
Leonard Damron,https://github.com/Leander-Antony/my-spotify/blob/main/artist_images/Leonard%20Damron.jpg?raw=true
Lost Stars,https://github.com/Leander-Antony/my-spotify/blob/main/artist_images/Lost%20Stars.jpg?raw=true
Adam Pearce,https://github.com/Leander-Antony/my-spotify/blob/main/artist_images/Adam%20Pearce.jpg?raw=true
cvllum,https://github.com/Leander-Antony/my-spotify/blob/main/artist_images/cvllum.jpg?raw=true
Yumo,https://github.com/Leander-Antony/my-spotify/blob/main/artist_images/Yumo.jpg?raw=true
Josh Dreon,https://github.com/Leander-Antony/my-spotify/blob/main/artist_images/Josh%20Dreon.jpg?raw=true
Arc North,https://github.com/Leander-Antony/my-spotify/blob/main/artist_images/Arc%20North.jpg?raw=true
J.Dapper,https://github.com/Leander-Antony/my-spotify/blob/main/artist_images/J.Dapper.jpg?raw=true
Hozier,https://github.com/Leander-Antony/my-spotify/blob/main/artist_images/Hozier.jpg?raw=true
Whales,https://github.com/Leander-Antony/my-spotify/blob/main/artist_images/Whales.jpg?raw=true
MC Virgins,https://github.com/Leander-Antony/my-spotify/blob/main/artist_images/MC%20Virgins.jpg?raw=true
Daddy Yankee,https://github.com/Leander-Antony/my-spotify/blob/main/artist_images/Daddy%20Yankee.jpg?raw=true
RidersXTV,https://github.com/Leander-Antony/my-spotify/blob/main/artist_images/RidersXTV.jpg?raw=true
Loi,https://github.com/Leander-Antony/my-spotify/blob/main/artist_images/Loi.jpg?raw=true
Jaymes Young,https://github.com/Leander-Antony/my-spotify/blob/main/artist_images/Jaymes%20Young.jpg?raw=true
yassprodd,https://github.com/Leander-Antony/my-spotify/blob/main/artist_images/yassprodd.jpg?raw=true
Egzod,https://github.com/Leander-Antony/my-spotify/blob/main/artist_images/Egzod.jpg?raw=true
GRAVEDGR,https://github.com/Leander-Antony/my-spotify/blob/main/artist_images/GRAVEDGR.jpg?raw=true
YNW Melly,https://github.com/Leander-Antony/my-spotify/blob/main/artist_images/YNW%20Melly.jpg?raw=true
Deep Chills,https://github.com/Leander-Antony/my-spotify/blob/main/artist_images/Deep%20Chills.jpg?raw=true
Kali Uchis,https://github.com/Leander-Antony/my-spotify/blob/main/artist_images/Kali%20Uchis.jpg?raw=true
Snoop Dogg,https://github.com/Leander-Antony/my-spotify/blob/main/artist_images/Snoop%20Dogg.jpg?raw=true
Celina Sharma,https://github.com/Leander-Antony/my-spotify/blob/main/artist_images/Celina%20Sharma.jpg?raw=true
Cheriimoya,https://github.com/Leander-Antony/my-spotify/blob/main/artist_images/Cheriimoya.jpg?raw=true
itssvd,https://github.com/Leander-Antony/my-spotify/blob/main/artist_images/itssvd.jpg?raw=true
T3NZU,https://github.com/Leander-Antony/my-spotify/blob/main/artist_images/T3NZU.jpg?raw=true
DPR LIVE,https://github.com/Leander-Antony/my-spotify/blob/main/artist_images/DPR%20LIVE.jpg?raw=true
Gudrap,https://github.com/Leander-Antony/my-spotify/blob/main/artist_images/Gudrap.jpg?raw=true
Bluto!,https://github.com/Leander-Antony/my-spotify/blob/main/artist_images/Bluto%21.jpg?raw=true
Neon361,https://github.com/Leander-Antony/my-spotify/blob/main/artist_images/Neon361.jpg?raw=true
Tai Verdes,https://github.com/Leander-Antony/my-spotify/blob/main/artist_images/Tai%20Verdes.jpg?raw=true
AJR,https://github.com/Leander-Antony/my-spotify/blob/main/artist_images/AJR.jpg?raw=true
Cloud 11,https://github.com/Leander-Antony/my-spotify/blob/main/artist_images/Cloud%2011.jpg?raw=true
Stan Walker,https://github.com/Leander-Antony/my-spotify/blob/main/artist_images/Stan%20Walker.jpg?raw=true
Maro,https://github.com/Leander-Antony/my-spotify/blob/main/artist_images/Maro.jpg?raw=true
J Balvin,https://github.com/Leander-Antony/my-spotify/blob/main/artist_images/J%20Balvin.jpg?raw=true
Dan Stevens,https://github.com/Leander-Antony/my-spotify/blob/main/artist_images/Dan%20Stevens.jpg?raw=true
Ed Sheeran,https://github.com/Leander-Antony/my-spotify/blob/main/artist_images/Ed%20Sheeran.jpg?raw=true
hxnry,https://github.com/Leander-Antony/my-spotify/blob/main/artist_images/hxnry.jpg?raw=true
Olivia O'Brien,https://github.com/Leander-Antony/my-spotify/blob/main/artist_images/Olivia%20O%27Brien.jpg?raw=true
James Arthur,https://github.com/Leander-Antony/my-spotify/blob/main/artist_images/James%20Arthur.jpg?raw=true
Khalid,https://github.com/Leander-Antony/my-spotify/blob/main/artist_images/Khalid.jpg?raw=true
Moji x Sboy,https://github.com/Leander-Antony/my-spotify/blob/main/artist_images/Moji%20x%20Sboy.jpg?raw=true
Zara Larsson,https://github.com/Leander-Antony/my-spotify/blob/main/artist_images/Zara%20Larsson.jpg?raw=true
James Smith,https://github.com/Leander-Antony/my-spotify/blob/main/artist_images/James%20Smith.jpg?raw=true
NF,https://github.com/Leander-Antony/my-spotify/blob/main/artist_images/NF.jpg?raw=true
Why Don't We,https://github.com/Leander-Antony/my-spotify/blob/main/artist_images/Why%20Don%27t%20We.jpg?raw=true
LANY,https://github.com/Leander-Antony/my-spotify/blob/main/artist_images/LANY.jpg?raw=true
JP Saxe,https://github.com/Leander-Antony/my-spotify/blob/main/artist_images/JP%20Saxe.jpg?raw=true
Conor Maynard,https://github.com/Leander-Antony/my-spotify/blob/main/artist_images/Conor%20Maynard.jpg?raw=true
Benson Boone,https://github.com/Leander-Antony/my-spotify/blob/main/artist_images/Benson%20Boone.jpg?raw=true
SoMo,https://github.com/Leander-Antony/my-spotify/blob/main/artist_images/SoMo.jpg?raw=true
Johnny Orlando,https://github.com/Leander-Antony/my-spotify/blob/main/artist_images/Johnny%20Orlando.jpg?raw=true
Christina Perri,https://github.com/Leander-Antony/my-spotify/blob/main/artist_images/Christina%20Perri.jpg?raw=true
Xuitcasecity,https://github.com/Leander-Antony/my-spotify/blob/main/artist_images/Xuitcasecity.jpg?raw=true
Chord Overstreet,https://github.com/Leander-Antony/my-spotify/blob/main/artist_images/Chord%20Overstreet.jpg?raw=true
AJ Mitchell,https://github.com/Leander-Antony/my-spotify/blob/main/artist_images/AJ%20Mitchell.jpg?raw=true
Rosie Darling,https://github.com/Leander-Antony/my-spotify/blob/main/artist_images/Rosie%20Darling.jpg?raw=true
Dj Shainth,https://github.com/Leander-Antony/my-spotify/blob/main/artist_images/Dj%20Shainth.jpg?raw=true
Havoc Mathan,https://github.com/Leander-Antony/my-spotify/blob/main/artist_images/Havoc%20Mathan.jpg?raw=true
Havoc Brothers,https://github.com/Leander-Antony/my-spotify/blob/main/artist_images/Havoc%20Brothers.jpg?raw=true
Raj Pirate,https://github.com/Leander-Antony/my-spotify/blob/main/artist_images/Raj%20Pirate.jpg?raw=true
Prince Dave,https://github.com/Leander-Antony/my-spotify/blob/main/artist_images/Prince%20Dave.jpg?raw=true
Keenan Te,https://github.com/Leander-Antony/my-spotify/blob/main/artist_images/Keenan%20Te.jpg?raw=true
Keanan,https://github.com/Leander-Antony/my-spotify/blob/main/artist_images/Keanan.jpg?raw=true
Lovely Rapper Shridhar,https://github.com/Leander-Antony/my-spotify/blob/main/artist_images/Lovely%20Rapper%20Shridhar.jpg?raw=true
Hiphop Tamizha,https://github.com/Leander-Antony/my-spotify/blob/main/artist_images/Hiphop%20Tamizha.jpg?raw=true
Eminem,https://github.com/Leander-Antony/my-spotify/blob/main/artist_images/Eminem.jpg?raw=true
iamnotshane,https://github.com/Leander-Antony/my-spotify/blob/main/artist_images/iamnotshane.jpg?raw=true
John Michael Howell,https://github.com/Leander-Antony/my-spotify/blob/main/artist_images/John%20Michael%20Howell.jpg?raw=true
Nico & Vinz,https://github.com/Leander-Antony/my-spotify/blob/main/artist_images/Nico%20%26%20Vinz.jpg?raw=true
Coldplay,https://github.com/Leander-Antony/my-spotify/blob/main/artist_images/Coldplay.jpg?raw=true
Teqkoi,https://github.com/Leander-Antony/my-spotify/blob/main/artist_images/Teqkoi.jpg?raw=true
KAIO,https://github.com/Leander-Antony/my-spotify/blob/main/artist_images/KAIO.jpg?raw=true
iamjakehill,https://github.com/Leander-Antony/my-spotify/blob/main/artist_images/iamjakehill.jpg?raw=true
The Score,https://github.com/Leander-Antony/my-spotify/blob/main/artist_images/The%20Score.jpg?raw=true
Yuvan Shankar Raja,https://github.com/Leander-Antony/my-spotify/blob/main/artist_images/Yuvan%20Shankar%20Raja.jpg?raw=true
Colonel Reyel,https://github.com/Leander-Antony/my-spotify/blob/main/artist_images/Colonel%20Reyel.jpg?raw=true
Dave,https://github.com/Leander-Antony/my-spotify/blob/main/artist_images/Dave.jpg?raw=true
P!nk,https://github.com/Leander-Antony/my-spotify/blob/main/artist_images/P%21nk.jpg?raw=true
Mikael Belkher,https://github.com/Leander-Antony/my-spotify/blob/main/artist_images/Mikael%20Belkher.jpg?raw=true
Lady Gaga,https://github.com/Leander-Antony/my-spotify/blob/main/artist_images/Lady%20Gaga.jpg?raw=true
Dadju,https://github.com/Leander-Antony/my-spotify/blob/main/artist_images/Dadju.jpg?raw=true
Noah Kahan,https://github.com/Leander-Antony/my-spotify/blob/main/artist_images/Noah%20Kahan.jpg?raw=true
Maluma,https://github.com/Leander-Antony/my-spotify/blob/main/artist_images/Maluma.jpg?raw=true
Joseph Black,https://github.com/Leander-Antony/my-spotify/blob/main/artist_images/Joseph%20Black.jpg?raw=true
The Vamps,https://github.com/Leander-Antony/my-spotify/blob/main/artist_images/The%20Vamps.jpg?raw=true
Luh Kel,https://github.com/Leander-Antony/my-spotify/blob/main/artist_images/Luh%20Kel.jpg?raw=true
Joji,https://github.com/Leander-Antony/my-spotify/blob/main/artist_images/Joji.jpg?raw=true
Yatta Bandz,https://github.com/Leander-Antony/my-spotify/blob/main/artist_images/Yatta%20Bandz.jpg?raw=true
Ansel Elgort,https://github.com/Leander-Antony/my-spotify/blob/main/artist_images/Ansel%20Elgort.jpg?raw=true
Roy Woods,https://github.com/Leander-Antony/my-spotify/blob/main/artist_images/Roy%20Woods.jpg?raw=true
MASN,https://github.com/Leander-Antony/my-spotify/blob/main/artist_images/MASN.jpg?raw=true
Poo Bear,https://github.com/Leander-Antony/my-spotify/blob/main/artist_images/Poo%20Bear.jpg?raw=true
Brandz,https://github.com/Leander-Antony/my-spotify/blob/main/artist_images/Brandz.jpg?raw=true
Alexander 23,https://github.com/Leander-Antony/my-spotify/blob/main/artist_images/Alexander%2023.jpg?raw=true
Papithbk,https://github.com/Leander-Antony/my-spotify/blob/main/artist_images/Papithbk.jpg?raw=true
Anson Seabra,https://github.com/Leander-Antony/my-spotify/blob/main/artist_images/Anson%20Seabra.jpg?raw=true
Ellise,https://github.com/Leander-Antony/my-spotify/blob/main/artist_images/Ellise.jpg?raw=true
Snøw,https://github.com/Leander-Antony/my-spotify/blob/main/artist_images/Sn%C3%B8w.jpg?raw=true
Cooper Hill,https://github.com/Leander-Antony/my-spotify/blob/main/artist_images/Cooper%20Hill.jpg?raw=true
Udeyfa,https://github.com/Leander-Antony/my-spotify/blob/main/artist_images/Udeyfa.jpg?raw=true
Abudy,https://github.com/Leander-Antony/my-spotify/blob/main/artist_images/Abudy.jpg?raw=true
Paloma Faith,https://github.com/Leander-Antony/my-spotify/blob/main/artist_images/Paloma%20Faith.jpg?raw=true
JVKE,https://github.com/Leander-Antony/my-spotify/blob/main/artist_images/JVKE.jpg?raw=true
Harry Hudson,https://github.com/Leander-Antony/my-spotify/blob/main/artist_images/Harry%20Hudson.jpg?raw=true
FINNEAS,https://github.com/Leander-Antony/my-spotify/blob/main/artist_images/FINNEAS.jpg?raw=true
Nicky Jam,https://github.com/Leander-Antony/my-spotify/blob/main/artist_images/Nicky%20Jam.jpg?raw=true
Conan Gray,https://github.com/Leander-Antony/my-spotify/blob/main/artist_images/Conan%20Gray.jpg?raw=true
Gracie Abrams,https://github.com/Leander-Antony/my-spotify/blob/main/artist_images/Gracie%20Abrams.jpg?raw=true
Ruel,https://github.com/Leander-Antony/my-spotify/blob/main/artist_images/Ruel.jpg?raw=true
flora cash,https://github.com/Leander-Antony/my-spotify/blob/main/artist_images/flora%20cash.jpg?raw=true
Dominic Fike,https://github.com/Leander-Antony/my-spotify/blob/main/artist_images/Dominic%20Fike.jpg?raw=true
Jess Benko,https://github.com/Leander-Antony/my-spotify/blob/main/artist_images/Jess%20Benko.jpg?raw=true
R. City,https://github.com/Leander-Antony/my-spotify/blob/main/artist_images/R.%20City.jpg?raw=true
Bangers Only,https://github.com/Leander-Antony/my-spotify/blob/main/artist_images/Bangers%20Only.jpg?raw=true
G. V. Prakash,https://github.com/Leander-Antony/my-spotify/blob/main/artist_images/G.%20V.%20Prakash.jpg?raw=true
EJ Brothers,https://github.com/Leander-Antony/my-spotify/blob/main/artist_images/EJ%20Brothers.jpg?raw=true
Kaushik Krish,https://github.com/Leander-Antony/my-spotify/blob/main/artist_images/Kaushik%20Krish.jpg?raw=true
Sooraj Santhosh,https://github.com/Leander-Antony/my-spotify/blob/main/artist_images/Sooraj%20Santhosh.jpg?raw=true
Roshan Sebastian,https://github.com/Leander-Antony/my-spotify/blob/main/artist_images/Roshan%20Sebastian.jpg?raw=true
Ghibran,https://github.com/Leander-Antony/my-spotify/blob/main/artist_images/Ghibran.jpg?raw=true
Santhosh Dhayanidhi,https://github.com/Leander-Antony/my-spotify/blob/main/artist_images/Santhosh%20Dhayanidhi.jpg?raw=true
Thaman S,https://github.com/Leander-Antony/my-spotify/blob/main/artist_images/Thaman%20S.jpg?raw=true
Saindhavi,https://github.com/Leander-Antony/my-spotify/blob/main/artist_images/Saindhavi.jpg?raw=true
Sonu Nigam,https://github.com/Leander-Antony/my-spotify/blob/main/artist_images/Sonu%20Nigam.jpg?raw=true
Naresh Iyer,https://github.com/Leander-Antony/my-spotify/blob/main/artist_images/Naresh%20Iyer.jpg?raw=true
Barney Sku,https://github.com/Leander-Antony/my-spotify/blob/main/artist_images/Barney%20Sku.jpg?raw=true
Jonita Gandhi,https://github.com/Leander-Antony/my-spotify/blob/main/artist_images/Jonita%20Gandhi.jpg?raw=true
C. Sathya,https://github.com/Leander-Antony/my-spotify/blob/main/artist_images/C.%20Sathya.jpg?raw=true
Ilaiyaraaja,https://github.com/Leander-Antony/my-spotify/blob/main/artist_images/Ilaiyaraaja.jpg?raw=true
Darbuka Siva,https://github.com/Leander-Antony/my-spotify/blob/main/artist_images/Darbuka%20Siva.jpg?raw=true
Locko,https://github.com/Leander-Antony/my-spotify/blob/main/artist_images/Locko.jpg?raw=true
Em Beihold,https://github.com/Leander-Antony/my-spotify/blob/main/artist_images/Em%20Beihold.jpg?raw=true
Robert Grace,https://github.com/Leander-Antony/my-spotify/blob/main/artist_images/Robert%20Grace.jpg?raw=true
Gentrammel,https://github.com/Leander-Antony/my-spotify/blob/main/artist_images/Gentrammel.jpg?raw=true
Sitrus,https://github.com/Leander-Antony/my-spotify/blob/main/artist_images/Sitrus.jpg?raw=true
Skinnyfabs,https://github.com/Leander-Antony/my-spotify/blob/main/artist_images/Skinnyfabs.jpg?raw=true
Bastille,https://github.com/Leander-Antony/my-spotify/blob/main/artist_images/Bastille.jpg?raw=true
Sleepy Hallow,https://github.com/Leander-Antony/my-spotify/blob/main/artist_images/Sleepy%20Hallow.jpg?raw=true
Kesha,https://github.com/Leander-Antony/my-spotify/blob/main/artist_images/Kesha.jpg?raw=true
ovg!,https://github.com/Leander-Antony/my-spotify/blob/main/artist_images/ovg%21.jpg?raw=true
Pitbull,https://github.com/Leander-Antony/my-spotify/blob/main/artist_images/Pitbull.jpg?raw=true
Calvin Harris,https://github.com/Leander-Antony/my-spotify/blob/main/artist_images/Calvin%20Harris.jpg?raw=true
CryJaxx,https://github.com/Leander-Antony/my-spotify/blob/main/artist_images/CryJaxx.jpg?raw=true
The Script,https://github.com/Leander-Antony/my-spotify/blob/main/artist_images/The%20Script.jpg?raw=true
5ive,https://github.com/Leander-Antony/my-spotify/blob/main/artist_images/5ive.jpg?raw=true
LilxBoi,https://github.com/Leander-Antony/my-spotify/blob/main/artist_images/LilxBoi.jpg?raw=true
Pyralid,https://github.com/Leander-Antony/my-spotify/blob/main/artist_images/Pyralid.jpg?raw=true
Panic! At The Disco,https://github.com/Leander-Antony/my-spotify/blob/main/artist_images/Panic%21%20At%20The%20Disco.jpg?raw=true
Adele,https://github.com/Leander-Antony/my-spotify/blob/main/artist_images/Adele.jpg?raw=true
Complete,https://github.com/Leander-Antony/my-spotify/blob/main/artist_images/Complete.jpg?raw=true
Boxout,https://github.com/Leander-Antony/my-spotify/blob/main/artist_images/Boxout.jpg?raw=true
Sally Sossa,https://github.com/Leander-Antony/my-spotify/blob/main/artist_images/Sally%20Sossa.jpg?raw=true
Saweetie,https://github.com/Leander-Antony/my-spotify/blob/main/artist_images/Saweetie.jpg?raw=true
omgkirby,https://github.com/Leander-Antony/my-spotify/blob/main/artist_images/omgkirby.jpg?raw=true
Caleb Hearn,https://github.com/Leander-Antony/my-spotify/blob/main/artist_images/Caleb%20Hearn.jpg?raw=true
Finding Hope,https://github.com/Leander-Antony/my-spotify/blob/main/artist_images/Finding%20Hope.jpg?raw=true
will hyde,https://github.com/Leander-Antony/my-spotify/blob/main/artist_images/will%20hyde.jpg?raw=true
Hoobastank,https://github.com/Leander-Antony/my-spotify/blob/main/artist_images/Hoobastank.jpg?raw=true
Lil Happy Lil Sad,https://github.com/Leander-Antony/my-spotify/blob/main/artist_images/Lil%20Happy%20Lil%20Sad.jpg?raw=true
girl in red,https://github.com/Leander-Antony/my-spotify/blob/main/artist_images/girl%20in%20red.jpg?raw=true
Vorsa,https://github.com/Leander-Antony/my-spotify/blob/main/artist_images/Vorsa.jpg?raw=true
Roar,https://github.com/Leander-Antony/my-spotify/blob/main/artist_images/Roar.jpg?raw=true
Lúc,https://github.com/Leander-Antony/my-spotify/blob/main/artist_images/L%C3%BAc.jpg?raw=true
YUNGBLUD,https://github.com/Leander-Antony/my-spotify/blob/main/artist_images/YUNGBLUD.jpg?raw=true
Aislinn Davis,https://github.com/Leander-Antony/my-spotify/blob/main/artist_images/Aislinn%20Davis.jpg?raw=true
eli.,https://github.com/Leander-Antony/my-spotify/blob/main/artist_images/eli..jpg?raw=true
Lund,https://github.com/Leander-Antony/my-spotify/blob/main/artist_images/Lund.jpg?raw=true
guccihighwaters,https://github.com/Leander-Antony/my-spotify/blob/main/artist_images/guccihighwaters.jpg?raw=true
Hayd,https://github.com/Leander-Antony/my-spotify/blob/main/artist_images/Hayd.jpg?raw=true
"nothing,nowhere.",https://github.com/Leander-Antony/my-spotify/blob/main/artist_images/nothing%2Cnowhere..jpg?raw=true
Oh Wonder,https://github.com/Leander-Antony/my-spotify/blob/main/artist_images/Oh%20Wonder.jpg?raw=true
Sik World,https://github.com/Leander-Antony/my-spotify/blob/main/artist_images/Sik%20World.jpg?raw=true
Sara Kays,https://github.com/Leander-Antony/my-spotify/blob/main/artist_images/Sara%20Kays.jpg?raw=true
Panucci's Pizza,https://github.com/Leander-Antony/my-spotify/blob/main/artist_images/Panucci%27s%20Pizza.jpg?raw=true
mgk,https://github.com/Leander-Antony/my-spotify/blob/main/artist_images/mgk.jpg?raw=true
Marina Lin,https://github.com/Leander-Antony/my-spotify/blob/main/artist_images/Marina%20Lin.jpg?raw=true
SadBoyProlific,https://github.com/Leander-Antony/my-spotify/blob/main/artist_images/SadBoyProlific.jpg?raw=true
Monty Datta,https://github.com/Leander-Antony/my-spotify/blob/main/artist_images/Monty%20Datta.jpg?raw=true
Katelyn Tarver,https://github.com/Leander-Antony/my-spotify/blob/main/artist_images/Katelyn%20Tarver.jpg?raw=true
yaeow,https://github.com/Leander-Antony/my-spotify/blob/main/artist_images/yaeow.jpg?raw=true
The 1975,https://github.com/Leander-Antony/my-spotify/blob/main/artist_images/The%201975.jpg?raw=true
Ruth B.,https://github.com/Leander-Antony/my-spotify/blob/main/artist_images/Ruth%20B..jpg?raw=true
Ryan Mack,https://github.com/Leander-Antony/my-spotify/blob/main/artist_images/Ryan%20Mack.jpg?raw=true
Chlara,https://github.com/Leander-Antony/my-spotify/blob/main/artist_images/Chlara.jpg?raw=true
Parker Jack,https://github.com/Leander-Antony/my-spotify/blob/main/artist_images/Parker%20Jack.jpg?raw=true
Dhruv,https://github.com/Leander-Antony/my-spotify/blob/main/artist_images/Dhruv.jpg?raw=true
Miller + Howell,https://github.com/Leander-Antony/my-spotify/blob/main/artist_images/Miller%20%2B%20Howell.jpg?raw=true
Kayou.,https://github.com/Leander-Antony/my-spotify/blob/main/artist_images/Kayou..jpg?raw=true
Mokita,https://github.com/Leander-Antony/my-spotify/blob/main/artist_images/Mokita.jpg?raw=true
Jamie Miller,https://github.com/Leander-Antony/my-spotify/blob/main/artist_images/Jamie%20Miller.jpg?raw=true
Sadie Jean,https://github.com/Leander-Antony/my-spotify/blob/main/artist_images/Sadie%20Jean.jpg?raw=true
Francis Karel,https://github.com/Leander-Antony/my-spotify/blob/main/artist_images/Francis%20Karel.jpg?raw=true
Zach Hood,https://github.com/Leander-Antony/my-spotify/blob/main/artist_images/Zach%20Hood.jpg?raw=true
Camylio,https://github.com/Leander-Antony/my-spotify/blob/main/artist_images/Camylio.jpg?raw=true
Fly By Midnight,https://github.com/Leander-Antony/my-spotify/blob/main/artist_images/Fly%20By%20Midnight.jpg?raw=true
Jillian Rossi,https://github.com/Leander-Antony/my-spotify/blob/main/artist_images/Jillian%20Rossi.jpg?raw=true
Clinton Kane,https://github.com/Leander-Antony/my-spotify/blob/main/artist_images/Clinton%20Kane.jpg?raw=true
Daniel Schulz,https://github.com/Leander-Antony/my-spotify/blob/main/artist_images/Daniel%20Schulz.jpg?raw=true
Zevia,https://github.com/Leander-Antony/my-spotify/blob/main/artist_images/Zevia.jpg?raw=true
Suriel Hess,https://github.com/Leander-Antony/my-spotify/blob/main/artist_images/Suriel%20Hess.jpg?raw=true
Cate,https://github.com/Leander-Antony/my-spotify/blob/main/artist_images/Cate.jpg?raw=true
Alex Sampson,https://github.com/Leander-Antony/my-spotify/blob/main/artist_images/Alex%20Sampson.jpg?raw=true
Ber,https://github.com/Leander-Antony/my-spotify/blob/main/artist_images/Ber.jpg?raw=true
Lauren Spencer Smith,https://github.com/Leander-Antony/my-spotify/blob/main/artist_images/Lauren%20Spencer%20Smith.jpg?raw=true
Aria Ohlsson,https://github.com/Leander-Antony/my-spotify/blob/main/artist_images/Aria%20Ohlsson.jpg?raw=true
CLNGR,https://github.com/Leander-Antony/my-spotify/blob/main/artist_images/CLNGR.jpg?raw=true
Nines,https://github.com/Leander-Antony/my-spotify/blob/main/artist_images/Nines.jpg?raw=true
Nessa Barrett,https://github.com/Leander-Antony/my-spotify/blob/main/artist_images/Nessa%20Barrett.jpg?raw=true
Calum Scott,https://github.com/Leander-Antony/my-spotify/blob/main/artist_images/Calum%20Scott.jpg?raw=true
Sadstation,https://github.com/Leander-Antony/my-spotify/blob/main/artist_images/Sadstation.jpg?raw=true
Julia Michaels,https://github.com/Leander-Antony/my-spotify/blob/main/artist_images/Julia%20Michaels.jpg?raw=true
Nico Collins,https://github.com/Leander-Antony/my-spotify/blob/main/artist_images/Nico%20Collins.jpg?raw=true
Adam Oh,https://github.com/Leander-Antony/my-spotify/blob/main/artist_images/Adam%20Oh.jpg?raw=true
MIIA,https://github.com/Leander-Antony/my-spotify/blob/main/artist_images/MIIA.jpg?raw=true
charlieonnafriday,https://github.com/Leander-Antony/my-spotify/blob/main/artist_images/charlieonnafriday.jpg?raw=true
Sovelenzz,https://github.com/Leander-Antony/my-spotify/blob/main/artist_images/Sovelenzz.jpg?raw=true
$uicideboy$,https://github.com/Leander-Antony/my-spotify/blob/main/artist_images/%24uicideboy%24.jpg?raw=true
Fat Joe,https://github.com/Leander-Antony/my-spotify/blob/main/artist_images/Fat%20Joe.jpg?raw=true
Demi Lovato,https://github.com/Leander-Antony/my-spotify/blob/main/artist_images/Demi%20Lovato.jpg?raw=true
Akano,https://github.com/Leander-Antony/my-spotify/blob/main/artist_images/Akano.jpg?raw=true
Silambarasan TR,https://github.com/Leander-Antony/my-spotify/blob/main/artist_images/Silambarasan%20TR.jpg?raw=true
Shadab Faridi,https://github.com/Leander-Antony/my-spotify/blob/main/artist_images/Shadab%20Faridi.jpg?raw=true
Achu,https://github.com/Leander-Antony/my-spotify/blob/main/artist_images/Achu.jpg?raw=true
Ruben,https://github.com/Leander-Antony/my-spotify/blob/main/artist_images/Ruben.jpg?raw=true
Porsche Love,https://github.com/Leander-Antony/my-spotify/blob/main/artist_images/Porsche%20Love.jpg?raw=true
SXMPRA,https://github.com/Leander-Antony/my-spotify/blob/main/artist_images/SXMPRA.jpg?raw=true
Marco Tamimi,https://github.com/Leander-Antony/my-spotify/blob/main/artist_images/Marco%20Tamimi.jpg?raw=true
A$AP Rocky,https://github.com/Leander-Antony/my-spotify/blob/main/artist_images/A%24AP%20Rocky.jpg?raw=true
SYML,https://github.com/Leander-Antony/my-spotify/blob/main/artist_images/SYML.jpg?raw=true
ilyTOMMY,https://github.com/Leander-Antony/my-spotify/blob/main/artist_images/ilyTOMMY.jpg?raw=true
Stephanie Poetri,https://github.com/Leander-Antony/my-spotify/blob/main/artist_images/Stephanie%20Poetri.jpg?raw=true
Mako,https://github.com/Leander-Antony/my-spotify/blob/main/artist_images/Mako.jpg?raw=true
idkjack,https://github.com/Leander-Antony/my-spotify/blob/main/artist_images/idkjack.jpg?raw=true
untrusted,https://github.com/Leander-Antony/my-spotify/blob/main/artist_images/untrusted.jpg?raw=true
Kiko Blac,https://github.com/Leander-Antony/my-spotify/blob/main/artist_images/Kiko%20Blac.jpg?raw=true
Bankshot,https://github.com/Leander-Antony/my-spotify/blob/main/artist_images/Bankshot.jpg?raw=true
The Real Goonie Jay,https://github.com/Leander-Antony/my-spotify/blob/main/artist_images/The%20Real%20Goonie%20Jay.jpg?raw=true
Eivy J,https://github.com/Leander-Antony/my-spotify/blob/main/artist_images/Eivy%20J.jpg?raw=true
Damnagedkids,https://github.com/Leander-Antony/my-spotify/blob/main/artist_images/Damnagedkids.jpg?raw=true
Jd,https://github.com/Leander-Antony/my-spotify/blob/main/artist_images/Jd.jpg?raw=true
K23,https://github.com/Leander-Antony/my-spotify/blob/main/artist_images/K23.jpg?raw=true
Tweezy400,https://github.com/Leander-Antony/my-spotify/blob/main/artist_images/Tweezy400.jpg?raw=true
DamnGirll,https://github.com/Leander-Antony/my-spotify/blob/main/artist_images/DamnGirll.jpg?raw=true
Softest Hard,https://github.com/Leander-Antony/my-spotify/blob/main/artist_images/Softest%20Hard.jpg?raw=true
J-Tek,https://github.com/Leander-Antony/my-spotify/blob/main/artist_images/J-Tek.jpg?raw=true
Twhyy,https://github.com/Leander-Antony/my-spotify/blob/main/artist_images/Twhyy.jpg?raw=true
K-Loc,https://github.com/Leander-Antony/my-spotify/blob/main/artist_images/K-Loc.jpg?raw=true
Ty Day,https://github.com/Leander-Antony/my-spotify/blob/main/artist_images/Ty%20Day.jpg?raw=true
Kaelan,https://github.com/Leander-Antony/my-spotify/blob/main/artist_images/Kaelan.jpg?raw=true
DJ Schemes,https://github.com/Leander-Antony/my-spotify/blob/main/artist_images/DJ%20Schemes.jpg?raw=true
Og777x,https://github.com/Leander-Antony/my-spotify/blob/main/artist_images/Og777x.jpg?raw=true
OddKidOut,https://github.com/Leander-Antony/my-spotify/blob/main/artist_images/OddKidOut.jpg?raw=true
Lul.Mergo,https://github.com/Leander-Antony/my-spotify/blob/main/artist_images/Lul.Mergo.jpg?raw=true
xiyuh,https://github.com/Leander-Antony/my-spotify/blob/main/artist_images/xiyuh.jpg?raw=true
THDBM,https://github.com/Leander-Antony/my-spotify/blob/main/artist_images/THDBM.jpg?raw=true
Simply Sicc,https://github.com/Leander-Antony/my-spotify/blob/main/artist_images/Simply%20Sicc.jpg?raw=true
Freddie Dredd,https://github.com/Leander-Antony/my-spotify/blob/main/artist_images/Freddie%20Dredd.jpg?raw=true
NateWantsToBattle,https://github.com/Leander-Antony/my-spotify/blob/main/artist_images/NateWantsToBattle.jpg?raw=true
Ritt Momney,https://github.com/Leander-Antony/my-spotify/blob/main/artist_images/Ritt%20Momney.jpg?raw=true
THE ANXIETY,https://github.com/Leander-Antony/my-spotify/blob/main/artist_images/THE%20ANXIETY.jpg?raw=true
Phil Collins,https://github.com/Leander-Antony/my-spotify/blob/main/artist_images/Phil%20Collins.jpg?raw=true
Niall Horan,https://github.com/Leander-Antony/my-spotify/blob/main/artist_images/Niall%20Horan.jpg?raw=true
Daniel Caesar,https://github.com/Leander-Antony/my-spotify/blob/main/artist_images/Daniel%20Caesar.jpg?raw=true
Jessie Murph,https://github.com/Leander-Antony/my-spotify/blob/main/artist_images/Jessie%20Murph.jpg?raw=true
Troye Sivan,https://github.com/Leander-Antony/my-spotify/blob/main/artist_images/Troye%20Sivan.jpg?raw=true
ASTN,https://github.com/Leander-Antony/my-spotify/blob/main/artist_images/ASTN.jpg?raw=true
The Lumineers,https://github.com/Leander-Antony/my-spotify/blob/main/artist_images/The%20Lumineers.jpg?raw=true
Mac Miller,https://github.com/Leander-Antony/my-spotify/blob/main/artist_images/Mac%20Miller.jpg?raw=true
Sam Fischer,https://github.com/Leander-Antony/my-spotify/blob/main/artist_images/Sam%20Fischer.jpg?raw=true
Anne-Marie,https://github.com/Leander-Antony/my-spotify/blob/main/artist_images/Anne-Marie.jpg?raw=true
Leyla Blue,https://github.com/Leander-Antony/my-spotify/blob/main/artist_images/Leyla%20Blue.jpg?raw=true
Wallows,https://github.com/Leander-Antony/my-spotify/blob/main/artist_images/Wallows.jpg?raw=true
MKTO,https://github.com/Leander-Antony/my-spotify/blob/main/artist_images/MKTO.jpg?raw=true
shy martin,https://github.com/Leander-Antony/my-spotify/blob/main/artist_images/shy%20martin.jpg?raw=true
AWIN,https://github.com/Leander-Antony/my-spotify/blob/main/artist_images/AWIN.jpg?raw=true
The Plot In You,https://github.com/Leander-Antony/my-spotify/blob/main/artist_images/The%20Plot%20In%20You.jpg?raw=true
Iyaz,https://github.com/Leander-Antony/my-spotify/blob/main/artist_images/Iyaz.jpg?raw=true
MAGIC!,https://github.com/Leander-Antony/my-spotify/blob/main/artist_images/MAGIC%21.jpg?raw=true
Mithoon,https://github.com/Leander-Antony/my-spotify/blob/main/artist_images/Mithoon.jpg?raw=true
Coolio,https://github.com/Leander-Antony/my-spotify/blob/main/artist_images/Coolio.jpg?raw=true
Kurt Hugo Schneider,https://github.com/Leander-Antony/my-spotify/blob/main/artist_images/Kurt%20Hugo%20Schneider.jpg?raw=true
Phoenix Jack,https://github.com/Leander-Antony/my-spotify/blob/main/artist_images/Phoenix%20Jack.jpg?raw=true
Arash Buana,https://github.com/Leander-Antony/my-spotify/blob/main/artist_images/Arash%20Buana.jpg?raw=true
Jason Derulo,https://github.com/Leander-Antony/my-spotify/blob/main/artist_images/Jason%20Derulo.jpg?raw=true
OneRepublic,https://github.com/Leander-Antony/my-spotify/blob/main/artist_images/OneRepublic.jpg?raw=true
Masked Wolf,https://github.com/Leander-Antony/my-spotify/blob/main/artist_images/Masked%20Wolf.jpg?raw=true
5 Seconds of Summer,https://github.com/Leander-Antony/my-spotify/blob/main/artist_images/5%20Seconds%20of%20Summer.jpg?raw=true
Internet Money,https://github.com/Leander-Antony/my-spotify/blob/main/artist_images/Internet%20Money.jpg?raw=true
LISA,https://github.com/Leander-Antony/my-spotify/blob/main/artist_images/LISA.jpg?raw=true
BTS,https://github.com/Leander-Antony/my-spotify/blob/main/artist_images/BTS.jpg?raw=true
Bebe Rexha,https://github.com/Leander-Antony/my-spotify/blob/main/artist_images/Bebe%20Rexha.jpg?raw=true
GAYLE,https://github.com/Leander-Antony/my-spotify/blob/main/artist_images/GAYLE.jpg?raw=true
Pop Smoke,https://github.com/Leander-Antony/my-spotify/blob/main/artist_images/Pop%20Smoke.jpg?raw=true
Clean Bandit,https://github.com/Leander-Antony/my-spotify/blob/main/artist_images/Clean%20Bandit.jpg?raw=true
Brent Morgan,https://github.com/Leander-Antony/my-spotify/blob/main/artist_images/Brent%20Morgan.jpg?raw=true
MarMar Oso,https://github.com/Leander-Antony/my-spotify/blob/main/artist_images/MarMar%20Oso.jpg?raw=true
Alessia Cara,https://github.com/Leander-Antony/my-spotify/blob/main/artist_images/Alessia%20Cara.jpg?raw=true
Anuv Jain,https://github.com/Leander-Antony/my-spotify/blob/main/artist_images/Anuv%20Jain.jpg?raw=true
slō,https://github.com/Leander-Antony/my-spotify/blob/main/artist_images/sl%C5%8D.jpg?raw=true
Gotye,https://github.com/Leander-Antony/my-spotify/blob/main/artist_images/Gotye.jpg?raw=true
thelonelyboy,https://github.com/Leander-Antony/my-spotify/blob/main/artist_images/thelonelyboy.jpg?raw=true
Nathan Evans,https://github.com/Leander-Antony/my-spotify/blob/main/artist_images/Nathan%20Evans.jpg?raw=true
Chris Medina,https://github.com/Leander-Antony/my-spotify/blob/main/artist_images/Chris%20Medina.jpg?raw=true
Garrett Kato,https://github.com/Leander-Antony/my-spotify/blob/main/artist_images/Garrett%20Kato.jpg?raw=true
Emma Jensen,https://github.com/Leander-Antony/my-spotify/blob/main/artist_images/Emma%20Jensen.jpg?raw=true
Andra Day,https://github.com/Leander-Antony/my-spotify/blob/main/artist_images/Andra%20Day.jpg?raw=true
Will Post,https://github.com/Leander-Antony/my-spotify/blob/main/artist_images/Will%20Post.jpg?raw=true
Aman Sheriff,https://github.com/Leander-Antony/my-spotify/blob/main/artist_images/Aman%20Sheriff.jpg?raw=true
Wiktoria,https://github.com/Leander-Antony/my-spotify/blob/main/artist_images/Wiktoria.jpg?raw=true
Lana Del Rey,https://github.com/Leander-Antony/my-spotify/blob/main/artist_images/Lana%20Del%20Rey.jpg?raw=true
Diplo,https://github.com/Leander-Antony/my-spotify/blob/main/artist_images/Diplo.jpg?raw=true
Sofia Karlberg,https://github.com/Leander-Antony/my-spotify/blob/main/artist_images/Sofia%20Karlberg.jpg?raw=true
Cat Burns,https://github.com/Leander-Antony/my-spotify/blob/main/artist_images/Cat%20Burns.jpg?raw=true
Rothwell,https://github.com/Leander-Antony/my-spotify/blob/main/artist_images/Rothwell.jpg?raw=true
raissa anggiani,https://github.com/Leander-Antony/my-spotify/blob/main/artist_images/raissa%20anggiani.jpg?raw=true
joan,https://github.com/Leander-Antony/my-spotify/blob/main/artist_images/joan.jpg?raw=true
Passenger,https://github.com/Leander-Antony/my-spotify/blob/main/artist_images/Passenger.jpg?raw=true
Munn,https://github.com/Leander-Antony/my-spotify/blob/main/artist_images/Munn.jpg?raw=true
Emmanuel Franco,https://github.com/Leander-Antony/my-spotify/blob/main/artist_images/Emmanuel%20Franco.jpg?raw=true
WYLDE,https://github.com/Leander-Antony/my-spotify/blob/main/artist_images/WYLDE.jpg?raw=true
Matoma,https://github.com/Leander-Antony/my-spotify/blob/main/artist_images/Matoma.jpg?raw=true
Aquilo,https://github.com/Leander-Antony/my-spotify/blob/main/artist_images/Aquilo.jpg?raw=true
Mimi Webb,https://github.com/Leander-Antony/my-spotify/blob/main/artist_images/Mimi%20Webb.jpg?raw=true
Stefan Hjort,https://github.com/Leander-Antony/my-spotify/blob/main/artist_images/Stefan%20Hjort.jpg?raw=true
Hot Chelle Rae,https://github.com/Leander-Antony/my-spotify/blob/main/artist_images/Hot%20Chelle%20Rae.jpg?raw=true
Cyn,https://github.com/Leander-Antony/my-spotify/blob/main/artist_images/Cyn.jpg?raw=true
Sophie Simmons,https://github.com/Leander-Antony/my-spotify/blob/main/artist_images/Sophie%20Simmons.jpg?raw=true
AJ Wander,https://github.com/Leander-Antony/my-spotify/blob/main/artist_images/AJ%20Wander.jpg?raw=true
Will Gittens,https://github.com/Leander-Antony/my-spotify/blob/main/artist_images/Will%20Gittens.jpg?raw=true
Fudasca,https://github.com/Leander-Antony/my-spotify/blob/main/artist_images/Fudasca.jpg?raw=true
Nick Wilson,https://github.com/Leander-Antony/my-spotify/blob/main/artist_images/Nick%20Wilson.jpg?raw=true
Dan Berk,https://github.com/Leander-Antony/my-spotify/blob/main/artist_images/Dan%20Berk.jpg?raw=true
Landon Austin,https://github.com/Leander-Antony/my-spotify/blob/main/artist_images/Landon%20Austin.jpg?raw=true
Jagwar Twin,https://github.com/Leander-Antony/my-spotify/blob/main/artist_images/Jagwar%20Twin.jpg?raw=true
Of Gentlemen & Cowards,https://github.com/Leander-Antony/my-spotify/blob/main/artist_images/Of%20Gentlemen%20%26%20Cowards.jpg?raw=true
Maisie Peters,https://github.com/Leander-Antony/my-spotify/blob/main/artist_images/Maisie%20Peters.jpg?raw=true
Emily Weisband,https://github.com/Leander-Antony/my-spotify/blob/main/artist_images/Emily%20Weisband.jpg?raw=true
Tate Brusa,https://github.com/Leander-Antony/my-spotify/blob/main/artist_images/Tate%20Brusa.jpg?raw=true
A Great Big World,https://github.com/Leander-Antony/my-spotify/blob/main/artist_images/A%20Great%20Big%20World.jpg?raw=true
Amber Run,https://github.com/Leander-Antony/my-spotify/blob/main/artist_images/Amber%20Run.jpg?raw=true
Belle Mt.,https://github.com/Leander-Antony/my-spotify/blob/main/artist_images/Belle%20Mt..jpg?raw=true
mxmtoon,https://github.com/Leander-Antony/my-spotify/blob/main/artist_images/mxmtoon.jpg?raw=true
Willamette Stone,https://github.com/Leander-Antony/my-spotify/blob/main/artist_images/Willamette%20Stone.jpg?raw=true
BLÜ EYES,https://github.com/Leander-Antony/my-spotify/blob/main/artist_images/BL%C3%9C%20EYES.jpg?raw=true
Harris Jayaraj,https://github.com/Leander-Antony/my-spotify/blob/main/artist_images/Harris%20Jayaraj.jpg?raw=true
Kadhalviruz,https://github.com/Leander-Antony/my-spotify/blob/main/artist_images/Kadhalviruz.jpg?raw=true
Hariharan,https://github.com/Leander-Antony/my-spotify/blob/main/artist_images/Hariharan.jpg?raw=true
Mitchel Dae,https://github.com/Leander-Antony/my-spotify/blob/main/artist_images/Mitchel%20Dae.jpg?raw=true
Sara Skinner,https://github.com/Leander-Antony/my-spotify/blob/main/artist_images/Sara%20Skinner.jpg?raw=true
Clarx,https://github.com/Leander-Antony/my-spotify/blob/main/artist_images/Clarx.jpg?raw=true
Adam Jensen,https://github.com/Leander-Antony/my-spotify/blob/main/artist_images/Adam%20Jensen.jpg?raw=true
Swif7,https://github.com/Leander-Antony/my-spotify/blob/main/artist_images/Swif7.jpg?raw=true
HDBeenDope,https://github.com/Leander-Antony/my-spotify/blob/main/artist_images/HDBeenDope.jpg?raw=true
TheFatRat,https://github.com/Leander-Antony/my-spotify/blob/main/artist_images/TheFatRat.jpg?raw=true
Arrested Youth,https://github.com/Leander-Antony/my-spotify/blob/main/artist_images/Arrested%20Youth.jpg?raw=true
Unlike Pluto,https://github.com/Leander-Antony/my-spotify/blob/main/artist_images/Unlike%20Pluto.jpg?raw=true
Nbhd Nick,https://github.com/Leander-Antony/my-spotify/blob/main/artist_images/Nbhd%20Nick.jpg?raw=true
CADMIUM,https://github.com/Leander-Antony/my-spotify/blob/main/artist_images/CADMIUM.jpg?raw=true
Stellar,https://github.com/Leander-Antony/my-spotify/blob/main/artist_images/Stellar.jpg?raw=true
J Swey,https://github.com/Leander-Antony/my-spotify/blob/main/artist_images/J%20Swey.jpg?raw=true
Jeris Johnson,https://github.com/Leander-Antony/my-spotify/blob/main/artist_images/Jeris%20Johnson.jpg?raw=true
Oh The Larceny,https://github.com/Leander-Antony/my-spotify/blob/main/artist_images/Oh%20The%20Larceny.jpg?raw=true
Confetti,https://github.com/Leander-Antony/my-spotify/blob/main/artist_images/Confetti.jpg?raw=true
Sickick,https://github.com/Leander-Antony/my-spotify/blob/main/artist_images/Sickick.jpg?raw=true
LaLion,https://github.com/Leander-Antony/my-spotify/blob/main/artist_images/LaLion.jpg?raw=true
Abstract,https://github.com/Leander-Antony/my-spotify/blob/main/artist_images/Abstract.jpg?raw=true
The EverLove,https://github.com/Leander-Antony/my-spotify/blob/main/artist_images/The%20EverLove.jpg?raw=true
Nightcore,https://github.com/Leander-Antony/my-spotify/blob/main/artist_images/Nightcore.jpg?raw=true
ESV Eastside Villainz,https://github.com/Leander-Antony/my-spotify/blob/main/artist_images/ESV%20Eastside%20Villainz.jpg?raw=true
Vicetone,https://github.com/Leander-Antony/my-spotify/blob/main/artist_images/Vicetone.jpg?raw=true
Joznez,https://github.com/Leander-Antony/my-spotify/blob/main/artist_images/Joznez.jpg?raw=true
Dylan Sitts,https://github.com/Leander-Antony/my-spotify/blob/main/artist_images/Dylan%20Sitts.jpg?raw=true
WAR*HALL,https://github.com/Leander-Antony/my-spotify/blob/main/artist_images/WAR%2AHALL.jpg?raw=true
Pusha T,https://github.com/Leander-Antony/my-spotify/blob/main/artist_images/Pusha%20T.jpg?raw=true
Ashes Remain,https://github.com/Leander-Antony/my-spotify/blob/main/artist_images/Ashes%20Remain.jpg?raw=true
I Am King,https://github.com/Leander-Antony/my-spotify/blob/main/artist_images/I%20Am%20King.jpg?raw=true
SpaceMan Zack,https://github.com/Leander-Antony/my-spotify/blob/main/artist_images/SpaceMan%20Zack.jpg?raw=true
Rae Sremmurd,https://github.com/Leander-Antony/my-spotify/blob/main/artist_images/Rae%20Sremmurd.jpg?raw=true
Skillet,https://github.com/Leander-Antony/my-spotify/blob/main/artist_images/Skillet.jpg?raw=true
Sleeping Wolf,https://github.com/Leander-Antony/my-spotify/blob/main/artist_images/Sleeping%20Wolf.jpg?raw=true
Self Deception,https://github.com/Leander-Antony/my-spotify/blob/main/artist_images/Self%20Deception.jpg?raw=true
FRANK ZUMMO,https://github.com/Leander-Antony/my-spotify/blob/main/artist_images/FRANK%20ZUMMO.jpg?raw=true
Saint Chaos,https://github.com/Leander-Antony/my-spotify/blob/main/artist_images/Saint%20Chaos.jpg?raw=true
Sam Tinnesz,https://github.com/Leander-Antony/my-spotify/blob/main/artist_images/Sam%20Tinnesz.jpg?raw=true
The Tech Thieves,https://github.com/Leander-Antony/my-spotify/blob/main/artist_images/The%20Tech%20Thieves.jpg?raw=true
City Wolf,https://github.com/Leander-Antony/my-spotify/blob/main/artist_images/City%20Wolf.jpg?raw=true
Besomorph,https://github.com/Leander-Antony/my-spotify/blob/main/artist_images/Besomorph.jpg?raw=true
J-Wright,https://github.com/Leander-Antony/my-spotify/blob/main/artist_images/J-Wright.jpg?raw=true
Lil Revive,https://github.com/Leander-Antony/my-spotify/blob/main/artist_images/Lil%20Revive.jpg?raw=true
Thousand Foot Krutch,https://github.com/Leander-Antony/my-spotify/blob/main/artist_images/Thousand%20Foot%20Krutch.jpg?raw=true
Prismo,https://github.com/Leander-Antony/my-spotify/blob/main/artist_images/Prismo.jpg?raw=true
M4SONIC,https://github.com/Leander-Antony/my-spotify/blob/main/artist_images/M4SONIC.jpg?raw=true
Anonymuz,https://github.com/Leander-Antony/my-spotify/blob/main/artist_images/Anonymuz.jpg?raw=true
graves,https://github.com/Leander-Antony/my-spotify/blob/main/artist_images/graves.jpg?raw=true
B.o.B,https://github.com/Leander-Antony/my-spotify/blob/main/artist_images/B.o.B.jpg?raw=true
BONES UK,https://github.com/Leander-Antony/my-spotify/blob/main/artist_images/BONES%20UK.jpg?raw=true
Arcane,https://github.com/Leander-Antony/my-spotify/blob/main/artist_images/Arcane.jpg?raw=true
2WEI,https://github.com/Leander-Antony/my-spotify/blob/main/artist_images/2WEI.jpg?raw=true
Bea Miller,https://github.com/Leander-Antony/my-spotify/blob/main/artist_images/Bea%20Miller.jpg?raw=true
Denzel Curry,https://github.com/Leander-Antony/my-spotify/blob/main/artist_images/Denzel%20Curry.jpg?raw=true
True Damage,https://github.com/Leander-Antony/my-spotify/blob/main/artist_images/True%20Damage.jpg?raw=true
K/DA,https://github.com/Leander-Antony/my-spotify/blob/main/artist_images/K/DA.jpg?raw=true
MIYAVI,https://github.com/Leander-Antony/my-spotify/blob/main/artist_images/MIYAVI.jpg?raw=true
Ramsey,https://github.com/Leander-Antony/my-spotify/blob/main/artist_images/Ramsey.jpg?raw=true
Porter Robinson,https://github.com/Leander-Antony/my-spotify/blob/main/artist_images/Porter%20Robinson.jpg?raw=true
Outskrts,https://github.com/Leander-Antony/my-spotify/blob/main/artist_images/Outskrts.jpg?raw=true
Stileto,https://github.com/Leander-Antony/my-spotify/blob/main/artist_images/Stileto.jpg?raw=true
Cjbeards,https://github.com/Leander-Antony/my-spotify/blob/main/artist_images/Cjbeards.jpg?raw=true
Unknown Brain,https://github.com/Leander-Antony/my-spotify/blob/main/artist_images/Unknown%20Brain.jpg?raw=true
Damned Anthem,https://github.com/Leander-Antony/my-spotify/blob/main/artist_images/Damned%20Anthem.jpg?raw=true
AViVA,https://github.com/Leander-Antony/my-spotify/blob/main/artist_images/AViVA.jpg?raw=true
Fractal Dreamers,https://github.com/Leander-Antony/my-spotify/blob/main/artist_images/Fractal%20Dreamers.jpg?raw=true
JC Stewart,https://github.com/Leander-Antony/my-spotify/blob/main/artist_images/JC%20Stewart.jpg?raw=true
H.E.R.,https://github.com/Leander-Antony/my-spotify/blob/main/artist_images/H.E.R..jpg?raw=true
Julia Gargano,https://github.com/Leander-Antony/my-spotify/blob/main/artist_images/Julia%20Gargano.jpg?raw=true
Taigh Wade,https://github.com/Leander-Antony/my-spotify/blob/main/artist_images/Taigh%20Wade.jpg?raw=true
Highland Peak,https://github.com/Leander-Antony/my-spotify/blob/main/artist_images/Highland%20Peak.jpg?raw=true
Vwillz,https://github.com/Leander-Antony/my-spotify/blob/main/artist_images/Vwillz.jpg?raw=true
Tyler Ward,https://github.com/Leander-Antony/my-spotify/blob/main/artist_images/Tyler%20Ward.jpg?raw=true
Blsng,https://github.com/Leander-Antony/my-spotify/blob/main/artist_images/Blsng.jpg?raw=true
Francisco Martin,https://github.com/Leander-Antony/my-spotify/blob/main/artist_images/Francisco%20Martin.jpg?raw=true
The Fray,https://github.com/Leander-Antony/my-spotify/blob/main/artist_images/The%20Fray.jpg?raw=true
Michele Morrone,https://github.com/Leander-Antony/my-spotify/blob/main/artist_images/Michele%20Morrone.jpg?raw=true
Natalie Taylor,https://github.com/Leander-Antony/my-spotify/blob/main/artist_images/Natalie%20Taylor.jpg?raw=true
Avril Lavigne,https://github.com/Leander-Antony/my-spotify/blob/main/artist_images/Avril%20Lavigne.jpg?raw=true
Rascal Flatts,https://github.com/Leander-Antony/my-spotify/blob/main/artist_images/Rascal%20Flatts.jpg?raw=true
Michael Learns To Rock,https://github.com/Leander-Antony/my-spotify/blob/main/artist_images/Michael%20Learns%20To%20Rock.jpg?raw=true
Maria Mena,https://github.com/Leander-Antony/my-spotify/blob/main/artist_images/Maria%20Mena.jpg?raw=true
Nina Nesbitt,https://github.com/Leander-Antony/my-spotify/blob/main/artist_images/Nina%20Nesbitt.jpg?raw=true
Akon,https://github.com/Leander-Antony/my-spotify/blob/main/artist_images/Akon.jpg?raw=true
Rosa Linn,https://github.com/Leander-Antony/my-spotify/blob/main/artist_images/Rosa%20Linn.jpg?raw=true
scavzen,https://github.com/Leander-Antony/my-spotify/blob/main/artist_images/scavzen.jpg?raw=true
Promoting Sounds,https://github.com/Leander-Antony/my-spotify/blob/main/artist_images/Promoting%20Sounds.jpg?raw=true
Connor Kauffman,https://github.com/Leander-Antony/my-spotify/blob/main/artist_images/Connor%20Kauffman.jpg?raw=true
Connor Price,https://github.com/Leander-Antony/my-spotify/blob/main/artist_images/Connor%20Price.jpg?raw=true
Phix,https://github.com/Leander-Antony/my-spotify/blob/main/artist_images/Phix.jpg?raw=true
Kevin Flum,https://github.com/Leander-Antony/my-spotify/blob/main/artist_images/Kevin%20Flum.jpg?raw=true
Vin Jay,https://github.com/Leander-Antony/my-spotify/blob/main/artist_images/Vin%20Jay.jpg?raw=true
Christian Leave,https://github.com/Leander-Antony/my-spotify/blob/main/artist_images/Christian%20Leave.jpg?raw=true
KSI,https://github.com/Leander-Antony/my-spotify/blob/main/artist_images/KSI.jpg?raw=true
Zedd,https://github.com/Leander-Antony/my-spotify/blob/main/artist_images/Zedd.jpg?raw=true
TK from Ling tosite sigure,https://github.com/Leander-Antony/my-spotify/blob/main/artist_images/TK%20from%20Ling%20tosite%20sigure.jpg?raw=true
Alka Yagnik,https://github.com/Leander-Antony/my-spotify/blob/main/artist_images/Alka%20Yagnik.jpg?raw=true
why mona,https://github.com/Leander-Antony/my-spotify/blob/main/artist_images/why%20mona.jpg?raw=true
Easy Mccoy,https://github.com/Leander-Antony/my-spotify/blob/main/artist_images/Easy%20Mccoy.jpg?raw=true
Zayde Wølf,https://github.com/Leander-Antony/my-spotify/blob/main/artist_images/Zayde%20W%C3%B8lf.jpg?raw=true
Rival,https://github.com/Leander-Antony/my-spotify/blob/main/artist_images/Rival.jpg?raw=true
Curtis Harding,https://github.com/Leander-Antony/my-spotify/blob/main/artist_images/Curtis%20Harding.jpg?raw=true
Midi Monstaz,https://github.com/Leander-Antony/my-spotify/blob/main/artist_images/Midi%20Monstaz.jpg?raw=true
Nick Bonin,https://github.com/Leander-Antony/my-spotify/blob/main/artist_images/Nick%20Bonin.jpg?raw=true
raspy,https://github.com/Leander-Antony/my-spotify/blob/main/artist_images/raspy.jpg?raw=true
PLVTINUM,https://github.com/Leander-Antony/my-spotify/blob/main/artist_images/PLVTINUM.jpg?raw=true
Birdy,https://github.com/Leander-Antony/my-spotify/blob/main/artist_images/Birdy.jpg?raw=true
Camila Cabello,https://github.com/Leander-Antony/my-spotify/blob/main/artist_images/Camila%20Cabello.jpg?raw=true
Elina,https://github.com/Leander-Antony/my-spotify/blob/main/artist_images/Elina.jpg?raw=true
Siobhan Sainte,https://github.com/Leander-Antony/my-spotify/blob/main/artist_images/Siobhan%20Sainte.jpg?raw=true
Elley Duhé,https://github.com/Leander-Antony/my-spotify/blob/main/artist_images/Elley%20Duh%C3%A9.jpg?raw=true
Labrinth,https://github.com/Leander-Antony/my-spotify/blob/main/artist_images/Labrinth.jpg?raw=true
Boon,https://github.com/Leander-Antony/my-spotify/blob/main/artist_images/Boon.jpg?raw=true
Elijah Blond,https://github.com/Leander-Antony/my-spotify/blob/main/artist_images/Elijah%20Blond.jpg?raw=true
Oskar Cyms,https://github.com/Leander-Antony/my-spotify/blob/main/artist_images/Oskar%20Cyms.jpg?raw=true
R3YAN,https://github.com/Leander-Antony/my-spotify/blob/main/artist_images/R3YAN.jpg?raw=true
Elvis Drew,https://github.com/Leander-Antony/my-spotify/blob/main/artist_images/Elvis%20Drew.jpg?raw=true
Dawn & Prax,https://github.com/Leander-Antony/my-spotify/blob/main/artist_images/Dawn%20%26%20Prax.jpg?raw=true
Isabel LaRosa,https://github.com/Leander-Antony/my-spotify/blob/main/artist_images/Isabel%20LaRosa.jpg?raw=true
Nicholas Bonnin,https://github.com/Leander-Antony/my-spotify/blob/main/artist_images/Nicholas%20Bonnin.jpg?raw=true
Two Feet,https://github.com/Leander-Antony/my-spotify/blob/main/artist_images/Two%20Feet.jpg?raw=true
Nikki Idol,https://github.com/Leander-Antony/my-spotify/blob/main/artist_images/Nikki%20Idol.jpg?raw=true
Mickey Valen,https://github.com/Leander-Antony/my-spotify/blob/main/artist_images/Mickey%20Valen.jpg?raw=true
Omido,https://github.com/Leander-Antony/my-spotify/blob/main/artist_images/Omido.jpg?raw=true
Rosenfeld,https://github.com/Leander-Antony/my-spotify/blob/main/artist_images/Rosenfeld.jpg?raw=true
Ex Habit,https://github.com/Leander-Antony/my-spotify/blob/main/artist_images/Ex%20Habit.jpg?raw=true
Sani Knight,https://github.com/Leander-Antony/my-spotify/blob/main/artist_images/Sani%20Knight.jpg?raw=true
Layto,https://github.com/Leander-Antony/my-spotify/blob/main/artist_images/Layto.jpg?raw=true
Frizzy The Streetz,https://github.com/Leander-Antony/my-spotify/blob/main/artist_images/Frizzy%20The%20Streetz.jpg?raw=true
Hemi Moore,https://github.com/Leander-Antony/my-spotify/blob/main/artist_images/Hemi%20Moore.jpg?raw=true
S!d,https://github.com/Leander-Antony/my-spotify/blob/main/artist_images/S%21d.jpg?raw=true
Black Atlass,https://github.com/Leander-Antony/my-spotify/blob/main/artist_images/Black%20Atlass.jpg?raw=true
Yonexx,https://github.com/Leander-Antony/my-spotify/blob/main/artist_images/Yonexx.jpg?raw=true
Silent Child,https://github.com/Leander-Antony/my-spotify/blob/main/artist_images/Silent%20Child.jpg?raw=true
PatrickReza,https://github.com/Leander-Antony/my-spotify/blob/main/artist_images/PatrickReza.jpg?raw=true
Ericovich,https://github.com/Leander-Antony/my-spotify/blob/main/artist_images/Ericovich.jpg?raw=true
Emma Remelle,https://github.com/Leander-Antony/my-spotify/blob/main/artist_images/Emma%20Remelle.jpg?raw=true
Despotem,https://github.com/Leander-Antony/my-spotify/blob/main/artist_images/Despotem.jpg?raw=true
Darci,https://github.com/Leander-Antony/my-spotify/blob/main/artist_images/Darci.jpg?raw=true
BB Cooper,https://github.com/Leander-Antony/my-spotify/blob/main/artist_images/BB%20Cooper.jpg?raw=true
Ari Abdul,https://github.com/Leander-Antony/my-spotify/blob/main/artist_images/Ari%20Abdul.jpg?raw=true
Strybo,https://github.com/Leander-Antony/my-spotify/blob/main/artist_images/Strybo.jpg?raw=true
Airmow,https://github.com/Leander-Antony/my-spotify/blob/main/artist_images/Airmow.jpg?raw=true
Who's Calling,https://github.com/Leander-Antony/my-spotify/blob/main/artist_images/Who%27s%20Calling.jpg?raw=true
Henri Werner,https://github.com/Leander-Antony/my-spotify/blob/main/artist_images/Henri%20Werner.jpg?raw=true
EMO,https://github.com/Leander-Antony/my-spotify/blob/main/artist_images/EMO.jpg?raw=true
Say So City,https://github.com/Leander-Antony/my-spotify/blob/main/artist_images/Say%20So%20City.jpg?raw=true
Henry Verus,https://github.com/Leander-Antony/my-spotify/blob/main/artist_images/Henry%20Verus.jpg?raw=true
NoMBe,https://github.com/Leander-Antony/my-spotify/blob/main/artist_images/NoMBe.jpg?raw=true
Strange Alias,https://github.com/Leander-Antony/my-spotify/blob/main/artist_images/Strange%20Alias.jpg?raw=true
my!lane,https://github.com/Leander-Antony/my-spotify/blob/main/artist_images/my%21lane.jpg?raw=true
Jeremih,https://github.com/Leander-Antony/my-spotify/blob/main/artist_images/Jeremih.jpg?raw=true
The Neighbourhood,https://github.com/Leander-Antony/my-spotify/blob/main/artist_images/The%20Neighbourhood.jpg?raw=true
Suzanne Sheer,https://github.com/Leander-Antony/my-spotify/blob/main/artist_images/Suzanne%20Sheer.jpg?raw=true
Mareux,https://github.com/Leander-Antony/my-spotify/blob/main/artist_images/Mareux.jpg?raw=true
Lykke Li,https://github.com/Leander-Antony/my-spotify/blob/main/artist_images/Lykke%20Li.jpg?raw=true
Moontricks,https://github.com/Leander-Antony/my-spotify/blob/main/artist_images/Moontricks.jpg?raw=true
Moosa Saleem,https://github.com/Leander-Antony/my-spotify/blob/main/artist_images/Moosa%20Saleem.jpg?raw=true
EMMX,https://github.com/Leander-Antony/my-spotify/blob/main/artist_images/EMMX.jpg?raw=true
niteboi,https://github.com/Leander-Antony/my-spotify/blob/main/artist_images/niteboi.jpg?raw=true
Jhn McFly,https://github.com/Leander-Antony/my-spotify/blob/main/artist_images/Jhn%20McFly.jpg?raw=true
keshi,https://github.com/Leander-Antony/my-spotify/blob/main/artist_images/keshi.jpg?raw=true
Kehlani,https://github.com/Leander-Antony/my-spotify/blob/main/artist_images/Kehlani.jpg?raw=true
Christian French,https://github.com/Leander-Antony/my-spotify/blob/main/artist_images/Christian%20French.jpg?raw=true
Astrid S,https://github.com/Leander-Antony/my-spotify/blob/main/artist_images/Astrid%20S.jpg?raw=true
Jex,https://github.com/Leander-Antony/my-spotify/blob/main/artist_images/Jex.jpg?raw=true
sadeyes,https://github.com/Leander-Antony/my-spotify/blob/main/artist_images/sadeyes.jpg?raw=true
HELLSTRVCK,https://github.com/Leander-Antony/my-spotify/blob/main/artist_images/HELLSTRVCK.jpg?raw=true
The Medic,https://github.com/Leander-Antony/my-spotify/blob/main/artist_images/The%20Medic.jpg?raw=true
Eric Reprid,https://github.com/Leander-Antony/my-spotify/blob/main/artist_images/Eric%20Reprid.jpg?raw=true
Rubayne,https://github.com/Leander-Antony/my-spotify/blob/main/artist_images/Rubayne.jpg?raw=true
bear bear & friends,https://github.com/Leander-Antony/my-spotify/blob/main/artist_images/bear%20bear%20%26%20friends.jpg?raw=true
Beowülf,https://github.com/Leander-Antony/my-spotify/blob/main/artist_images/Beow%C3%BClf.jpg?raw=true
Sarah Meow,https://github.com/Leander-Antony/my-spotify/blob/main/artist_images/Sarah%20Meow.jpg?raw=true
Timmies,https://github.com/Leander-Antony/my-spotify/blob/main/artist_images/Timmies.jpg?raw=true
me7k,https://github.com/Leander-Antony/my-spotify/blob/main/artist_images/me7k.jpg?raw=true
Jadu Jadu,https://github.com/Leander-Antony/my-spotify/blob/main/artist_images/Jadu%20Jadu.jpg?raw=true
Peachy!,https://github.com/Leander-Antony/my-spotify/blob/main/artist_images/Peachy%21.jpg?raw=true
Chri$tian Gate$,https://github.com/Leander-Antony/my-spotify/blob/main/artist_images/Chri%24tian%20Gate%24.jpg?raw=true
Dybbukk,https://github.com/Leander-Antony/my-spotify/blob/main/artist_images/Dybbukk.jpg?raw=true
Shankar Mahadevan,https://github.com/Leander-Antony/my-spotify/blob/main/artist_images/Shankar%20Mahadevan.jpg?raw=true
Karthik,https://github.com/Leander-Antony/my-spotify/blob/main/artist_images/Karthik.jpg?raw=true
Harish Raghavendra,https://github.com/Leander-Antony/my-spotify/blob/main/artist_images/Harish%20Raghavendra.jpg?raw=true
Bombay Jayashri,https://github.com/Leander-Antony/my-spotify/blob/main/artist_images/Bombay%20Jayashri.jpg?raw=true
Unnikrishnan,https://github.com/Leander-Antony/my-spotify/blob/main/artist_images/Unnikrishnan.jpg?raw=true
Unni Menon,https://github.com/Leander-Antony/my-spotify/blob/main/artist_images/Unni%20Menon.jpg?raw=true
Mano,https://github.com/Leander-Antony/my-spotify/blob/main/artist_images/Mano.jpg?raw=true
S. P. Balasubrahmanyam,https://github.com/Leander-Antony/my-spotify/blob/main/artist_images/S.%20P.%20Balasubrahmanyam.jpg?raw=true
HARDSTYLE DEMON,https://github.com/Leander-Antony/my-spotify/blob/main/artist_images/HARDSTYLE%20DEMON.jpg?raw=true
State of Mine,https://github.com/Leander-Antony/my-spotify/blob/main/artist_images/State%20of%20Mine.jpg?raw=true
Cult To Follow,https://github.com/Leander-Antony/my-spotify/blob/main/artist_images/Cult%20To%20Follow.jpg?raw=true
Ghostemane,https://github.com/Leander-Antony/my-spotify/blob/main/artist_images/Ghostemane.jpg?raw=true
STARSET,https://github.com/Leander-Antony/my-spotify/blob/main/artist_images/STARSET.jpg?raw=true
I Prevail,https://github.com/Leander-Antony/my-spotify/blob/main/artist_images/I%20Prevail.jpg?raw=true
grandson,https://github.com/Leander-Antony/my-spotify/blob/main/artist_images/grandson.jpg?raw=true
DVRST,https://github.com/Leander-Antony/my-spotify/blob/main/artist_images/DVRST.jpg?raw=true
Thushani Pillai,https://github.com/Leander-Antony/my-spotify/blob/main/artist_images/Thushani%20Pillai.jpg?raw=true
D. Imman,https://github.com/Leander-Antony/my-spotify/blob/main/artist_images/D.%20Imman.jpg?raw=true
Dhibu Ninan Thomas,https://github.com/Leander-Antony/my-spotify/blob/main/artist_images/Dhibu%20Ninan%20Thomas.jpg?raw=true
Joshua Aaron,https://github.com/Leander-Antony/my-spotify/blob/main/artist_images/Joshua%20Aaron.jpg?raw=true
Sajeev,https://github.com/Leander-Antony/my-spotify/blob/main/artist_images/Sajeev.jpg?raw=true
Akhil Kalidasan,https://github.com/Leander-Antony/my-spotify/blob/main/artist_images/Akhil%20Kalidasan.jpg?raw=true
Sahi Siva,https://github.com/Leander-Antony/my-spotify/blob/main/artist_images/Sahi%20Siva.jpg?raw=true
Jake Banfield,https://github.com/Leander-Antony/my-spotify/blob/main/artist_images/Jake%20Banfield.jpg?raw=true
Chance Peña,https://github.com/Leander-Antony/my-spotify/blob/main/artist_images/Chance%20Pe%C3%B1a.jpg?raw=true
Matt Hansen,https://github.com/Leander-Antony/my-spotify/blob/main/artist_images/Matt%20Hansen.jpg?raw=true
Livingston,https://github.com/Leander-Antony/my-spotify/blob/main/artist_images/Livingston.jpg?raw=true
Haley Joelle,https://github.com/Leander-Antony/my-spotify/blob/main/artist_images/Haley%20Joelle.jpg?raw=true
Etham,https://github.com/Leander-Antony/my-spotify/blob/main/artist_images/Etham.jpg?raw=true
Abe Parker,https://github.com/Leander-Antony/my-spotify/blob/main/artist_images/Abe%20Parker.jpg?raw=true
elijah woods,https://github.com/Leander-Antony/my-spotify/blob/main/artist_images/elijah%20woods.jpg?raw=true
Michael Schulte,https://github.com/Leander-Antony/my-spotify/blob/main/artist_images/Michael%20Schulte.jpg?raw=true
Blake Rose,https://github.com/Leander-Antony/my-spotify/blob/main/artist_images/Blake%20Rose.jpg?raw=true
Neoni,https://github.com/Leander-Antony/my-spotify/blob/main/artist_images/Neoni.jpg?raw=true
payton,https://github.com/Leander-Antony/my-spotify/blob/main/artist_images/payton.jpg?raw=true
Divine Deluxe Hitz,https://github.com/Leander-Antony/my-spotify/blob/main/artist_images/Divine%20Deluxe%20Hitz.jpg?raw=true
UB40,https://github.com/Leander-Antony/my-spotify/blob/main/artist_images/UB40.jpg?raw=true
Jorja Smith,https://github.com/Leander-Antony/my-spotify/blob/main/artist_images/Jorja%20Smith.jpg?raw=true
Sadhana Sargam,https://github.com/Leander-Antony/my-spotify/blob/main/artist_images/Sadhana%20Sargam.jpg?raw=true
K. S. Chithra,https://github.com/Leander-Antony/my-spotify/blob/main/artist_images/K.%20S.%20Chithra.jpg?raw=true
Gopal Sharma,https://github.com/Leander-Antony/my-spotify/blob/main/artist_images/Gopal%20Sharma.jpg?raw=true
Vidyasagar,https://github.com/Leander-Antony/my-spotify/blob/main/artist_images/Vidyasagar.jpg?raw=true
Srinivas,https://github.com/Leander-Antony/my-spotify/blob/main/artist_images/Srinivas.jpg?raw=true
Sirpy,https://github.com/Leander-Antony/my-spotify/blob/main/artist_images/Sirpy.jpg?raw=true
Sangeetha Sajith,https://github.com/Leander-Antony/my-spotify/blob/main/artist_images/Sangeetha%20Sajith.jpg?raw=true
Asha Bhosle,https://github.com/Leander-Antony/my-spotify/blob/main/artist_images/Asha%20Bhosle.jpg?raw=true
PLAZA,https://github.com/Leander-Antony/my-spotify/blob/main/artist_images/PLAZA.jpg?raw=true
Enrique Iglesias,https://github.com/Leander-Antony/my-spotify/blob/main/artist_images/Enrique%20Iglesias.jpg?raw=true
Aaryan Shah,https://github.com/Leander-Antony/my-spotify/blob/main/artist_images/Aaryan%20Shah.jpg?raw=true
Eloy,https://github.com/Leander-Antony/my-spotify/blob/main/artist_images/Eloy.jpg?raw=true
Natalia Krakowiak,https://github.com/Leander-Antony/my-spotify/blob/main/artist_images/Natalia%20Krakowiak.jpg?raw=true
Ty Dolla $ign,https://github.com/Leander-Antony/my-spotify/blob/main/artist_images/Ty%20Dolla%20%24ign.jpg?raw=true
Kaphy,https://github.com/Leander-Antony/my-spotify/blob/main/artist_images/Kaphy.jpg?raw=true
Chase Atlantic,https://github.com/Leander-Antony/my-spotify/blob/main/artist_images/Chase%20Atlantic.jpg?raw=true
daddi,https://github.com/Leander-Antony/my-spotify/blob/main/artist_images/daddi.jpg?raw=true
Owl Zurth,https://github.com/Leander-Antony/my-spotify/blob/main/artist_images/Owl%20Zurth.jpg?raw=true
King Kavalier,https://github.com/Leander-Antony/my-spotify/blob/main/artist_images/King%20Kavalier.jpg?raw=true
Rendezvous At Two,https://github.com/Leander-Antony/my-spotify/blob/main/artist_images/Rendezvous%20At%20Two.jpg?raw=true
Level 8,https://github.com/Leander-Antony/my-spotify/blob/main/artist_images/Level%208.jpg?raw=true
Coleston Walters,https://github.com/Leander-Antony/my-spotify/blob/main/artist_images/Coleston%20Walters.jpg?raw=true
NotAVillain,https://github.com/Leander-Antony/my-spotify/blob/main/artist_images/NotAVillain.jpg?raw=true
Medusa,https://github.com/Leander-Antony/my-spotify/blob/main/artist_images/Medusa.jpg?raw=true
Thea Lissi,https://github.com/Leander-Antony/my-spotify/blob/main/artist_images/Thea%20Lissi.jpg?raw=true
Harley Reid,https://github.com/Leander-Antony/my-spotify/blob/main/artist_images/Harley%20Reid.jpg?raw=true
Whethan,https://github.com/Leander-Antony/my-spotify/blob/main/artist_images/Whethan.jpg?raw=true
Matilde G,https://github.com/Leander-Antony/my-spotify/blob/main/artist_images/Matilde%20G.jpg?raw=true
Jordyne,https://github.com/Leander-Antony/my-spotify/blob/main/artist_images/Jordyne.jpg?raw=true
Drxg The Kids,https://github.com/Leander-Antony/my-spotify/blob/main/artist_images/Drxg%20The%20Kids.jpg?raw=true
Natalie,https://github.com/Leander-Antony/my-spotify/blob/main/artist_images/Natalie.jpg?raw=true
SUNDERWORLD,https://github.com/Leander-Antony/my-spotify/blob/main/artist_images/SUNDERWORLD.jpg?raw=true
Taio Cruz,https://github.com/Leander-Antony/my-spotify/blob/main/artist_images/Taio%20Cruz.jpg?raw=true
Selena Gomez & The Scene,https://github.com/Leander-Antony/my-spotify/blob/main/artist_images/Selena%20Gomez%20%26%20The%20Scene.jpg?raw=true
Beyoncé,https://github.com/Leander-Antony/my-spotify/blob/main/artist_images/Beyonc%C3%A9.jpg?raw=true
Dido,https://github.com/Leander-Antony/my-spotify/blob/main/artist_images/Dido.jpg?raw=true
Westlife,https://github.com/Leander-Antony/my-spotify/blob/main/artist_images/Westlife.jpg?raw=true
Soulja Boy,https://github.com/Leander-Antony/my-spotify/blob/main/artist_images/Soulja%20Boy.jpg?raw=true
Pritam,https://github.com/Leander-Antony/my-spotify/blob/main/artist_images/Pritam.jpg?raw=true
Kelly Clarkson,https://github.com/Leander-Antony/my-spotify/blob/main/artist_images/Kelly%20Clarkson.jpg?raw=true
The Wanted,https://github.com/Leander-Antony/my-spotify/blob/main/artist_images/The%20Wanted.jpg?raw=true
Cascada,https://github.com/Leander-Antony/my-spotify/blob/main/artist_images/Cascada.jpg?raw=true
Travie McCoy,https://github.com/Leander-Antony/my-spotify/blob/main/artist_images/Travie%20McCoy.jpg?raw=true
Mike Posner,https://github.com/Leander-Antony/my-spotify/blob/main/artist_images/Mike%20Posner.jpg?raw=true
Flo Rida,https://github.com/Leander-Antony/my-spotify/blob/main/artist_images/Flo%20Rida.jpg?raw=true
Michael Bublé,https://github.com/Leander-Antony/my-spotify/blob/main/artist_images/Michael%20Bubl%C3%A9.jpg?raw=true
Jay Sean,https://github.com/Leander-Antony/my-spotify/blob/main/artist_images/Jay%20Sean.jpg?raw=true
Olly Murs,https://github.com/Leander-Antony/my-spotify/blob/main/artist_images/Olly%20Murs.jpg?raw=true
Krishh,https://github.com/Leander-Antony/my-spotify/blob/main/artist_images/Krishh.jpg?raw=true
skean,https://github.com/Leander-Antony/my-spotify/blob/main/artist_images/skean.jpg?raw=true
Ashe,https://github.com/Leander-Antony/my-spotify/blob/main/artist_images/Ashe.jpg?raw=true
t.A.T.u.,https://github.com/Leander-Antony/my-spotify/blob/main/artist_images/t.A.T.u..jpg?raw=true
JubyPhonic,https://github.com/Leander-Antony/my-spotify/blob/main/artist_images/JubyPhonic.jpg?raw=true
Tristan Palmer,https://github.com/Leander-Antony/my-spotify/blob/main/artist_images/Tristan%20Palmer.jpg?raw=true
Brielle Von Hugel,https://github.com/Leander-Antony/my-spotify/blob/main/artist_images/Brielle%20Von%20Hugel.jpg?raw=true
Anna Clendening,https://github.com/Leander-Antony/my-spotify/blob/main/artist_images/Anna%20Clendening.jpg?raw=true
Brasta,https://github.com/Leander-Antony/my-spotify/blob/main/artist_images/Brasta.jpg?raw=true
Nina Muud,https://github.com/Leander-Antony/my-spotify/blob/main/artist_images/Nina%20Muud.jpg?raw=true
Seth Bishop,https://github.com/Leander-Antony/my-spotify/blob/main/artist_images/Seth%20Bishop.jpg?raw=true
Alec Chambers,https://github.com/Leander-Antony/my-spotify/blob/main/artist_images/Alec%20Chambers.jpg?raw=true
Nic D,https://github.com/Leander-Antony/my-spotify/blob/main/artist_images/Nic%20D.jpg?raw=true
callmestevieray,https://github.com/Leander-Antony/my-spotify/blob/main/artist_images/callmestevieray.jpg?raw=true
Versvs,https://github.com/Leander-Antony/my-spotify/blob/main/artist_images/Versvs.jpg?raw=true
Siddharth,https://github.com/Leander-Antony/my-spotify/blob/main/artist_images/Siddharth.jpg?raw=true
Andrea Jeremiah,https://github.com/Leander-Antony/my-spotify/blob/main/artist_images/Andrea%20Jeremiah.jpg?raw=true
Vicanes Jay,https://github.com/Leander-Antony/my-spotify/blob/main/artist_images/Vicanes%20Jay.jpg?raw=true
Nirthayan,https://github.com/Leander-Antony/my-spotify/blob/main/artist_images/Nirthayan.jpg?raw=true
V R Vignesh,https://github.com/Leander-Antony/my-spotify/blob/main/artist_images/V%20R%20Vignesh.jpg?raw=true
"Pradeep Kumar,Dhee,Ananthu",https://github.com/Leander-Antony/my-spotify/blob/main/artist_images/Pradeep%20Kumar%2CDhee%2CAnanthu.jpg?raw=true
Rahul Rajeev,https://github.com/Leander-Antony/my-spotify/blob/main/artist_images/Rahul%20Rajeev.jpg?raw=true
Tajmeel Sherif,https://github.com/Leander-Antony/my-spotify/blob/main/artist_images/Tajmeel%20Sherif.jpg?raw=true
Govind Vasantha,https://github.com/Leander-Antony/my-spotify/blob/main/artist_images/Govind%20Vasantha.jpg?raw=true
Dhee,https://github.com/Leander-Antony/my-spotify/blob/main/artist_images/Dhee.jpg?raw=true
Rajramanan,https://github.com/Leander-Antony/my-spotify/blob/main/artist_images/Rajramanan.jpg?raw=true
Vijay Yesudas,https://github.com/Leander-Antony/my-spotify/blob/main/artist_images/Vijay%20Yesudas.jpg?raw=true
Sanjay,https://github.com/Leander-Antony/my-spotify/blob/main/artist_images/Sanjay.jpg?raw=true
Dhanush,https://github.com/Leander-Antony/my-spotify/blob/main/artist_images/Dhanush.jpg?raw=true
ADY KRIZ,https://github.com/Leander-Antony/my-spotify/blob/main/artist_images/ADY%20KRIZ.jpg?raw=true
SajeeMusic,https://github.com/Leander-Antony/my-spotify/blob/main/artist_images/SajeeMusic.jpg?raw=true
Sathyajit Ravi,https://github.com/Leander-Antony/my-spotify/blob/main/artist_images/Sathyajit%20Ravi.jpg?raw=true
Sudarshan Arumugam,https://github.com/Leander-Antony/my-spotify/blob/main/artist_images/Sudarshan%20Arumugam.jpg?raw=true
Santhosh Narayanan,https://github.com/Leander-Antony/my-spotify/blob/main/artist_images/Santhosh%20Narayanan.jpg?raw=true
Sharath (Mousike Freakzz),https://github.com/Leander-Antony/my-spotify/blob/main/artist_images/Sharath%20%28Mousike%20Freakzz%29.jpg?raw=true
Renuka Arun,https://github.com/Leander-Antony/my-spotify/blob/main/artist_images/Renuka%20Arun.jpg?raw=true
Palak Muchhal,https://github.com/Leander-Antony/my-spotify/blob/main/artist_images/Palak%20Muchhal.jpg?raw=true
Sabari Darshan,https://github.com/Leander-Antony/my-spotify/blob/main/artist_images/Sabari%20Darshan.jpg?raw=true
ShaSings,https://github.com/Leander-Antony/my-spotify/blob/main/artist_images/ShaSings.jpg?raw=true
Chanderan,https://github.com/Leander-Antony/my-spotify/blob/main/artist_images/Chanderan.jpg?raw=true
Ranina Reddy,https://github.com/Leander-Antony/my-spotify/blob/main/artist_images/Ranina%20Reddy.jpg?raw=true
Buggimaan,https://github.com/Leander-Antony/my-spotify/blob/main/artist_images/Buggimaan.jpg?raw=true
Adith Krishnan,https://github.com/Leander-Antony/my-spotify/blob/main/artist_images/Adith%20Krishnan.jpg?raw=true
Tanvi Shah,https://github.com/Leander-Antony/my-spotify/blob/main/artist_images/Tanvi%20Shah.jpg?raw=true
Saagar,https://github.com/Leander-Antony/my-spotify/blob/main/artist_images/Saagar.jpg?raw=true
Jake Coco,https://github.com/Leander-Antony/my-spotify/blob/main/artist_images/Jake%20Coco.jpg?raw=true
Dhanwanth Srihari,https://github.com/Leander-Antony/my-spotify/blob/main/artist_images/Dhanwanth%20Srihari.jpg?raw=true
Saumi Music,https://github.com/Leander-Antony/my-spotify/blob/main/artist_images/Saumi%20Music.jpg?raw=true
vaisagh,https://github.com/Leander-Antony/my-spotify/blob/main/artist_images/vaisagh.jpg?raw=true
Bala,https://github.com/Leander-Antony/my-spotify/blob/main/artist_images/Bala.jpg?raw=true
The Seige,https://github.com/Leander-Antony/my-spotify/blob/main/artist_images/The%20Seige.jpg?raw=true
Mario Judah,https://github.com/Leander-Antony/my-spotify/blob/main/artist_images/Mario%20Judah.jpg?raw=true
Tom Odell,https://github.com/Leander-Antony/my-spotify/blob/main/artist_images/Tom%20Odell.jpg?raw=true
Young Dolph,https://github.com/Leander-Antony/my-spotify/blob/main/artist_images/Young%20Dolph.jpg?raw=true
Nelly,https://github.com/Leander-Antony/my-spotify/blob/main/artist_images/Nelly.jpg?raw=true
French Montana,https://github.com/Leander-Antony/my-spotify/blob/main/artist_images/French%20Montana.jpg?raw=true
Tesher,https://github.com/Leander-Antony/my-spotify/blob/main/artist_images/Tesher.jpg?raw=true
Achint,https://github.com/Leander-Antony/my-spotify/blob/main/artist_images/Achint.jpg?raw=true
Willy William,https://github.com/Leander-Antony/my-spotify/blob/main/artist_images/Willy%20William.jpg?raw=true
Julio Navas,https://github.com/Leander-Antony/my-spotify/blob/main/artist_images/Julio%20Navas.jpg?raw=true
Ilkay Sencan,https://github.com/Leander-Antony/my-spotify/blob/main/artist_images/Ilkay%20Sencan.jpg?raw=true
INTERWORLD,https://github.com/Leander-Antony/my-spotify/blob/main/artist_images/INTERWORLD.jpg?raw=true
Tevvez,https://github.com/Leander-Antony/my-spotify/blob/main/artist_images/Tevvez.jpg?raw=true
Mqx,https://github.com/Leander-Antony/my-spotify/blob/main/artist_images/Mqx.jpg?raw=true
Yosuf,https://github.com/Leander-Antony/my-spotify/blob/main/artist_images/Yosuf.jpg?raw=true
Linius,https://github.com/Leander-Antony/my-spotify/blob/main/artist_images/Linius.jpg?raw=true
Roddy Ricch,https://github.com/Leander-Antony/my-spotify/blob/main/artist_images/Roddy%20Ricch.jpg?raw=true
N'gaous,https://github.com/Leander-Antony/my-spotify/blob/main/artist_images/N%27gaous.jpg?raw=true
Future,https://github.com/Leander-Antony/my-spotify/blob/main/artist_images/Future.jpg?raw=true
fam0uz,https://github.com/Leander-Antony/my-spotify/blob/main/artist_images/fam0uz.jpg?raw=true
OBLXKQ,https://github.com/Leander-Antony/my-spotify/blob/main/artist_images/OBLXKQ.jpg?raw=true
puremind,https://github.com/Leander-Antony/my-spotify/blob/main/artist_images/puremind.jpg?raw=true
Xantesha,https://github.com/Leander-Antony/my-spotify/blob/main/artist_images/Xantesha.jpg?raw=true
Elenius,https://github.com/Leander-Antony/my-spotify/blob/main/artist_images/Elenius.jpg?raw=true
Tomorrow,https://github.com/Leander-Antony/my-spotify/blob/main/artist_images/Tomorrow.jpg?raw=true
Falxce,https://github.com/Leander-Antony/my-spotify/blob/main/artist_images/Falxce.jpg?raw=true
Ka$tro,https://github.com/Leander-Antony/my-spotify/blob/main/artist_images/Ka%24tro.jpg?raw=true
Xopowo,https://github.com/Leander-Antony/my-spotify/blob/main/artist_images/Xopowo.jpg?raw=true
HARDSTYLE CVNT,https://github.com/Leander-Antony/my-spotify/blob/main/artist_images/HARDSTYLE%20CVNT.jpg?raw=true
Megami,https://github.com/Leander-Antony/my-spotify/blob/main/artist_images/Megami.jpg?raw=true
Dybbukk Covers,https://github.com/Leander-Antony/my-spotify/blob/main/artist_images/Dybbukk%20Covers.jpg?raw=true
Martin Bravi,https://github.com/Leander-Antony/my-spotify/blob/main/artist_images/Martin%20Bravi.jpg?raw=true
Scizor,https://github.com/Leander-Antony/my-spotify/blob/main/artist_images/Scizor.jpg?raw=true
YungLex,https://github.com/Leander-Antony/my-spotify/blob/main/artist_images/YungLex.jpg?raw=true
CHANYEOL,https://github.com/Leander-Antony/my-spotify/blob/main/artist_images/CHANYEOL.jpg?raw=true
Miki Matsubara,https://github.com/Leander-Antony/my-spotify/blob/main/artist_images/Miki%20Matsubara.jpg?raw=true
Witcheri,https://github.com/Leander-Antony/my-spotify/blob/main/artist_images/Witcheri.jpg?raw=true
PXSEIDON,https://github.com/Leander-Antony/my-spotify/blob/main/artist_images/PXSEIDON.jpg?raw=true
Øneheart,https://github.com/Leander-Antony/my-spotify/blob/main/artist_images/%C3%98neheart.jpg?raw=true
SCXR SOUL,https://github.com/Leander-Antony/my-spotify/blob/main/artist_images/SCXR%20SOUL.jpg?raw=true
Peyton Cardoza,https://github.com/Leander-Antony/my-spotify/blob/main/artist_images/Peyton%20Cardoza.jpg?raw=true
George Strait,https://github.com/Leander-Antony/my-spotify/blob/main/artist_images/George%20Strait.jpg?raw=true
David Morris,https://github.com/Leander-Antony/my-spotify/blob/main/artist_images/David%20Morris.jpg?raw=true
Dylan Matthew,https://github.com/Leander-Antony/my-spotify/blob/main/artist_images/Dylan%20Matthew.jpg?raw=true
Gabriella Whited,https://github.com/Leander-Antony/my-spotify/blob/main/artist_images/Gabriella%20Whited.jpg?raw=true
Frawley,https://github.com/Leander-Antony/my-spotify/blob/main/artist_images/Frawley.jpg?raw=true
Jax,https://github.com/Leander-Antony/my-spotify/blob/main/artist_images/Jax.jpg?raw=true
Fyex,https://github.com/Leander-Antony/my-spotify/blob/main/artist_images/Fyex.jpg?raw=true
What The Phonk,https://github.com/Leander-Antony/my-spotify/blob/main/artist_images/What%20The%20Phonk.jpg?raw=true
NORTMIRAGE,https://github.com/Leander-Antony/my-spotify/blob/main/artist_images/NORTMIRAGE.jpg?raw=true
2Hounds,https://github.com/Leander-Antony/my-spotify/blob/main/artist_images/2Hounds.jpg?raw=true
MoonDeity,https://github.com/Leander-Antony/my-spotify/blob/main/artist_images/MoonDeity.jpg?raw=true
RXCH PLAYA,https://github.com/Leander-Antony/my-spotify/blob/main/artist_images/RXCH%20PLAYA.jpg?raw=true
blueberry,https://github.com/Leander-Antony/my-spotify/blob/main/artist_images/blueberry.jpg?raw=true
Kordhell,https://github.com/Leander-Antony/my-spotify/blob/main/artist_images/Kordhell.jpg?raw=true
MVDNES,https://github.com/Leander-Antony/my-spotify/blob/main/artist_images/MVDNES.jpg?raw=true
HIDEOUS MORBID,https://github.com/Leander-Antony/my-spotify/blob/main/artist_images/HIDEOUS%20MORBID.jpg?raw=true
Phonk Killer,https://github.com/Leander-Antony/my-spotify/blob/main/artist_images/Phonk%20Killer.jpg?raw=true
dnvn,https://github.com/Leander-Antony/my-spotify/blob/main/artist_images/dnvn.jpg?raw=true
Vinsmoker,https://github.com/Leander-Antony/my-spotify/blob/main/artist_images/Vinsmoker.jpg?raw=true
Low Detail,https://github.com/Leander-Antony/my-spotify/blob/main/artist_images/Low%20Detail.jpg?raw=true
Hensonn,https://github.com/Leander-Antony/my-spotify/blob/main/artist_images/Hensonn.jpg?raw=true
SHADXWBXRN,https://github.com/Leander-Antony/my-spotify/blob/main/artist_images/SHADXWBXRN.jpg?raw=true
Habentub,https://github.com/Leander-Antony/my-spotify/blob/main/artist_images/Habentub.jpg?raw=true
MC ORSEN,https://github.com/Leander-Antony/my-spotify/blob/main/artist_images/MC%20ORSEN.jpg?raw=true
MUPP,https://github.com/Leander-Antony/my-spotify/blob/main/artist_images/MUPP.jpg?raw=true
Xaron,https://github.com/Leander-Antony/my-spotify/blob/main/artist_images/Xaron.jpg?raw=true
VTORNIK,https://github.com/Leander-Antony/my-spotify/blob/main/artist_images/VTORNIK.jpg?raw=true
Daft Culture,https://github.com/Leander-Antony/my-spotify/blob/main/artist_images/Daft%20Culture.jpg?raw=true
Phonkha,https://github.com/Leander-Antony/my-spotify/blob/main/artist_images/Phonkha.jpg?raw=true
KUTE,https://github.com/Leander-Antony/my-spotify/blob/main/artist_images/KUTE.jpg?raw=true
Ya$h,https://github.com/Leander-Antony/my-spotify/blob/main/artist_images/Ya%24h.jpg?raw=true
Cuke,https://github.com/Leander-Antony/my-spotify/blob/main/artist_images/Cuke.jpg?raw=true
Imanbek,https://github.com/Leander-Antony/my-spotify/blob/main/artist_images/Imanbek.jpg?raw=true
PLAYAMANE,https://github.com/Leander-Antony/my-spotify/blob/main/artist_images/PLAYAMANE.jpg?raw=true
Misfit,https://github.com/Leander-Antony/my-spotify/blob/main/artist_images/Misfit.jpg?raw=true
GRAVECHILL,https://github.com/Leander-Antony/my-spotify/blob/main/artist_images/GRAVECHILL.jpg?raw=true
LXRY PXNK,https://github.com/Leander-Antony/my-spotify/blob/main/artist_images/LXRY%20PXNK.jpg?raw=true
Dxrk ダーク,https://github.com/Leander-Antony/my-spotify/blob/main/artist_images/Dxrk%20%E3%83%80%E3%83%BC%E3%82%AF.jpg?raw=true
MAGICPHONK,https://github.com/Leander-Antony/my-spotify/blob/main/artist_images/MAGICPHONK.jpg?raw=true
KSLV Noh,https://github.com/Leander-Antony/my-spotify/blob/main/artist_images/KSLV%20Noh.jpg?raw=true
CYREX,https://github.com/Leander-Antony/my-spotify/blob/main/artist_images/CYREX.jpg?raw=true
IGARASHI KANTA,https://github.com/Leander-Antony/my-spotify/blob/main/artist_images/IGARASHI%20KANTA.jpg?raw=true
Kaito Shoma,https://github.com/Leander-Antony/my-spotify/blob/main/artist_images/Kaito%20Shoma.jpg?raw=true
KICKSTXP,https://github.com/Leander-Antony/my-spotify/blob/main/artist_images/KICKSTXP.jpg?raw=true
DAZI,https://github.com/Leander-Antony/my-spotify/blob/main/artist_images/DAZI.jpg?raw=true
ANTOSHKA,https://github.com/Leander-Antony/my-spotify/blob/main/artist_images/ANTOSHKA.jpg?raw=true
Pharmacist,https://github.com/Leander-Antony/my-spotify/blob/main/artist_images/Pharmacist.jpg?raw=true
Nikitata,https://github.com/Leander-Antony/my-spotify/blob/main/artist_images/Nikitata.jpg?raw=true
VISXGE,https://github.com/Leander-Antony/my-spotify/blob/main/artist_images/VISXGE.jpg?raw=true
g3ox_em,https://github.com/Leander-Antony/my-spotify/blob/main/artist_images/g3ox_em.jpg?raw=true
UMBASA,https://github.com/Leander-Antony/my-spotify/blob/main/artist_images/UMBASA.jpg?raw=true
4WHEEL,https://github.com/Leander-Antony/my-spotify/blob/main/artist_images/4WHEEL.jpg?raw=true
Brvski,https://github.com/Leander-Antony/my-spotify/blob/main/artist_images/Brvski.jpg?raw=true
ONIMXRU,https://github.com/Leander-Antony/my-spotify/blob/main/artist_images/ONIMXRU.jpg?raw=true
FindMyName,https://github.com/Leander-Antony/my-spotify/blob/main/artist_images/FindMyName.jpg?raw=true
PHONKGOD,https://github.com/Leander-Antony/my-spotify/blob/main/artist_images/PHONKGOD.jpg?raw=true
Ghostface Playa,https://github.com/Leander-Antony/my-spotify/blob/main/artist_images/Ghostface%20Playa.jpg?raw=true
Hikki Gaya,https://github.com/Leander-Antony/my-spotify/blob/main/artist_images/Hikki%20Gaya.jpg?raw=true
PlayaPhonk,https://github.com/Leander-Antony/my-spotify/blob/main/artist_images/PlayaPhonk.jpg?raw=true
yatashigang,https://github.com/Leander-Antony/my-spotify/blob/main/artist_images/yatashigang.jpg?raw=true
PRXSXNT FXTURE,https://github.com/Leander-Antony/my-spotify/blob/main/artist_images/PRXSXNT%20FXTURE.jpg?raw=true
PHARAØH,https://github.com/Leander-Antony/my-spotify/blob/main/artist_images/PHARA%C3%98H.jpg?raw=true
WEEDMANE,https://github.com/Leander-Antony/my-spotify/blob/main/artist_images/WEEDMANE.jpg?raw=true
n$vd,https://github.com/Leander-Antony/my-spotify/blob/main/artist_images/n%24vd.jpg?raw=true
Hott Headzz,https://github.com/Leander-Antony/my-spotify/blob/main/artist_images/Hott%20Headzz.jpg?raw=true
Nguyễn Trọng Tài,https://github.com/Leander-Antony/my-spotify/blob/main/artist_images/Nguy%E1%BB%85n%20Tr%E1%BB%8Dng%20T%C3%A0i.jpg?raw=true
Snoblack,https://github.com/Leander-Antony/my-spotify/blob/main/artist_images/Snoblack.jpg?raw=true
0to8,https://github.com/Leander-Antony/my-spotify/blob/main/artist_images/0to8.jpg?raw=true
SAVAS,https://github.com/Leander-Antony/my-spotify/blob/main/artist_images/SAVAS.jpg?raw=true
Marin Hoxha,https://github.com/Leander-Antony/my-spotify/blob/main/artist_images/Marin%20Hoxha.jpg?raw=true
Massive Rühl,https://github.com/Leander-Antony/my-spotify/blob/main/artist_images/Massive%20R%C3%BChl.jpg?raw=true
SICK LEGEND,https://github.com/Leander-Antony/my-spotify/blob/main/artist_images/SICK%20LEGEND.jpg?raw=true
Mofix,https://github.com/Leander-Antony/my-spotify/blob/main/artist_images/Mofix.jpg?raw=true
AniLifts,https://github.com/Leander-Antony/my-spotify/blob/main/artist_images/AniLifts.jpg?raw=true
TBT Prod.,https://github.com/Leander-Antony/my-spotify/blob/main/artist_images/TBT%20Prod..jpg?raw=true
Bobash,https://github.com/Leander-Antony/my-spotify/blob/main/artist_images/Bobash.jpg?raw=true
Revived,https://github.com/Leander-Antony/my-spotify/blob/main/artist_images/Revived.jpg?raw=true
ANIZYZ,https://github.com/Leander-Antony/my-spotify/blob/main/artist_images/ANIZYZ.jpg?raw=true
unsterblich,https://github.com/Leander-Antony/my-spotify/blob/main/artist_images/unsterblich.jpg?raw=true
VyOk,https://github.com/Leander-Antony/my-spotify/blob/main/artist_images/VyOk.jpg?raw=true
ANDONIS,https://github.com/Leander-Antony/my-spotify/blob/main/artist_images/ANDONIS.jpg?raw=true
Samyu Mohan,https://github.com/Leander-Antony/my-spotify/blob/main/artist_images/Samyu%20Mohan.jpg?raw=true
Nikkil Mathew,https://github.com/Leander-Antony/my-spotify/blob/main/artist_images/Nikkil%20Mathew.jpg?raw=true
Apashe,https://github.com/Leander-Antony/my-spotify/blob/main/artist_images/Apashe.jpg?raw=true
Lindsey Stirling,https://github.com/Leander-Antony/my-spotify/blob/main/artist_images/Lindsey%20Stirling.jpg?raw=true
STARKOV,https://github.com/Leander-Antony/my-spotify/blob/main/artist_images/STARKOV.jpg?raw=true
Eluzai,https://github.com/Leander-Antony/my-spotify/blob/main/artist_images/Eluzai.jpg?raw=true
DJ GLK,https://github.com/Leander-Antony/my-spotify/blob/main/artist_images/DJ%20GLK.jpg?raw=true
Merlin Babaji,https://github.com/Leander-Antony/my-spotify/blob/main/artist_images/Merlin%20Babaji.jpg?raw=true
Ambassador,https://github.com/Leander-Antony/my-spotify/blob/main/artist_images/Ambassador.jpg?raw=true
OG Ssike,https://github.com/Leander-Antony/my-spotify/blob/main/artist_images/OG%20Ssike.jpg?raw=true
SlowTune,https://github.com/Leander-Antony/my-spotify/blob/main/artist_images/SlowTune.jpg?raw=true
Musicality,https://github.com/Leander-Antony/my-spotify/blob/main/artist_images/Musicality.jpg?raw=true
Lil B,https://github.com/Leander-Antony/my-spotify/blob/main/artist_images/Lil%20B.jpg?raw=true
Elijah Gonzales,https://github.com/Leander-Antony/my-spotify/blob/main/artist_images/Elijah%20Gonzales.jpg?raw=true
Fearless Football Motivation,https://github.com/Leander-Antony/my-spotify/blob/main/artist_images/Fearless%20Football%20Motivation.jpg?raw=true
Alban Chela,https://github.com/Leander-Antony/my-spotify/blob/main/artist_images/Alban%20Chela.jpg?raw=true
Grioten,https://github.com/Leander-Antony/my-spotify/blob/main/artist_images/Grioten.jpg?raw=true
Kløn,https://github.com/Leander-Antony/my-spotify/blob/main/artist_images/Kl%C3%B8n.jpg?raw=true
Lucha,https://github.com/Leander-Antony/my-spotify/blob/main/artist_images/Lucha.jpg?raw=true
Atif Aslam,https://github.com/Leander-Antony/my-spotify/blob/main/artist_images/Atif%20Aslam.jpg?raw=true
Daler Mehndi,https://github.com/Leander-Antony/my-spotify/blob/main/artist_images/Daler%20Mehndi.jpg?raw=true
Imran Khan,https://github.com/Leander-Antony/my-spotify/blob/main/artist_images/Imran%20Khan.jpg?raw=true
Kailash Kher,https://github.com/Leander-Antony/my-spotify/blob/main/artist_images/Kailash%20Kher.jpg?raw=true
Vierra,https://github.com/Leander-Antony/my-spotify/blob/main/artist_images/Vierra.jpg?raw=true
varsain,https://github.com/Leander-Antony/my-spotify/blob/main/artist_images/varsain.jpg?raw=true
Last Child,https://github.com/Leander-Antony/my-spotify/blob/main/artist_images/Last%20Child.jpg?raw=true
Jatin-Lalit,https://github.com/Leander-Antony/my-spotify/blob/main/artist_images/Jatin-Lalit.jpg?raw=true
Hale,https://github.com/Leander-Antony/my-spotify/blob/main/artist_images/Hale.jpg?raw=true
Callalily,https://github.com/Leander-Antony/my-spotify/blob/main/artist_images/Callalily.jpg?raw=true
Kardinal Offishall,https://github.com/Leander-Antony/my-spotify/blob/main/artist_images/Kardinal%20Offishall.jpg?raw=true
Regina Spektor,https://github.com/Leander-Antony/my-spotify/blob/main/artist_images/Regina%20Spektor.jpg?raw=true
Jason Chan,https://github.com/Leander-Antony/my-spotify/blob/main/artist_images/Jason%20Chan.jpg?raw=true
Sergy el Som,https://github.com/Leander-Antony/my-spotify/blob/main/artist_images/Sergy%20el%20Som.jpg?raw=true
Kargo,https://github.com/Leander-Antony/my-spotify/blob/main/artist_images/Kargo.jpg?raw=true
Duman,https://github.com/Leander-Antony/my-spotify/blob/main/artist_images/Duman.jpg?raw=true
Glenn Fredly,https://github.com/Leander-Antony/my-spotify/blob/main/artist_images/Glenn%20Fredly.jpg?raw=true
Mohit Chauhan,https://github.com/Leander-Antony/my-spotify/blob/main/artist_images/Mohit%20Chauhan.jpg?raw=true
Exist,https://github.com/Leander-Antony/my-spotify/blob/main/artist_images/Exist.jpg?raw=true
Michael Wong,https://github.com/Leander-Antony/my-spotify/blob/main/artist_images/Michael%20Wong.jpg?raw=true
Ryan Celsius Sounds,https://github.com/Leander-Antony/my-spotify/blob/main/artist_images/Ryan%20Celsius%20Sounds.jpg?raw=true
Alvin & The Chipmunks,https://github.com/Leander-Antony/my-spotify/blob/main/artist_images/Alvin%20%26%20The%20Chipmunks.jpg?raw=true
Stephen Sanchez,https://github.com/Leander-Antony/my-spotify/blob/main/artist_images/Stephen%20Sanchez.jpg?raw=true
Daya,https://github.com/Leander-Antony/my-spotify/blob/main/artist_images/Daya.jpg?raw=true
Galantis,https://github.com/Leander-Antony/my-spotify/blob/main/artist_images/Galantis.jpg?raw=true
Martin Garrix,https://github.com/Leander-Antony/my-spotify/blob/main/artist_images/Martin%20Garrix.jpg?raw=true
Andy Mineo,https://github.com/Leander-Antony/my-spotify/blob/main/artist_images/Andy%20Mineo.jpg?raw=true
Jonathan Young,https://github.com/Leander-Antony/my-spotify/blob/main/artist_images/Jonathan%20Young.jpg?raw=true
Lui Uchiha,https://github.com/Leander-Antony/my-spotify/blob/main/artist_images/Lui%20Uchiha.jpg?raw=true
Callon B,https://github.com/Leander-Antony/my-spotify/blob/main/artist_images/Callon%20B.jpg?raw=true
Trevor patterson,https://github.com/Leander-Antony/my-spotify/blob/main/artist_images/Trevor%20patterson.jpg?raw=true
Ado,https://github.com/Leander-Antony/my-spotify/blob/main/artist_images/Ado.jpg?raw=true
Spicy Violin,https://github.com/Leander-Antony/my-spotify/blob/main/artist_images/Spicy%20Violin.jpg?raw=true
PelleK,https://github.com/Leander-Antony/my-spotify/blob/main/artist_images/PelleK.jpg?raw=true
Miura Jam BR,https://github.com/Leander-Antony/my-spotify/blob/main/artist_images/Miura%20Jam%20BR.jpg?raw=true
Rowan Drake,https://github.com/Leander-Antony/my-spotify/blob/main/artist_images/Rowan%20Drake.jpg?raw=true
lozeak,https://github.com/Leander-Antony/my-spotify/blob/main/artist_images/lozeak.jpg?raw=true
Sam MacPherson,https://github.com/Leander-Antony/my-spotify/blob/main/artist_images/Sam%20MacPherson.jpg?raw=true
Ashley Kutcher,https://github.com/Leander-Antony/my-spotify/blob/main/artist_images/Ashley%20Kutcher.jpg?raw=true
EMELINE,https://github.com/Leander-Antony/my-spotify/blob/main/artist_images/EMELINE.jpg?raw=true
SZA,https://github.com/Leander-Antony/my-spotify/blob/main/artist_images/SZA.jpg?raw=true
Chelsea Collins,https://github.com/Leander-Antony/my-spotify/blob/main/artist_images/Chelsea%20Collins.jpg?raw=true
Lord Huron,https://github.com/Leander-Antony/my-spotify/blob/main/artist_images/Lord%20Huron.jpg?raw=true
Reneé Rapp,https://github.com/Leander-Antony/my-spotify/blob/main/artist_images/Rene%C3%A9%20Rapp.jpg?raw=true
NERIAH,https://github.com/Leander-Antony/my-spotify/blob/main/artist_images/NERIAH.jpg?raw=true
Katherine Li,https://github.com/Leander-Antony/my-spotify/blob/main/artist_images/Katherine%20Li.jpg?raw=true
JESSIA,https://github.com/Leander-Antony/my-spotify/blob/main/artist_images/JESSIA.jpg?raw=true
Alex Warren,https://github.com/Leander-Antony/my-spotify/blob/main/artist_images/Alex%20Warren.jpg?raw=true
Joshua Bassett,https://github.com/Leander-Antony/my-spotify/blob/main/artist_images/Joshua%20Bassett.jpg?raw=true
Becky Hill,https://github.com/Leander-Antony/my-spotify/blob/main/artist_images/Becky%20Hill.jpg?raw=true
Jonah Kagen,https://github.com/Leander-Antony/my-spotify/blob/main/artist_images/Jonah%20Kagen.jpg?raw=true
Dylan Conrique,https://github.com/Leander-Antony/my-spotify/blob/main/artist_images/Dylan%20Conrique.jpg?raw=true
Lily Williams,https://github.com/Leander-Antony/my-spotify/blob/main/artist_images/Lily%20Williams.jpg?raw=true
Lexi Jayde,https://github.com/Leander-Antony/my-spotify/blob/main/artist_images/Lexi%20Jayde.jpg?raw=true
Laura Marano,https://github.com/Leander-Antony/my-spotify/blob/main/artist_images/Laura%20Marano.jpg?raw=true
emlyn,https://github.com/Leander-Antony/my-spotify/blob/main/artist_images/emlyn.jpg?raw=true
OFFICIAL HIGE DANDISM,https://github.com/Leander-Antony/my-spotify/blob/main/artist_images/OFFICIAL%20HIGE%20DANDISM.jpg?raw=true
BURNOUT SYNDROMES,https://github.com/Leander-Antony/my-spotify/blob/main/artist_images/BURNOUT%20SYNDROMES.jpg?raw=true
LiSA,https://github.com/Leander-Antony/my-spotify/blob/main/artist_images/LiSA.jpg?raw=true
Hiroyuki Sawano,https://github.com/Leander-Antony/my-spotify/blob/main/artist_images/Hiroyuki%20Sawano.jpg?raw=true
VK Blanka,https://github.com/Leander-Antony/my-spotify/blob/main/artist_images/VK%20Blanka.jpg?raw=true
中野家の五つ子,https://github.com/Leander-Antony/my-spotify/blob/main/artist_images/%E4%B8%AD%E9%87%8E%E5%AE%B6%E3%81%AE%E4%BA%94%E3%81%A4%E5%AD%90.jpg?raw=true
millennium parade × ghost in the shell: SAC_2045,https://github.com/Leander-Antony/my-spotify/blob/main/artist_images/millennium%20parade%20%C3%97%20ghost%20in%20the%20shell%3A%20SAC_2045.jpg?raw=true
Akari Kito,https://github.com/Leander-Antony/my-spotify/blob/main/artist_images/Akari%20Kito.jpg?raw=true
Nulbarich,https://github.com/Leander-Antony/my-spotify/blob/main/artist_images/Nulbarich.jpg?raw=true
Gen Hoshino,https://github.com/Leander-Antony/my-spotify/blob/main/artist_images/Gen%20Hoshino.jpg?raw=true
KYOKA JIRO Starring Chrissy Costanza,https://github.com/Leander-Antony/my-spotify/blob/main/artist_images/KYOKA%20JIRO%20Starring%20Chrissy%20Costanza.jpg?raw=true
RADWIMPS,https://github.com/Leander-Antony/my-spotify/blob/main/artist_images/RADWIMPS.jpg?raw=true
美波,https://github.com/Leander-Antony/my-spotify/blob/main/artist_images/%E7%BE%8E%E6%B3%A2.jpg?raw=true
Goose house,https://github.com/Leander-Antony/my-spotify/blob/main/artist_images/Goose%20house.jpg?raw=true
Linked Horizon,https://github.com/Leander-Antony/my-spotify/blob/main/artist_images/Linked%20Horizon.jpg?raw=true
YOASOBI,https://github.com/Leander-Antony/my-spotify/blob/main/artist_images/YOASOBI.jpg?raw=true
ギヴン,https://github.com/Leander-Antony/my-spotify/blob/main/artist_images/%E3%82%AE%E3%83%B4%E3%83%B3.jpg?raw=true
Aimer,https://github.com/Leander-Antony/my-spotify/blob/main/artist_images/Aimer.jpg?raw=true
Stray Kids,https://github.com/Leander-Antony/my-spotify/blob/main/artist_images/Stray%20Kids.jpg?raw=true
Eve,https://github.com/Leander-Antony/my-spotify/blob/main/artist_images/Eve.jpg?raw=true
ALI,https://github.com/Leander-Antony/my-spotify/blob/main/artist_images/ALI.jpg?raw=true
Monkey Majik,https://github.com/Leander-Antony/my-spotify/blob/main/artist_images/Monkey%20Majik.jpg?raw=true
ZAQ,https://github.com/Leander-Antony/my-spotify/blob/main/artist_images/ZAQ.jpg?raw=true
Yunomi,https://github.com/Leander-Antony/my-spotify/blob/main/artist_images/Yunomi.jpg?raw=true
INTERSECTION,https://github.com/Leander-Antony/my-spotify/blob/main/artist_images/INTERSECTION.jpg?raw=true
SawanoHiroyuki[nZk],https://github.com/Leander-Antony/my-spotify/blob/main/artist_images/SawanoHiroyuki%5BnZk%5D.jpg?raw=true
MindaRyn,https://github.com/Leander-Antony/my-spotify/blob/main/artist_images/MindaRyn.jpg?raw=true
Yoh kamiyama,https://github.com/Leander-Antony/my-spotify/blob/main/artist_images/Yoh%20kamiyama.jpg?raw=true
ReoNa,https://github.com/Leander-Antony/my-spotify/blob/main/artist_images/ReoNa.jpg?raw=true
[Alexandros],https://github.com/Leander-Antony/my-spotify/blob/main/artist_images/%5BAlexandros%5D.jpg?raw=true
milet,https://github.com/Leander-Antony/my-spotify/blob/main/artist_images/milet.jpg?raw=true
TOMORROW X TOGETHER,https://github.com/Leander-Antony/my-spotify/blob/main/artist_images/TOMORROW%20X%20TOGETHER.jpg?raw=true
Kenshi Yonezu,https://github.com/Leander-Antony/my-spotify/blob/main/artist_images/Kenshi%20Yonezu.jpg?raw=true
Moldavite,https://github.com/Leander-Antony/my-spotify/blob/main/artist_images/Moldavite.jpg?raw=true
KNVCKLES,https://github.com/Leander-Antony/my-spotify/blob/main/artist_images/KNVCKLES.jpg?raw=true
Phon-Kbron,https://github.com/Leander-Antony/my-spotify/blob/main/artist_images/Phon-Kbron.jpg?raw=true
HXNNA,https://github.com/Leander-Antony/my-spotify/blob/main/artist_images/HXNNA.jpg?raw=true
Trias,https://github.com/Leander-Antony/my-spotify/blob/main/artist_images/Trias.jpg?raw=true
THIRST,https://github.com/Leander-Antony/my-spotify/blob/main/artist_images/THIRST.jpg?raw=true
V3CNA,https://github.com/Leander-Antony/my-spotify/blob/main/artist_images/V3CNA.jpg?raw=true
ZERO PAIN,https://github.com/Leander-Antony/my-spotify/blob/main/artist_images/ZERO%20PAIN.jpg?raw=true
TRA$HCVNDY,https://github.com/Leander-Antony/my-spotify/blob/main/artist_images/TRA%24HCVNDY.jpg?raw=true
Primigenios,https://github.com/Leander-Antony/my-spotify/blob/main/artist_images/Primigenios.jpg?raw=true
Rifti Beats,https://github.com/Leander-Antony/my-spotify/blob/main/artist_images/Rifti%20Beats.jpg?raw=true
Maul,https://github.com/Leander-Antony/my-spotify/blob/main/artist_images/Maul.jpg?raw=true
Supersaiyanlifts,https://github.com/Leander-Antony/my-spotify/blob/main/artist_images/Supersaiyanlifts.jpg?raw=true
Zeppeli,https://github.com/Leander-Antony/my-spotify/blob/main/artist_images/Zeppeli.jpg?raw=true
YeaLifts,https://github.com/Leander-Antony/my-spotify/blob/main/artist_images/YeaLifts.jpg?raw=true
MYSK,https://github.com/Leander-Antony/my-spotify/blob/main/artist_images/MYSK.jpg?raw=true
Hardstyle Germany,https://github.com/Leander-Antony/my-spotify/blob/main/artist_images/Hardstyle%20Germany.jpg?raw=true
kage OKI,https://github.com/Leander-Antony/my-spotify/blob/main/artist_images/kage%20OKI.jpg?raw=true
Yotora,https://github.com/Leander-Antony/my-spotify/blob/main/artist_images/Yotora.jpg?raw=true
Yunyakosva,https://github.com/Leander-Antony/my-spotify/blob/main/artist_images/Yunyakosva.jpg?raw=true
TeamFourStar,https://github.com/Leander-Antony/my-spotify/blob/main/artist_images/TeamFourStar.jpg?raw=true
WierdKid,https://github.com/Leander-Antony/my-spotify/blob/main/artist_images/WierdKid.jpg?raw=true
CRUCIAL,https://github.com/Leander-Antony/my-spotify/blob/main/artist_images/CRUCIAL.jpg?raw=true
DJ Brokenz,https://github.com/Leander-Antony/my-spotify/blob/main/artist_images/DJ%20Brokenz.jpg?raw=true
Alucard,https://github.com/Leander-Antony/my-spotify/blob/main/artist_images/Alucard.jpg?raw=true
Cold Suhou,https://github.com/Leander-Antony/my-spotify/blob/main/artist_images/Cold%20Suhou.jpg?raw=true
Yukihira,https://github.com/Leander-Antony/my-spotify/blob/main/artist_images/Yukihira.jpg?raw=true
6SIXSIX,https://github.com/Leander-Antony/my-spotify/blob/main/artist_images/6SIXSIX.jpg?raw=true
PHONKY KONG,https://github.com/Leander-Antony/my-spotify/blob/main/artist_images/PHONKY%20KONG.jpg?raw=true
John Wolf,https://github.com/Leander-Antony/my-spotify/blob/main/artist_images/John%20Wolf.jpg?raw=true
RAIZHELL,https://github.com/Leander-Antony/my-spotify/blob/main/artist_images/RAIZHELL.jpg?raw=true
Liv Harland,https://github.com/Leander-Antony/my-spotify/blob/main/artist_images/Liv%20Harland.jpg?raw=true
Vassan,https://github.com/Leander-Antony/my-spotify/blob/main/artist_images/Vassan.jpg?raw=true
Zyrex,https://github.com/Leander-Antony/my-spotify/blob/main/artist_images/Zyrex.jpg?raw=true
The Kiffness,https://github.com/Leander-Antony/my-spotify/blob/main/artist_images/The%20Kiffness.jpg?raw=true
Underdog,https://github.com/Leander-Antony/my-spotify/blob/main/artist_images/Underdog.jpg?raw=true
Jade Mario,https://github.com/Leander-Antony/my-spotify/blob/main/artist_images/Jade%20Mario.jpg?raw=true
Fat Sayso,https://github.com/Leander-Antony/my-spotify/blob/main/artist_images/Fat%20Sayso.jpg?raw=true
Kanye West,https://github.com/Leander-Antony/my-spotify/blob/main/artist_images/Kanye%20West.jpg?raw=true
David Kushner,https://github.com/Leander-Antony/my-spotify/blob/main/artist_images/David%20Kushner.jpg?raw=true
Mitski,https://github.com/Leander-Antony/my-spotify/blob/main/artist_images/Mitski.jpg?raw=true
Eladio Carrion,https://github.com/Leander-Antony/my-spotify/blob/main/artist_images/Eladio%20Carrion.jpg?raw=true
Bad Bunny,https://github.com/Leander-Antony/my-spotify/blob/main/artist_images/Bad%20Bunny.jpg?raw=true
Griff,https://github.com/Leander-Antony/my-spotify/blob/main/artist_images/Griff.jpg?raw=true
Lady A,https://github.com/Leander-Antony/my-spotify/blob/main/artist_images/Lady%20A.jpg?raw=true
Polimá Westcoast,https://github.com/Leander-Antony/my-spotify/blob/main/artist_images/Polim%C3%A1%20Westcoast.jpg?raw=true
Maddie Zahm,https://github.com/Leander-Antony/my-spotify/blob/main/artist_images/Maddie%20Zahm.jpg?raw=true
Emily Burns,https://github.com/Leander-Antony/my-spotify/blob/main/artist_images/Emily%20Burns.jpg?raw=true
Zach Bryan,https://github.com/Leander-Antony/my-spotify/blob/main/artist_images/Zach%20Bryan.jpg?raw=true
Arctic Monkeys,https://github.com/Leander-Antony/my-spotify/blob/main/artist_images/Arctic%20Monkeys.jpg?raw=true
Feid,https://github.com/Leander-Antony/my-spotify/blob/main/artist_images/Feid.jpg?raw=true
Cian Ducrot,https://github.com/Leander-Antony/my-spotify/blob/main/artist_images/Cian%20Ducrot.jpg?raw=true
Mckenna Grace,https://github.com/Leander-Antony/my-spotify/blob/main/artist_images/Mckenna%20Grace.jpg?raw=true
The Police,https://github.com/Leander-Antony/my-spotify/blob/main/artist_images/The%20Police.jpg?raw=true
The Walters,https://github.com/Leander-Antony/my-spotify/blob/main/artist_images/The%20Walters.jpg?raw=true
Julian Deelo,https://github.com/Leander-Antony/my-spotify/blob/main/artist_images/Julian%20Deelo.jpg?raw=true
SG Bubba K,https://github.com/Leander-Antony/my-spotify/blob/main/artist_images/SG%20Bubba%20K.jpg?raw=true
Bon Iver,https://github.com/Leander-Antony/my-spotify/blob/main/artist_images/Bon%20Iver.jpg?raw=true
R.E.M.,https://github.com/Leander-Antony/my-spotify/blob/main/artist_images/R.E.M..jpg?raw=true
Podos Officialx,https://github.com/Leander-Antony/my-spotify/blob/main/artist_images/Podos%20Officialx.jpg?raw=true
Butterflzyzz,https://github.com/Leander-Antony/my-spotify/blob/main/artist_images/Butterflzyzz.jpg?raw=true
SHIAK,https://github.com/Leander-Antony/my-spotify/blob/main/artist_images/SHIAK.jpg?raw=true
gavn!,https://github.com/Leander-Antony/my-spotify/blob/main/artist_images/gavn%21.jpg?raw=true
Alexander Stewart,https://github.com/Leander-Antony/my-spotify/blob/main/artist_images/Alexander%20Stewart.jpg?raw=true
Jon Caryl,https://github.com/Leander-Antony/my-spotify/blob/main/artist_images/Jon%20Caryl.jpg?raw=true
Paycheck,https://github.com/Leander-Antony/my-spotify/blob/main/artist_images/Paycheck.jpg?raw=true
Dustystaytrue,https://github.com/Leander-Antony/my-spotify/blob/main/artist_images/Dustystaytrue.jpg?raw=true
DJ Smellhodet,https://github.com/Leander-Antony/my-spotify/blob/main/artist_images/DJ%20Smellhodet.jpg?raw=true
Jason Walker,https://github.com/Leander-Antony/my-spotify/blob/main/artist_images/Jason%20Walker.jpg?raw=true
Joel Adams,https://github.com/Leander-Antony/my-spotify/blob/main/artist_images/Joel%20Adams.jpg?raw=true
Andrew Belle,https://github.com/Leander-Antony/my-spotify/blob/main/artist_images/Andrew%20Belle.jpg?raw=true
Jesse Mann,https://github.com/Leander-Antony/my-spotify/blob/main/artist_images/Jesse%20Mann.jpg?raw=true
Oliver Lucas,https://github.com/Leander-Antony/my-spotify/blob/main/artist_images/Oliver%20Lucas.jpg?raw=true
Seafret,https://github.com/Leander-Antony/my-spotify/blob/main/artist_images/Seafret.jpg?raw=true
Sody,https://github.com/Leander-Antony/my-spotify/blob/main/artist_images/Sody.jpg?raw=true
Chris Snelling,https://github.com/Leander-Antony/my-spotify/blob/main/artist_images/Chris%20Snelling.jpg?raw=true
Hailee Steinfeld,https://github.com/Leander-Antony/my-spotify/blob/main/artist_images/Hailee%20Steinfeld.jpg?raw=true
Daughter,https://github.com/Leander-Antony/my-spotify/blob/main/artist_images/Daughter.jpg?raw=true
Eden Project,https://github.com/Leander-Antony/my-spotify/blob/main/artist_images/Eden%20Project.jpg?raw=true
Justin Jesso,https://github.com/Leander-Antony/my-spotify/blob/main/artist_images/Justin%20Jesso.jpg?raw=true
James TW,https://github.com/Leander-Antony/my-spotify/blob/main/artist_images/James%20TW.jpg?raw=true
We The Kings,https://github.com/Leander-Antony/my-spotify/blob/main/artist_images/We%20The%20Kings.jpg?raw=true
Sleeping At Last,https://github.com/Leander-Antony/my-spotify/blob/main/artist_images/Sleeping%20At%20Last.jpg?raw=true
Lily Meola,https://github.com/Leander-Antony/my-spotify/blob/main/artist_images/Lily%20Meola.jpg?raw=true
Zoe Wees,https://github.com/Leander-Antony/my-spotify/blob/main/artist_images/Zoe%20Wees.jpg?raw=true
Clara Mae,https://github.com/Leander-Antony/my-spotify/blob/main/artist_images/Clara%20Mae.jpg?raw=true
Alaina Castillo,https://github.com/Leander-Antony/my-spotify/blob/main/artist_images/Alaina%20Castillo.jpg?raw=true
X Ambassadors,https://github.com/Leander-Antony/my-spotify/blob/main/artist_images/X%20Ambassadors.jpg?raw=true
Tom Walker,https://github.com/Leander-Antony/my-spotify/blob/main/artist_images/Tom%20Walker.jpg?raw=true
Kodaline,https://github.com/Leander-Antony/my-spotify/blob/main/artist_images/Kodaline.jpg?raw=true
Zella Day,https://github.com/Leander-Antony/my-spotify/blob/main/artist_images/Zella%20Day.jpg?raw=true
Freaky Harem,https://github.com/Leander-Antony/my-spotify/blob/main/artist_images/Freaky%20Harem.jpg?raw=true
O-Zone,https://github.com/Leander-Antony/my-spotify/blob/main/artist_images/O-Zone.jpg?raw=true
FXRR,https://github.com/Leander-Antony/my-spotify/blob/main/artist_images/FXRR.jpg?raw=true
Sadfriendd,https://github.com/Leander-Antony/my-spotify/blob/main/artist_images/Sadfriendd.jpg?raw=true
Halle Abadi,https://github.com/Leander-Antony/my-spotify/blob/main/artist_images/Halle%20Abadi.jpg?raw=true
E1 (3x3),https://github.com/Leander-Antony/my-spotify/blob/main/artist_images/E1%20%283x3%29.jpg?raw=true
Gym Rage,https://github.com/Leander-Antony/my-spotify/blob/main/artist_images/Gym%20Rage.jpg?raw=true
VØJ,https://github.com/Leander-Antony/my-spotify/blob/main/artist_images/V%C3%98J.jpg?raw=true
Sabuze,https://github.com/Leander-Antony/my-spotify/blob/main/artist_images/Sabuze.jpg?raw=true
HXI,https://github.com/Leander-Antony/my-spotify/blob/main/artist_images/HXI.jpg?raw=true
Mackstu,https://github.com/Leander-Antony/my-spotify/blob/main/artist_images/Mackstu.jpg?raw=true
Coone,https://github.com/Leander-Antony/my-spotify/blob/main/artist_images/Coone.jpg?raw=true
tapzen,https://github.com/Leander-Antony/my-spotify/blob/main/artist_images/tapzen.jpg?raw=true
1nonly,https://github.com/Leander-Antony/my-spotify/blob/main/artist_images/1nonly.jpg?raw=true
Trippie Redd,https://github.com/Leander-Antony/my-spotify/blob/main/artist_images/Trippie%20Redd.jpg?raw=true
Playboi Carti,https://github.com/Leander-Antony/my-spotify/blob/main/artist_images/Playboi%20Carti.jpg?raw=true
Luci4,https://github.com/Leander-Antony/my-spotify/blob/main/artist_images/Luci4.jpg?raw=true
The Living Tombstone,https://github.com/Leander-Antony/my-spotify/blob/main/artist_images/The%20Living%20Tombstone.jpg?raw=true
Joe Eid,https://github.com/Leander-Antony/my-spotify/blob/main/artist_images/Joe%20Eid.jpg?raw=true
KIT,https://github.com/Leander-Antony/my-spotify/blob/main/artist_images/KIT.jpg?raw=true
R3HAB,https://github.com/Leander-Antony/my-spotify/blob/main/artist_images/R3HAB.jpg?raw=true
Lofi Cloud,https://github.com/Leander-Antony/my-spotify/blob/main/artist_images/Lofi%20Cloud.jpg?raw=true
Kijugo,https://github.com/Leander-Antony/my-spotify/blob/main/artist_images/Kijugo.jpg?raw=true
SiM,https://github.com/Leander-Antony/my-spotify/blob/main/artist_images/SiM.jpg?raw=true
drillhoven,https://github.com/Leander-Antony/my-spotify/blob/main/artist_images/drillhoven.jpg?raw=true
MOMOLAND,https://github.com/Leander-Antony/my-spotify/blob/main/artist_images/MOMOLAND.jpg?raw=true
Bishop Briggs,https://github.com/Leander-Antony/my-spotify/blob/main/artist_images/Bishop%20Briggs.jpg?raw=true
Jennifer Lopez,https://github.com/Leander-Antony/my-spotify/blob/main/artist_images/Jennifer%20Lopez.jpg?raw=true
OTP,https://github.com/Leander-Antony/my-spotify/blob/main/artist_images/OTP.jpg?raw=true
Alesso,https://github.com/Leander-Antony/my-spotify/blob/main/artist_images/Alesso.jpg?raw=true
Elton John,https://github.com/Leander-Antony/my-spotify/blob/main/artist_images/Elton%20John.jpg?raw=true
Rambutan,https://github.com/Leander-Antony/my-spotify/blob/main/artist_images/Rambutan.jpg?raw=true
LRN Slime,https://github.com/Leander-Antony/my-spotify/blob/main/artist_images/LRN%20Slime.jpg?raw=true
K-P,https://github.com/Leander-Antony/my-spotify/blob/main/artist_images/K-P.jpg?raw=true
Rufi-O,https://github.com/Leander-Antony/my-spotify/blob/main/artist_images/Rufi-O.jpg?raw=true
MadeinTYO,https://github.com/Leander-Antony/my-spotify/blob/main/artist_images/MadeinTYO.jpg?raw=true
Jae Trill,https://github.com/Leander-Antony/my-spotify/blob/main/artist_images/Jae%20Trill.jpg?raw=true
CRASPORE,https://github.com/Leander-Antony/my-spotify/blob/main/artist_images/CRASPORE.jpg?raw=true
Pi’erre Bourne,https://github.com/Leander-Antony/my-spotify/blob/main/artist_images/Pi%E2%80%99erre%20Bourne.jpg?raw=true
Leo,https://github.com/Leander-Antony/my-spotify/blob/main/artist_images/Leo.jpg?raw=true
Istasha,https://github.com/Leander-Antony/my-spotify/blob/main/artist_images/Istasha.jpg?raw=true
Driver,https://github.com/Leander-Antony/my-spotify/blob/main/artist_images/Driver.jpg?raw=true
Dibyo,https://github.com/Leander-Antony/my-spotify/blob/main/artist_images/Dibyo.jpg?raw=true
tana,https://github.com/Leander-Antony/my-spotify/blob/main/artist_images/tana.jpg?raw=true
Priyanka NK,https://github.com/Leander-Antony/my-spotify/blob/main/artist_images/Priyanka%20NK.jpg?raw=true
Dhruv Vikram,https://github.com/Leander-Antony/my-spotify/blob/main/artist_images/Dhruv%20Vikram.jpg?raw=true
Ranjith Govind,https://github.com/Leander-Antony/my-spotify/blob/main/artist_images/Ranjith%20Govind.jpg?raw=true
CHROMANCE,https://github.com/Leander-Antony/my-spotify/blob/main/artist_images/CHROMANCE.jpg?raw=true
Acejax,https://github.com/Leander-Antony/my-spotify/blob/main/artist_images/Acejax.jpg?raw=true
Rauf & Faik,https://github.com/Leander-Antony/my-spotify/blob/main/artist_images/Rauf%20%26%20Faik.jpg?raw=true
King,https://github.com/Leander-Antony/my-spotify/blob/main/artist_images/King.jpg?raw=true
Rashid Ali,https://github.com/Leander-Antony/my-spotify/blob/main/artist_images/Rashid%20Ali.jpg?raw=true
Danny Avila,https://github.com/Leander-Antony/my-spotify/blob/main/artist_images/Danny%20Avila.jpg?raw=true
Vilen,https://github.com/Leander-Antony/my-spotify/blob/main/artist_images/Vilen.jpg?raw=true
Dream,https://github.com/Leander-Antony/my-spotify/blob/main/artist_images/Dream.jpg?raw=true
salem ilese,https://github.com/Leander-Antony/my-spotify/blob/main/artist_images/salem%20ilese.jpg?raw=true
DNMO,https://github.com/Leander-Antony/my-spotify/blob/main/artist_images/DNMO.jpg?raw=true
Cartoon,https://github.com/Leander-Antony/my-spotify/blob/main/artist_images/Cartoon.jpg?raw=true
Jai Waetford,https://github.com/Leander-Antony/my-spotify/blob/main/artist_images/Jai%20Waetford.jpg?raw=true
Tiểu Mao,https://github.com/Leander-Antony/my-spotify/blob/main/artist_images/Ti%E1%BB%83u%20Mao.jpg?raw=true
Zaeden,https://github.com/Leander-Antony/my-spotify/blob/main/artist_images/Zaeden.jpg?raw=true
Weird Genius,https://github.com/Leander-Antony/my-spotify/blob/main/artist_images/Weird%20Genius.jpg?raw=true
DarmenR,https://github.com/Leander-Antony/my-spotify/blob/main/artist_images/DarmenR.jpg?raw=true
Shakthisree Gopalan,https://github.com/Leander-Antony/my-spotify/blob/main/artist_images/Shakthisree%20Gopalan.jpg?raw=true
Archana Venkat,https://github.com/Leander-Antony/my-spotify/blob/main/artist_images/Archana%20Venkat.jpg?raw=true
MD Musiq,https://github.com/Leander-Antony/my-spotify/blob/main/artist_images/MD%20Musiq.jpg?raw=true
Ak Akiem,https://github.com/Leander-Antony/my-spotify/blob/main/artist_images/Ak%20Akiem.jpg?raw=true
Louyah,https://github.com/Leander-Antony/my-spotify/blob/main/artist_images/Louyah.jpg?raw=true
Asim Azhar,https://github.com/Leander-Antony/my-spotify/blob/main/artist_images/Asim%20Azhar.jpg?raw=true
StaySolidRocky,https://github.com/Leander-Antony/my-spotify/blob/main/artist_images/StaySolidRocky.jpg?raw=true
AchiyaLK,https://github.com/Leander-Antony/my-spotify/blob/main/artist_images/AchiyaLK.jpg?raw=true
Nithya Balaji,https://github.com/Leander-Antony/my-spotify/blob/main/artist_images/Nithya%20Balaji.jpg?raw=true
offwire,https://github.com/Leander-Antony/my-spotify/blob/main/artist_images/offwire.jpg?raw=true
Liquid Wax,https://github.com/Leander-Antony/my-spotify/blob/main/artist_images/Liquid%20Wax.jpg?raw=true
Anirban Chakraborty,https://github.com/Leander-Antony/my-spotify/blob/main/artist_images/Anirban%20Chakraborty.jpg?raw=true
Haise,https://github.com/Leander-Antony/my-spotify/blob/main/artist_images/Haise.jpg?raw=true
Coastal,https://github.com/Leander-Antony/my-spotify/blob/main/artist_images/Coastal.jpg?raw=true
skyswimming,https://github.com/Leander-Antony/my-spotify/blob/main/artist_images/skyswimming.jpg?raw=true
Peaceful Melody,https://github.com/Leander-Antony/my-spotify/blob/main/artist_images/Peaceful%20Melody.jpg?raw=true
strange feelings,https://github.com/Leander-Antony/my-spotify/blob/main/artist_images/strange%20feelings.jpg?raw=true
Straim,https://github.com/Leander-Antony/my-spotify/blob/main/artist_images/Straim.jpg?raw=true
12nd,https://github.com/Leander-Antony/my-spotify/blob/main/artist_images/12nd.jpg?raw=true
Lo-Five,https://github.com/Leander-Antony/my-spotify/blob/main/artist_images/Lo-Five.jpg?raw=true
Silky,https://github.com/Leander-Antony/my-spotify/blob/main/artist_images/Silky.jpg?raw=true
lost.,https://github.com/Leander-Antony/my-spotify/blob/main/artist_images/lost..jpg?raw=true
Honeyfox,https://github.com/Leander-Antony/my-spotify/blob/main/artist_images/Honeyfox.jpg?raw=true
Mingue,https://github.com/Leander-Antony/my-spotify/blob/main/artist_images/Mingue.jpg?raw=true
VEE,https://github.com/Leander-Antony/my-spotify/blob/main/artist_images/VEE.jpg?raw=true
Shira Neshama,https://github.com/Leander-Antony/my-spotify/blob/main/artist_images/Shira%20Neshama.jpg?raw=true
Veronica Bravo,https://github.com/Leander-Antony/my-spotify/blob/main/artist_images/Veronica%20Bravo.jpg?raw=true
Amanda Yang,https://github.com/Leander-Antony/my-spotify/blob/main/artist_images/Amanda%20Yang.jpg?raw=true
Benlon,https://github.com/Leander-Antony/my-spotify/blob/main/artist_images/Benlon.jpg?raw=true
Michelle Ray,https://github.com/Leander-Antony/my-spotify/blob/main/artist_images/Michelle%20Ray.jpg?raw=true
Elle Vee,https://github.com/Leander-Antony/my-spotify/blob/main/artist_images/Elle%20Vee.jpg?raw=true
Onyra,https://github.com/Leander-Antony/my-spotify/blob/main/artist_images/Onyra.jpg?raw=true
Hannah Gracelynn,https://github.com/Leander-Antony/my-spotify/blob/main/artist_images/Hannah%20Gracelynn.jpg?raw=true
Laurène,https://github.com/Leander-Antony/my-spotify/blob/main/artist_images/Laur%C3%A8ne.jpg?raw=true
Harley Bird,https://github.com/Leander-Antony/my-spotify/blob/main/artist_images/Harley%20Bird.jpg?raw=true
SAD LOUIS,https://github.com/Leander-Antony/my-spotify/blob/main/artist_images/SAD%20LOUIS.jpg?raw=true
Dom B,https://github.com/Leander-Antony/my-spotify/blob/main/artist_images/Dom%20B.jpg?raw=true
SachinJASism,https://github.com/Leander-Antony/my-spotify/blob/main/artist_images/SachinJASism.jpg?raw=true
SHAED,https://github.com/Leander-Antony/my-spotify/blob/main/artist_images/SHAED.jpg?raw=true
Steve Mac,https://github.com/Leander-Antony/my-spotify/blob/main/artist_images/Steve%20Mac.jpg?raw=true
Andrew Wells,https://github.com/Leander-Antony/my-spotify/blob/main/artist_images/Andrew%20Wells.jpg?raw=true
John Cunningham,https://github.com/Leander-Antony/my-spotify/blob/main/artist_images/John%20Cunningham.jpg?raw=true
Siddharth Vipin,https://github.com/Leander-Antony/my-spotify/blob/main/artist_images/Siddharth%20Vipin.jpg?raw=true
V.M. Mahalingam,https://github.com/Leander-Antony/my-spotify/blob/main/artist_images/V.M.%20Mahalingam.jpg?raw=true
Sathyaprakash,https://github.com/Leander-Antony/my-spotify/blob/main/artist_images/Sathyaprakash.jpg?raw=true
Raj Thillaiyampalam,https://github.com/Leander-Antony/my-spotify/blob/main/artist_images/Raj%20Thillaiyampalam.jpg?raw=true
Nivas K Prasanna,https://github.com/Leander-Antony/my-spotify/blob/main/artist_images/Nivas%20K%20Prasanna.jpg?raw=true
Barath Veeraraghavan,https://github.com/Leander-Antony/my-spotify/blob/main/artist_images/Barath%20Veeraraghavan.jpg?raw=true
Xeno Z,https://github.com/Leander-Antony/my-spotify/blob/main/artist_images/Xeno%20Z.jpg?raw=true
Santesh,https://github.com/Leander-Antony/my-spotify/blob/main/artist_images/Santesh.jpg?raw=true
Sreerama Chandra,https://github.com/Leander-Antony/my-spotify/blob/main/artist_images/Sreerama%20Chandra.jpg?raw=true
Harini,https://github.com/Leander-Antony/my-spotify/blob/main/artist_images/Harini.jpg?raw=true
Haricharan,https://github.com/Leander-Antony/my-spotify/blob/main/artist_images/Haricharan.jpg?raw=true
Krithika Nelson,https://github.com/Leander-Antony/my-spotify/blob/main/artist_images/Krithika%20Nelson.jpg?raw=true
Dhvani Bhanushali,https://github.com/Leander-Antony/my-spotify/blob/main/artist_images/Dhvani%20Bhanushali.jpg?raw=true
Sanjith Hegde,https://github.com/Leander-Antony/my-spotify/blob/main/artist_images/Sanjith%20Hegde.jpg?raw=true
Justin Prabhakaran,https://github.com/Leander-Antony/my-spotify/blob/main/artist_images/Justin%20Prabhakaran.jpg?raw=true
Dino James,https://github.com/Leander-Antony/my-spotify/blob/main/artist_images/Dino%20James.jpg?raw=true
Neeraj Shridhar,https://github.com/Leander-Antony/my-spotify/blob/main/artist_images/Neeraj%20Shridhar.jpg?raw=true
CORBAL,https://github.com/Leander-Antony/my-spotify/blob/main/artist_images/CORBAL.jpg?raw=true
SHRK,https://github.com/Leander-Antony/my-spotify/blob/main/artist_images/SHRK.jpg?raw=true
Vluestar,https://github.com/Leander-Antony/my-spotify/blob/main/artist_images/Vluestar.jpg?raw=true
Shiloh Dynasty,https://github.com/Leander-Antony/my-spotify/blob/main/artist_images/Shiloh%20Dynasty.jpg?raw=true
BONES,https://github.com/Leander-Antony/my-spotify/blob/main/artist_images/BONES.jpg?raw=true
Abhishek Arora,https://github.com/Leander-Antony/my-spotify/blob/main/artist_images/Abhishek%20Arora.jpg?raw=true
Stephen Sondheim,https://github.com/Leander-Antony/my-spotify/blob/main/artist_images/Stephen%20Sondheim.jpg?raw=true
Alok,https://github.com/Leander-Antony/my-spotify/blob/main/artist_images/Alok.jpg?raw=true
Dodge & Fuski,https://github.com/Leander-Antony/my-spotify/blob/main/artist_images/Dodge%20%26%20Fuski.jpg?raw=true
SAMSON,https://github.com/Leander-Antony/my-spotify/blob/main/artist_images/SAMSON.jpg?raw=true
Abhay Jodhpurkar,https://github.com/Leander-Antony/my-spotify/blob/main/artist_images/Abhay%20Jodhpurkar.jpg?raw=true
Ananthu,https://github.com/Leander-Antony/my-spotify/blob/main/artist_images/Ananthu.jpg?raw=true
"Anirudh Ravichander,Dhanush,S.Janaki",https://github.com/Leander-Antony/my-spotify/blob/main/artist_images/Anirudh%20Ravichander%2CDhanush%2CS.Janaki.jpg?raw=true
Navz-47,https://github.com/Leander-Antony/my-spotify/blob/main/artist_images/Navz-47.jpg?raw=true
Sundaramurthy K.S.,https://github.com/Leander-Antony/my-spotify/blob/main/artist_images/Sundaramurthy%20K.S..jpg?raw=true
Aalaap Raju,https://github.com/Leander-Antony/my-spotify/blob/main/artist_images/Aalaap%20Raju.jpg?raw=true
"Sid Sriram,Sangeetha Karuppiah",https://github.com/Leander-Antony/my-spotify/blob/main/artist_images/Sid%20Sriram%2CSangeetha%20Karuppiah.jpg?raw=true
"Pradeep Kumar,Ananthu,Dhee",https://github.com/Leander-Antony/my-spotify/blob/main/artist_images/Pradeep%20Kumar%2CAnanthu%2CDhee.jpg?raw=true
Chennai Orchestra,https://github.com/Leander-Antony/my-spotify/blob/main/artist_images/Chennai%20Orchestra.jpg?raw=true
Radhan,https://github.com/Leander-Antony/my-spotify/blob/main/artist_images/Radhan.jpg?raw=true
Demtyne,https://github.com/Leander-Antony/my-spotify/blob/main/artist_images/Demtyne.jpg?raw=true
Arijit Singh,https://github.com/Leander-Antony/my-spotify/blob/main/artist_images/Arijit%20Singh.jpg?raw=true
Girishh G,https://github.com/Leander-Antony/my-spotify/blob/main/artist_images/Girishh%20G.jpg?raw=true
Psychomantra,https://github.com/Leander-Antony/my-spotify/blob/main/artist_images/Psychomantra.jpg?raw=true
M.Kowtham,https://github.com/Leander-Antony/my-spotify/blob/main/artist_images/M.Kowtham.jpg?raw=true
Dharan Kumar,https://github.com/Leander-Antony/my-spotify/blob/main/artist_images/Dharan%20Kumar.jpg?raw=true
Aidan,https://github.com/Leander-Antony/my-spotify/blob/main/artist_images/Aidan.jpg?raw=true
Devi Sri Prasad,https://github.com/Leander-Antony/my-spotify/blob/main/artist_images/Devi%20Sri%20Prasad.jpg?raw=true
MDee,https://github.com/Leander-Antony/my-spotify/blob/main/artist_images/MDee.jpg?raw=true
2 star,https://github.com/Leander-Antony/my-spotify/blob/main/artist_images/2%20star.jpg?raw=true
Vivasvan,https://github.com/Leander-Antony/my-spotify/blob/main/artist_images/Vivasvan.jpg?raw=true
George Michael,https://github.com/Leander-Antony/my-spotify/blob/main/artist_images/George%20Michael.jpg?raw=true
Keri Hilson,https://github.com/Leander-Antony/my-spotify/blob/main/artist_images/Keri%20Hilson.jpg?raw=true
Ramz,https://github.com/Leander-Antony/my-spotify/blob/main/artist_images/Ramz.jpg?raw=true
Johan Anthony,https://github.com/Leander-Antony/my-spotify/blob/main/artist_images/Johan%20Anthony.jpg?raw=true
Matt Q.,https://github.com/Leander-Antony/my-spotify/blob/main/artist_images/Matt%20Q..jpg?raw=true
Georgiou Music,https://github.com/Leander-Antony/my-spotify/blob/main/artist_images/Georgiou%20Music.jpg?raw=true
Barath Dhanasekar,https://github.com/Leander-Antony/my-spotify/blob/main/artist_images/Barath%20Dhanasekar.jpg?raw=true
T. M. Soundararajan,https://github.com/Leander-Antony/my-spotify/blob/main/artist_images/T.%20M.%20Soundararajan.jpg?raw=true
Emma Lim,https://github.com/Leander-Antony/my-spotify/blob/main/artist_images/Emma%20Lim.jpg?raw=true
K. Veeramani,https://github.com/Leander-Antony/my-spotify/blob/main/artist_images/K.%20Veeramani.jpg?raw=true
Queen,https://github.com/Leander-Antony/my-spotify/blob/main/artist_images/Queen.jpg?raw=true
Brye,https://github.com/Leander-Antony/my-spotify/blob/main/artist_images/Brye.jpg?raw=true
Lil Tjay,https://github.com/Leander-Antony/my-spotify/blob/main/artist_images/Lil%20Tjay.jpg?raw=true
HAZEY,https://github.com/Leander-Antony/my-spotify/blob/main/artist_images/HAZEY.jpg?raw=true
Madison Beer,https://github.com/Leander-Antony/my-spotify/blob/main/artist_images/Madison%20Beer.jpg?raw=true
Sujatha,https://github.com/Leander-Antony/my-spotify/blob/main/artist_images/Sujatha.jpg?raw=true
Tippu,https://github.com/Leander-Antony/my-spotify/blob/main/artist_images/Tippu.jpg?raw=true
The Fortune,https://github.com/Leander-Antony/my-spotify/blob/main/artist_images/The%20Fortune.jpg?raw=true
Carrie Underwood,https://github.com/Leander-Antony/my-spotify/blob/main/artist_images/Carrie%20Underwood.jpg?raw=true
The Winners,https://github.com/Leander-Antony/my-spotify/blob/main/artist_images/The%20Winners.jpg?raw=true
Kct,https://github.com/Leander-Antony/my-spotify/blob/main/artist_images/Kct.jpg?raw=true
Night Lovell,https://github.com/Leander-Antony/my-spotify/blob/main/artist_images/Night%20Lovell.jpg?raw=true
Taylor Pearson,https://github.com/Leander-Antony/my-spotify/blob/main/artist_images/Taylor%20Pearson.jpg?raw=true
Weeze,https://github.com/Leander-Antony/my-spotify/blob/main/artist_images/Weeze.jpg?raw=true
SHY!,https://github.com/Leander-Antony/my-spotify/blob/main/artist_images/SHY%21.jpg?raw=true
iann dior,https://github.com/Leander-Antony/my-spotify/blob/main/artist_images/iann%20dior.jpg?raw=true
Jorden Kyle,https://github.com/Leander-Antony/my-spotify/blob/main/artist_images/Jorden%20Kyle.jpg?raw=true
Andy Wavez,https://github.com/Leander-Antony/my-spotify/blob/main/artist_images/Andy%20Wavez.jpg?raw=true
Paradise,https://github.com/Leander-Antony/my-spotify/blob/main/artist_images/Paradise.jpg?raw=true
Huddy,https://github.com/Leander-Antony/my-spotify/blob/main/artist_images/Huddy.jpg?raw=true
Drew Harvey,https://github.com/Leander-Antony/my-spotify/blob/main/artist_images/Drew%20Harvey.jpg?raw=true
Sueco,https://github.com/Leander-Antony/my-spotify/blob/main/artist_images/Sueco.jpg?raw=true
mike.,https://github.com/Leander-Antony/my-spotify/blob/main/artist_images/mike..jpg?raw=true
CRIM,https://github.com/Leander-Antony/my-spotify/blob/main/artist_images/CRIM.jpg?raw=true
44phantom,https://github.com/Leander-Antony/my-spotify/blob/main/artist_images/44phantom.jpg?raw=true
PRETTY HAVØC,https://github.com/Leander-Antony/my-spotify/blob/main/artist_images/PRETTY%20HAV%C3%98C.jpg?raw=true
YungNickyBeamer,https://github.com/Leander-Antony/my-spotify/blob/main/artist_images/YungNickyBeamer.jpg?raw=true
NATEtheKiDD,https://github.com/Leander-Antony/my-spotify/blob/main/artist_images/NATEtheKiDD.jpg?raw=true
Johndoe98,https://github.com/Leander-Antony/my-spotify/blob/main/artist_images/Johndoe98.jpg?raw=true
Nazda,https://github.com/Leander-Antony/my-spotify/blob/main/artist_images/Nazda.jpg?raw=true
jxdn,https://github.com/Leander-Antony/my-spotify/blob/main/artist_images/jxdn.jpg?raw=true
Vishisdead,https://github.com/Leander-Antony/my-spotify/blob/main/artist_images/Vishisdead.jpg?raw=true
Picture,https://github.com/Leander-Antony/my-spotify/blob/main/artist_images/Picture.jpg?raw=true
COTIS,https://github.com/Leander-Antony/my-spotify/blob/main/artist_images/COTIS.jpg?raw=true
Brevin Kim,https://github.com/Leander-Antony/my-spotify/blob/main/artist_images/Brevin%20Kim.jpg?raw=true
Bryce Vine,https://github.com/Leander-Antony/my-spotify/blob/main/artist_images/Bryce%20Vine.jpg?raw=true
Drex Carter,https://github.com/Leander-Antony/my-spotify/blob/main/artist_images/Drex%20Carter.jpg?raw=true
7evin7ins,https://github.com/Leander-Antony/my-spotify/blob/main/artist_images/7evin7ins.jpg?raw=true
Kane Brown,https://github.com/Leander-Antony/my-spotify/blob/main/artist_images/Kane%20Brown.jpg?raw=true
Austin Awake,https://github.com/Leander-Antony/my-spotify/blob/main/artist_images/Austin%20Awake.jpg?raw=true
brakence,https://github.com/Leander-Antony/my-spotify/blob/main/artist_images/brakence.jpg?raw=true
LiL Lotus,https://github.com/Leander-Antony/my-spotify/blob/main/artist_images/LiL%20Lotus.jpg?raw=true
Landon Cube,https://github.com/Leander-Antony/my-spotify/blob/main/artist_images/Landon%20Cube.jpg?raw=true
Apel8,https://github.com/Leander-Antony/my-spotify/blob/main/artist_images/Apel8.jpg?raw=true
Blade Hall,https://github.com/Leander-Antony/my-spotify/blob/main/artist_images/Blade%20Hall.jpg?raw=true
MOD SUN,https://github.com/Leander-Antony/my-spotify/blob/main/artist_images/MOD%20SUN.jpg?raw=true
Olmos,https://github.com/Leander-Antony/my-spotify/blob/main/artist_images/Olmos.jpg?raw=true
LoFi Waiter,https://github.com/Leander-Antony/my-spotify/blob/main/artist_images/LoFi%20Waiter.jpg?raw=true
Gehen,https://github.com/Leander-Antony/my-spotify/blob/main/artist_images/Gehen.jpg?raw=true
John K,https://github.com/Leander-Antony/my-spotify/blob/main/artist_images/John%20K.jpg?raw=true
Amanda Vandersap,https://github.com/Leander-Antony/my-spotify/blob/main/artist_images/Amanda%20Vandersap.jpg?raw=true
Stract,https://github.com/Leander-Antony/my-spotify/blob/main/artist_images/Stract.jpg?raw=true
Theolonius Kelly,https://github.com/Leander-Antony/my-spotify/blob/main/artist_images/Theolonius%20Kelly.jpg?raw=true
Beau Young Prince,https://github.com/Leander-Antony/my-spotify/blob/main/artist_images/Beau%20Young%20Prince.jpg?raw=true
Zaini,https://github.com/Leander-Antony/my-spotify/blob/main/artist_images/Zaini.jpg?raw=true
Edith Whiskers,https://github.com/Leander-Antony/my-spotify/blob/main/artist_images/Edith%20Whiskers.jpg?raw=true
ooes,https://github.com/Leander-Antony/my-spotify/blob/main/artist_images/ooes.jpg?raw=true
Heartbreakxo,https://github.com/Leander-Antony/my-spotify/blob/main/artist_images/Heartbreakxo.jpg?raw=true
jagger finn,https://github.com/Leander-Antony/my-spotify/blob/main/artist_images/jagger%20finn.jpg?raw=true
Ramakrishan Murthy,https://github.com/Leander-Antony/my-spotify/blob/main/artist_images/Ramakrishan%20Murthy.jpg?raw=true
Reema,https://github.com/Leander-Antony/my-spotify/blob/main/artist_images/Reema.jpg?raw=true
Vijay Antony,https://github.com/Leander-Antony/my-spotify/blob/main/artist_images/Vijay%20Antony.jpg?raw=true
DJ Kuba,https://github.com/Leander-Antony/my-spotify/blob/main/artist_images/DJ%20Kuba.jpg?raw=true
SP3CTRUM,https://github.com/Leander-Antony/my-spotify/blob/main/artist_images/SP3CTRUM.jpg?raw=true
WESH,https://github.com/Leander-Antony/my-spotify/blob/main/artist_images/WESH.jpg?raw=true
Stlk,https://github.com/Leander-Antony/my-spotify/blob/main/artist_images/Stlk.jpg?raw=true
Drist,https://github.com/Leander-Antony/my-spotify/blob/main/artist_images/Drist.jpg?raw=true
Jake Llaguno,https://github.com/Leander-Antony/my-spotify/blob/main/artist_images/Jake%20Llaguno.jpg?raw=true
Gate 21,https://github.com/Leander-Antony/my-spotify/blob/main/artist_images/Gate%2021.jpg?raw=true
Oomloud,https://github.com/Leander-Antony/my-spotify/blob/main/artist_images/Oomloud.jpg?raw=true
SMACK,https://github.com/Leander-Antony/my-spotify/blob/main/artist_images/SMACK.jpg?raw=true
Third Dimension,https://github.com/Leander-Antony/my-spotify/blob/main/artist_images/Third%20Dimension.jpg?raw=true
AFROJACK,https://github.com/Leander-Antony/my-spotify/blob/main/artist_images/AFROJACK.jpg?raw=true
Dantec,https://github.com/Leander-Antony/my-spotify/blob/main/artist_images/Dantec.jpg?raw=true
BEAUZ,https://github.com/Leander-Antony/my-spotify/blob/main/artist_images/BEAUZ.jpg?raw=true
MEDUZA,https://github.com/Leander-Antony/my-spotify/blob/main/artist_images/MEDUZA.jpg?raw=true
Tough Rhymes,https://github.com/Leander-Antony/my-spotify/blob/main/artist_images/Tough%20Rhymes.jpg?raw=true
Chip,https://github.com/Leander-Antony/my-spotify/blob/main/artist_images/Chip.jpg?raw=true
Raaban,https://github.com/Leander-Antony/my-spotify/blob/main/artist_images/Raaban.jpg?raw=true
2 Chainz,https://github.com/Leander-Antony/my-spotify/blob/main/artist_images/2%20Chainz.jpg?raw=true
Desiigner,https://github.com/Leander-Antony/my-spotify/blob/main/artist_images/Desiigner.jpg?raw=true
Twenty One Pilots,https://github.com/Leander-Antony/my-spotify/blob/main/artist_images/Twenty%20One%20Pilots.jpg?raw=true
Mark Ronson,https://github.com/Leander-Antony/my-spotify/blob/main/artist_images/Mark%20Ronson.jpg?raw=true
BLACKPINK,https://github.com/Leander-Antony/my-spotify/blob/main/artist_images/BLACKPINK.jpg?raw=true
Naffar,https://github.com/Leander-Antony/my-spotify/blob/main/artist_images/Naffar.jpg?raw=true
Rvssian,https://github.com/Leander-Antony/my-spotify/blob/main/artist_images/Rvssian.jpg?raw=true
CuBox,https://github.com/Leander-Antony/my-spotify/blob/main/artist_images/CuBox.jpg?raw=true
KillBunk,https://github.com/Leander-Antony/my-spotify/blob/main/artist_images/KillBunk.jpg?raw=true
Counting Crows,https://github.com/Leander-Antony/my-spotify/blob/main/artist_images/Counting%20Crows.jpg?raw=true
The Million,https://github.com/Leander-Antony/my-spotify/blob/main/artist_images/The%20Million.jpg?raw=true
Ellur,https://github.com/Leander-Antony/my-spotify/blob/main/artist_images/Ellur.jpg?raw=true
TwoRule,https://github.com/Leander-Antony/my-spotify/blob/main/artist_images/TwoRule.jpg?raw=true
Pastel Ghost,https://github.com/Leander-Antony/my-spotify/blob/main/artist_images/Pastel%20Ghost.jpg?raw=true
The Haunted Youth,https://github.com/Leander-Antony/my-spotify/blob/main/artist_images/The%20Haunted%20Youth.jpg?raw=true
Vedo,https://github.com/Leander-Antony/my-spotify/blob/main/artist_images/Vedo.jpg?raw=true
KIZITSIA,https://github.com/Leander-Antony/my-spotify/blob/main/artist_images/KIZITSIA.jpg?raw=true
Sebastian Yatra,https://github.com/Leander-Antony/my-spotify/blob/main/artist_images/Sebastian%20Yatra.jpg?raw=true
Chillies,https://github.com/Leander-Antony/my-spotify/blob/main/artist_images/Chillies.jpg?raw=true
Bailey Zimmerman,https://github.com/Leander-Antony/my-spotify/blob/main/artist_images/Bailey%20Zimmerman.jpg?raw=true
Shhmody,https://github.com/Leander-Antony/my-spotify/blob/main/artist_images/Shhmody.jpg?raw=true
Y2K,https://github.com/Leander-Antony/my-spotify/blob/main/artist_images/Y2K.jpg?raw=true
fenekot,https://github.com/Leander-Antony/my-spotify/blob/main/artist_images/fenekot.jpg?raw=true
Trickle,https://github.com/Leander-Antony/my-spotify/blob/main/artist_images/Trickle.jpg?raw=true
Rixton,https://github.com/Leander-Antony/my-spotify/blob/main/artist_images/Rixton.jpg?raw=true
Raimu,https://github.com/Leander-Antony/my-spotify/blob/main/artist_images/Raimu.jpg?raw=true
Kainbeats,https://github.com/Leander-Antony/my-spotify/blob/main/artist_images/Kainbeats.jpg?raw=true
BVG,https://github.com/Leander-Antony/my-spotify/blob/main/artist_images/BVG.jpg?raw=true
kyu,https://github.com/Leander-Antony/my-spotify/blob/main/artist_images/kyu.jpg?raw=true
DaniSogen,https://github.com/Leander-Antony/my-spotify/blob/main/artist_images/DaniSogen.jpg?raw=true
Otaam,https://github.com/Leander-Antony/my-spotify/blob/main/artist_images/Otaam.jpg?raw=true
Nogymx,https://github.com/Leander-Antony/my-spotify/blob/main/artist_images/Nogymx.jpg?raw=true
Yestalgia,https://github.com/Leander-Antony/my-spotify/blob/main/artist_images/Yestalgia.jpg?raw=true
Living Room,https://github.com/Leander-Antony/my-spotify/blob/main/artist_images/Living%20Room.jpg?raw=true
Tenno,https://github.com/Leander-Antony/my-spotify/blob/main/artist_images/Tenno.jpg?raw=true
Mondo Loops,https://github.com/Leander-Antony/my-spotify/blob/main/artist_images/Mondo%20Loops.jpg?raw=true
KioKo,https://github.com/Leander-Antony/my-spotify/blob/main/artist_images/KioKo.jpg?raw=true
Loafy Building,https://github.com/Leander-Antony/my-spotify/blob/main/artist_images/Loafy%20Building.jpg?raw=true
Purrple Cat,https://github.com/Leander-Antony/my-spotify/blob/main/artist_images/Purrple%20Cat.jpg?raw=true
Maiso Linua,https://github.com/Leander-Antony/my-spotify/blob/main/artist_images/Maiso%20Linua.jpg?raw=true
Sweet Medicine,https://github.com/Leander-Antony/my-spotify/blob/main/artist_images/Sweet%20Medicine.jpg?raw=true
Pandrezz,https://github.com/Leander-Antony/my-spotify/blob/main/artist_images/Pandrezz.jpg?raw=true
Kaellyn,https://github.com/Leander-Antony/my-spotify/blob/main/artist_images/Kaellyn.jpg?raw=true
Alex Yurkiv,https://github.com/Leander-Antony/my-spotify/blob/main/artist_images/Alex%20Yurkiv.jpg?raw=true
karaca,https://github.com/Leander-Antony/my-spotify/blob/main/artist_images/karaca.jpg?raw=true
Gabry Ponte,https://github.com/Leander-Antony/my-spotify/blob/main/artist_images/Gabry%20Ponte.jpg?raw=true
Rainbow Kitten Surprise,https://github.com/Leander-Antony/my-spotify/blob/main/artist_images/Rainbow%20Kitten%20Surprise.jpg?raw=true
Kanisan,https://github.com/Leander-Antony/my-spotify/blob/main/artist_images/Kanisan.jpg?raw=true
Yasumu,https://github.com/Leander-Antony/my-spotify/blob/main/artist_images/Yasumu.jpg?raw=true
Nothingtosay,https://github.com/Leander-Antony/my-spotify/blob/main/artist_images/Nothingtosay.jpg?raw=true
Krynoze,https://github.com/Leander-Antony/my-spotify/blob/main/artist_images/Krynoze.jpg?raw=true
Lofty,https://github.com/Leander-Antony/my-spotify/blob/main/artist_images/Lofty.jpg?raw=true
Hoogway,https://github.com/Leander-Antony/my-spotify/blob/main/artist_images/Hoogway.jpg?raw=true
amies,https://github.com/Leander-Antony/my-spotify/blob/main/artist_images/amies.jpg?raw=true
Lenny Loops,https://github.com/Leander-Antony/my-spotify/blob/main/artist_images/Lenny%20Loops.jpg?raw=true
Hevi,https://github.com/Leander-Antony/my-spotify/blob/main/artist_images/Hevi.jpg?raw=true
Dimension 32,https://github.com/Leander-Antony/my-spotify/blob/main/artist_images/Dimension%2032.jpg?raw=true
Lucid Keys,https://github.com/Leander-Antony/my-spotify/blob/main/artist_images/Lucid%20Keys.jpg?raw=true
Thaehan,https://github.com/Leander-Antony/my-spotify/blob/main/artist_images/Thaehan.jpg?raw=true
bearbare,https://github.com/Leander-Antony/my-spotify/blob/main/artist_images/bearbare.jpg?raw=true
URM1,https://github.com/Leander-Antony/my-spotify/blob/main/artist_images/URM1.jpg?raw=true
Chestbrah,https://github.com/Leander-Antony/my-spotify/blob/main/artist_images/Chestbrah.jpg?raw=true
d4vd,https://github.com/Leander-Antony/my-spotify/blob/main/artist_images/d4vd.jpg?raw=true
Otnicka,https://github.com/Leander-Antony/my-spotify/blob/main/artist_images/Otnicka.jpg?raw=true
The Originalz,https://github.com/Leander-Antony/my-spotify/blob/main/artist_images/The%20Originalz.jpg?raw=true
Ramos Chris,https://github.com/Leander-Antony/my-spotify/blob/main/artist_images/Ramos%20Chris.jpg?raw=true
Anime Lifestyle,https://github.com/Leander-Antony/my-spotify/blob/main/artist_images/Anime%20Lifestyle.jpg?raw=true
Bakrou,https://github.com/Leander-Antony/my-spotify/blob/main/artist_images/Bakrou.jpg?raw=true
Zach Seabaugh,https://github.com/Leander-Antony/my-spotify/blob/main/artist_images/Zach%20Seabaugh.jpg?raw=true
Ismail,https://github.com/Leander-Antony/my-spotify/blob/main/artist_images/Ismail.jpg?raw=true
Cloke,https://github.com/Leander-Antony/my-spotify/blob/main/artist_images/Cloke.jpg?raw=true
Lofuu,https://github.com/Leander-Antony/my-spotify/blob/main/artist_images/Lofuu.jpg?raw=true
U$ELE$S,https://github.com/Leander-Antony/my-spotify/blob/main/artist_images/U%24ELE%24S.jpg?raw=true
Lonely Lies,https://github.com/Leander-Antony/my-spotify/blob/main/artist_images/Lonely%20Lies.jpg?raw=true
MGMT,https://github.com/Leander-Antony/my-spotify/blob/main/artist_images/MGMT.jpg?raw=true
CRYPTORAZE,https://github.com/Leander-Antony/my-spotify/blob/main/artist_images/CRYPTORAZE.jpg?raw=true
hxrtly,https://github.com/Leander-Antony/my-spotify/blob/main/artist_images/hxrtly.jpg?raw=true
glichery,https://github.com/Leander-Antony/my-spotify/blob/main/artist_images/glichery.jpg?raw=true
-Prey,https://github.com/Leander-Antony/my-spotify/blob/main/artist_images/-Prey.jpg?raw=true
CYPARISS,https://github.com/Leander-Antony/my-spotify/blob/main/artist_images/CYPARISS.jpg?raw=true
Zack Orsen,https://github.com/Leander-Antony/my-spotify/blob/main/artist_images/Zack%20Orsen.jpg?raw=true
ominix,https://github.com/Leander-Antony/my-spotify/blob/main/artist_images/ominix.jpg?raw=true
GWRZTRMNR,https://github.com/Leander-Antony/my-spotify/blob/main/artist_images/GWRZTRMNR.jpg?raw=true
Fatalxrd,https://github.com/Leander-Antony/my-spotify/blob/main/artist_images/Fatalxrd.jpg?raw=true
SPYRAL,https://github.com/Leander-Antony/my-spotify/blob/main/artist_images/SPYRAL.jpg?raw=true
Lowx,https://github.com/Leander-Antony/my-spotify/blob/main/artist_images/Lowx.jpg?raw=true
Mookigang,https://github.com/Leander-Antony/my-spotify/blob/main/artist_images/Mookigang.jpg?raw=true
ELIJAH MOON,https://github.com/Leander-Antony/my-spotify/blob/main/artist_images/ELIJAH%20MOON.jpg?raw=true
EKKSTACY,https://github.com/Leander-Antony/my-spotify/blob/main/artist_images/EKKSTACY.jpg?raw=true
HoKø,https://github.com/Leander-Antony/my-spotify/blob/main/artist_images/HoK%C3%B8.jpg?raw=true
DLJ,https://github.com/Leander-Antony/my-spotify/blob/main/artist_images/DLJ.jpg?raw=true
Peak Twilight,https://github.com/Leander-Antony/my-spotify/blob/main/artist_images/Peak%20Twilight.jpg?raw=true
Cosmic Koala,https://github.com/Leander-Antony/my-spotify/blob/main/artist_images/Cosmic%20Koala.jpg?raw=true
Prithvi,https://github.com/Leander-Antony/my-spotify/blob/main/artist_images/Prithvi.jpg?raw=true
stream_error,https://github.com/Leander-Antony/my-spotify/blob/main/artist_images/stream_error.jpg?raw=true
Bert,https://github.com/Leander-Antony/my-spotify/blob/main/artist_images/Bert.jpg?raw=true
xander.,https://github.com/Leander-Antony/my-spotify/blob/main/artist_images/xander..jpg?raw=true
softy,https://github.com/Leander-Antony/my-spotify/blob/main/artist_images/softy.jpg?raw=true
Derek Fiechter,https://github.com/Leander-Antony/my-spotify/blob/main/artist_images/Derek%20Fiechter.jpg?raw=true
Michael Gerow,https://github.com/Leander-Antony/my-spotify/blob/main/artist_images/Michael%20Gerow.jpg?raw=true
Lennon Stella,https://github.com/Leander-Antony/my-spotify/blob/main/artist_images/Lennon%20Stella.jpg?raw=true
maryjo,https://github.com/Leander-Antony/my-spotify/blob/main/artist_images/maryjo.jpg?raw=true
Khloe Rose,https://github.com/Leander-Antony/my-spotify/blob/main/artist_images/Khloe%20Rose.jpg?raw=true
Peter Gundry,https://github.com/Leander-Antony/my-spotify/blob/main/artist_images/Peter%20Gundry.jpg?raw=true
Brandon Fiechter,https://github.com/Leander-Antony/my-spotify/blob/main/artist_images/Brandon%20Fiechter.jpg?raw=true
Nox Arcana,https://github.com/Leander-Antony/my-spotify/blob/main/artist_images/Nox%20Arcana.jpg?raw=true
Shiro SAGISU,https://github.com/Leander-Antony/my-spotify/blob/main/artist_images/Shiro%20SAGISU.jpg?raw=true
FIFTY FIFTY,https://github.com/Leander-Antony/my-spotify/blob/main/artist_images/FIFTY%20FIFTY.jpg?raw=true
DampPuma,https://github.com/Leander-Antony/my-spotify/blob/main/artist_images/DampPuma.jpg?raw=true
Bemax,https://github.com/Leander-Antony/my-spotify/blob/main/artist_images/Bemax.jpg?raw=true
Fran Vasilić,https://github.com/Leander-Antony/my-spotify/blob/main/artist_images/Fran%20Vasili%C4%87.jpg?raw=true
Celestial Alignment,https://github.com/Leander-Antony/my-spotify/blob/main/artist_images/Celestial%20Alignment.jpg?raw=true
Psalm Trees,https://github.com/Leander-Antony/my-spotify/blob/main/artist_images/Psalm%20Trees.jpg?raw=true
Fujii Kaze,https://github.com/Leander-Antony/my-spotify/blob/main/artist_images/Fujii%20Kaze.jpg?raw=true
ThxSoMch,https://github.com/Leander-Antony/my-spotify/blob/main/artist_images/ThxSoMch.jpg?raw=true
Metro Boomin,https://github.com/Leander-Antony/my-spotify/blob/main/artist_images/Metro%20Boomin.jpg?raw=true
l'Outlander,https://github.com/Leander-Antony/my-spotify/blob/main/artist_images/l%27Outlander.jpg?raw=true
Chelsea Cutler,https://github.com/Leander-Antony/my-spotify/blob/main/artist_images/Chelsea%20Cutler.jpg?raw=true
Andi,https://github.com/Leander-Antony/my-spotify/blob/main/artist_images/Andi.jpg?raw=true
Daniel Seavey,https://github.com/Leander-Antony/my-spotify/blob/main/artist_images/Daniel%20Seavey.jpg?raw=true
Mad Tsai,https://github.com/Leander-Antony/my-spotify/blob/main/artist_images/Mad%20Tsai.jpg?raw=true
clide,https://github.com/Leander-Antony/my-spotify/blob/main/artist_images/clide.jpg?raw=true
Florence Arman,https://github.com/Leander-Antony/my-spotify/blob/main/artist_images/Florence%20Arman.jpg?raw=true
NIKI,https://github.com/Leander-Antony/my-spotify/blob/main/artist_images/NIKI.jpg?raw=true
Dermot Kennedy,https://github.com/Leander-Antony/my-spotify/blob/main/artist_images/Dermot%20Kennedy.jpg?raw=true
Jake Cornell,https://github.com/Leander-Antony/my-spotify/blob/main/artist_images/Jake%20Cornell.jpg?raw=true
Bryant Barnes,https://github.com/Leander-Antony/my-spotify/blob/main/artist_images/Bryant%20Barnes.jpg?raw=true
dryhope,https://github.com/Leander-Antony/my-spotify/blob/main/artist_images/dryhope.jpg?raw=true
MXRAKEE,https://github.com/Leander-Antony/my-spotify/blob/main/artist_images/MXRAKEE.jpg?raw=true
Isolate.exe,https://github.com/Leander-Antony/my-spotify/blob/main/artist_images/Isolate.exe.jpg?raw=true
NUEKI,https://github.com/Leander-Antony/my-spotify/blob/main/artist_images/NUEKI.jpg?raw=true
Rxm リム,https://github.com/Leander-Antony/my-spotify/blob/main/artist_images/Rxm%20%E3%83%AA%E3%83%A0.jpg?raw=true
PLAINMANE,https://github.com/Leander-Antony/my-spotify/blob/main/artist_images/PLAINMANE.jpg?raw=true
Svphvr,https://github.com/Leander-Antony/my-spotify/blob/main/artist_images/Svphvr.jpg?raw=true
lucidmusic,https://github.com/Leander-Antony/my-spotify/blob/main/artist_images/lucidmusic.jpg?raw=true
ASCLEPIOS,https://github.com/Leander-Antony/my-spotify/blob/main/artist_images/ASCLEPIOS.jpg?raw=true
memos,https://github.com/Leander-Antony/my-spotify/blob/main/artist_images/memos.jpg?raw=true
La Capella,https://github.com/Leander-Antony/my-spotify/blob/main/artist_images/La%20Capella.jpg?raw=true
lucaf.,https://github.com/Leander-Antony/my-spotify/blob/main/artist_images/lucaf..jpg?raw=true
Rushex,https://github.com/Leander-Antony/my-spotify/blob/main/artist_images/Rushex.jpg?raw=true
SHAB!OOD,https://github.com/Leander-Antony/my-spotify/blob/main/artist_images/SHAB%21OOD.jpg?raw=true
KIL KROOK,https://github.com/Leander-Antony/my-spotify/blob/main/artist_images/KIL%20KROOK.jpg?raw=true
DELIRIUM,https://github.com/Leander-Antony/my-spotify/blob/main/artist_images/DELIRIUM.jpg?raw=true
Lurk,https://github.com/Leander-Antony/my-spotify/blob/main/artist_images/Lurk.jpg?raw=true
msht,https://github.com/Leander-Antony/my-spotify/blob/main/artist_images/msht.jpg?raw=true
Slowboy,https://github.com/Leander-Antony/my-spotify/blob/main/artist_images/Slowboy.jpg?raw=true
KREZUS,https://github.com/Leander-Antony/my-spotify/blob/main/artist_images/KREZUS.jpg?raw=true
HXPETRAIN,https://github.com/Leander-Antony/my-spotify/blob/main/artist_images/HXPETRAIN.jpg?raw=true
Jason Paris,https://github.com/Leander-Antony/my-spotify/blob/main/artist_images/Jason%20Paris.jpg?raw=true
Max Mayorov,https://github.com/Leander-Antony/my-spotify/blob/main/artist_images/Max%20Mayorov.jpg?raw=true
Flowbo,https://github.com/Leander-Antony/my-spotify/blob/main/artist_images/Flowbo.jpg?raw=true
Mae Stephens,https://github.com/Leander-Antony/my-spotify/blob/main/artist_images/Mae%20Stephens.jpg?raw=true
leydown n chill,https://github.com/Leander-Antony/my-spotify/blob/main/artist_images/leydown%20n%20chill.jpg?raw=true
Ren,https://github.com/Leander-Antony/my-spotify/blob/main/artist_images/Ren.jpg?raw=true
EzdriaL,https://github.com/Leander-Antony/my-spotify/blob/main/artist_images/EzdriaL.jpg?raw=true
LIKEBSNS,https://github.com/Leander-Antony/my-spotify/blob/main/artist_images/LIKEBSNS.jpg?raw=true
murder your memory,https://github.com/Leander-Antony/my-spotify/blob/main/artist_images/murder%20your%20memory.jpg?raw=true
DVRKMANE,https://github.com/Leander-Antony/my-spotify/blob/main/artist_images/DVRKMANE.jpg?raw=true
Antent,https://github.com/Leander-Antony/my-spotify/blob/main/artist_images/Antent.jpg?raw=true
Rizó,https://github.com/Leander-Antony/my-spotify/blob/main/artist_images/Riz%C3%B3.jpg?raw=true
BRINZ,https://github.com/Leander-Antony/my-spotify/blob/main/artist_images/BRINZ.jpg?raw=true
Albanos Xwris Xartia,https://github.com/Leander-Antony/my-spotify/blob/main/artist_images/Albanos%20Xwris%20Xartia.jpg?raw=true
Emmitt Azen,https://github.com/Leander-Antony/my-spotify/blob/main/artist_images/Emmitt%20Azen.jpg?raw=true
ARMXD,https://github.com/Leander-Antony/my-spotify/blob/main/artist_images/ARMXD.jpg?raw=true
Ambulo,https://github.com/Leander-Antony/my-spotify/blob/main/artist_images/Ambulo.jpg?raw=true
LXNGVX,https://github.com/Leander-Antony/my-spotify/blob/main/artist_images/LXNGVX.jpg?raw=true
ODECORE,https://github.com/Leander-Antony/my-spotify/blob/main/artist_images/ODECORE.jpg?raw=true
Hxntai Ninja,https://github.com/Leander-Antony/my-spotify/blob/main/artist_images/Hxntai%20Ninja.jpg?raw=true
NEKKZI,https://github.com/Leander-Antony/my-spotify/blob/main/artist_images/NEKKZI.jpg?raw=true
zetuv,https://github.com/Leander-Antony/my-spotify/blob/main/artist_images/zetuv.jpg?raw=true
Clovis Reyes,https://github.com/Leander-Antony/my-spotify/blob/main/artist_images/Clovis%20Reyes.jpg?raw=true
TWISTED,https://github.com/Leander-Antony/my-spotify/blob/main/artist_images/TWISTED.jpg?raw=true
alterity,https://github.com/Leander-Antony/my-spotify/blob/main/artist_images/alterity.jpg?raw=true
Pr1nce666,https://github.com/Leander-Antony/my-spotify/blob/main/artist_images/Pr1nce666.jpg?raw=true
Wilee,https://github.com/Leander-Antony/my-spotify/blob/main/artist_images/Wilee.jpg?raw=true
bxkq,https://github.com/Leander-Antony/my-spotify/blob/main/artist_images/bxkq.jpg?raw=true
exenon,https://github.com/Leander-Antony/my-spotify/blob/main/artist_images/exenon.jpg?raw=true
Lyosel,https://github.com/Leander-Antony/my-spotify/blob/main/artist_images/Lyosel.jpg?raw=true
KxckStyle,https://github.com/Leander-Antony/my-spotify/blob/main/artist_images/KxckStyle.jpg?raw=true
Metehan,https://github.com/Leander-Antony/my-spotify/blob/main/artist_images/Metehan.jpg?raw=true
ShadowStep,https://github.com/Leander-Antony/my-spotify/blob/main/artist_images/ShadowStep.jpg?raw=true
Hardstylerzz,https://github.com/Leander-Antony/my-spotify/blob/main/artist_images/Hardstylerzz.jpg?raw=true
swoe,https://github.com/Leander-Antony/my-spotify/blob/main/artist_images/swoe.jpg?raw=true
BluntOne,https://github.com/Leander-Antony/my-spotify/blob/main/artist_images/BluntOne.jpg?raw=true
Jhove,https://github.com/Leander-Antony/my-spotify/blob/main/artist_images/Jhove.jpg?raw=true
FAKE TYPE.,https://github.com/Leander-Antony/my-spotify/blob/main/artist_images/FAKE%20TYPE..jpg?raw=true
Kikuo,https://github.com/Leander-Antony/my-spotify/blob/main/artist_images/Kikuo.jpg?raw=true
Jun Togawa,https://github.com/Leander-Antony/my-spotify/blob/main/artist_images/Jun%20Togawa.jpg?raw=true
SEKAI NO OWARI,https://github.com/Leander-Antony/my-spotify/blob/main/artist_images/SEKAI%20NO%20OWARI.jpg?raw=true
Ghost and Pals,https://github.com/Leander-Antony/my-spotify/blob/main/artist_images/Ghost%20and%20Pals.jpg?raw=true
Shinsei Kamattechan,https://github.com/Leander-Antony/my-spotify/blob/main/artist_images/Shinsei%20Kamattechan.jpg?raw=true
No Spirit,https://github.com/Leander-Antony/my-spotify/blob/main/artist_images/No%20Spirit.jpg?raw=true
Colene Troester,https://github.com/Leander-Antony/my-spotify/blob/main/artist_images/Colene%20Troester.jpg?raw=true
lowpow,https://github.com/Leander-Antony/my-spotify/blob/main/artist_images/lowpow.jpg?raw=true
Phonkz,https://github.com/Leander-Antony/my-spotify/blob/main/artist_images/Phonkz.jpg?raw=true
AHEN,https://github.com/Leander-Antony/my-spotify/blob/main/artist_images/AHEN.jpg?raw=true
Mirin Brah,https://github.com/Leander-Antony/my-spotify/blob/main/artist_images/Mirin%20Brah.jpg?raw=true
ANIME GYM HARDSTYLE,https://github.com/Leander-Antony/my-spotify/blob/main/artist_images/ANIME%20GYM%20HARDSTYLE.jpg?raw=true
Lofi Night Drives,https://github.com/Leander-Antony/my-spotify/blob/main/artist_images/Lofi%20Night%20Drives.jpg?raw=true
Ww3,https://github.com/Leander-Antony/my-spotify/blob/main/artist_images/Ww3.jpg?raw=true
Rais Shaikh,https://github.com/Leander-Antony/my-spotify/blob/main/artist_images/Rais%20Shaikh.jpg?raw=true
midnight alpha.,https://github.com/Leander-Antony/my-spotify/blob/main/artist_images/midnight%20alpha..jpg?raw=true
Jessica Baio,https://github.com/Leander-Antony/my-spotify/blob/main/artist_images/Jessica%20Baio.jpg?raw=true
Henry Moodie,https://github.com/Leander-Antony/my-spotify/blob/main/artist_images/Henry%20Moodie.jpg?raw=true
Phlocalyst,https://github.com/Leander-Antony/my-spotify/blob/main/artist_images/Phlocalyst.jpg?raw=true
Kisuk4,https://github.com/Leander-Antony/my-spotify/blob/main/artist_images/Kisuk4.jpg?raw=true
Lollia,https://github.com/Leander-Antony/my-spotify/blob/main/artist_images/Lollia.jpg?raw=true
BAKI,https://github.com/Leander-Antony/my-spotify/blob/main/artist_images/BAKI.jpg?raw=true
Little Nii,https://github.com/Leander-Antony/my-spotify/blob/main/artist_images/Little%20Nii.jpg?raw=true
Sarah Jeffery,https://github.com/Leander-Antony/my-spotify/blob/main/artist_images/Sarah%20Jeffery.jpg?raw=true
Green Day,https://github.com/Leander-Antony/my-spotify/blob/main/artist_images/Green%20Day.jpg?raw=true
Keane,https://github.com/Leander-Antony/my-spotify/blob/main/artist_images/Keane.jpg?raw=true
Prinz,https://github.com/Leander-Antony/my-spotify/blob/main/artist_images/Prinz.jpg?raw=true
Kovai Kamala,https://github.com/Leander-Antony/my-spotify/blob/main/artist_images/Kovai%20Kamala.jpg?raw=true
Sunidhi Chauhan,https://github.com/Leander-Antony/my-spotify/blob/main/artist_images/Sunidhi%20Chauhan.jpg?raw=true
Sunitha Sarathy,https://github.com/Leander-Antony/my-spotify/blob/main/artist_images/Sunitha%20Sarathy.jpg?raw=true
Shreya Ghoshal,https://github.com/Leander-Antony/my-spotify/blob/main/artist_images/Shreya%20Ghoshal.jpg?raw=true
Madhusree,https://github.com/Leander-Antony/my-spotify/blob/main/artist_images/Madhusree.jpg?raw=true
Vidusan Kaneswaran,https://github.com/Leander-Antony/my-spotify/blob/main/artist_images/Vidusan%20Kaneswaran.jpg?raw=true
N.R. Raghunanthan,https://github.com/Leander-Antony/my-spotify/blob/main/artist_images/N.R.%20Raghunanthan.jpg?raw=true
Thiyvya,https://github.com/Leander-Antony/my-spotify/blob/main/artist_images/Thiyvya.jpg?raw=true
Shabir Sulthan,https://github.com/Leander-Antony/my-spotify/blob/main/artist_images/Shabir%20Sulthan.jpg?raw=true
Benny Dayal,https://github.com/Leander-Antony/my-spotify/blob/main/artist_images/Benny%20Dayal.jpg?raw=true
Shaan,https://github.com/Leander-Antony/my-spotify/blob/main/artist_images/Shaan.jpg?raw=true
Vishal Chandrashekhar,https://github.com/Leander-Antony/my-spotify/blob/main/artist_images/Vishal%20Chandrashekhar.jpg?raw=true
Lizzy McAlpine,https://github.com/Leander-Antony/my-spotify/blob/main/artist_images/Lizzy%20McAlpine.jpg?raw=true
Rydoan,https://github.com/Leander-Antony/my-spotify/blob/main/artist_images/Rydoan.jpg?raw=true
Vishal Mishra,https://github.com/Leander-Antony/my-spotify/blob/main/artist_images/Vishal%20Mishra.jpg?raw=true
Sean Roldan,https://github.com/Leander-Antony/my-spotify/blob/main/artist_images/Sean%20Roldan.jpg?raw=true
Sam Vishal,https://github.com/Leander-Antony/my-spotify/blob/main/artist_images/Sam%20Vishal.jpg?raw=true
Hesham Abdul Wahab,https://github.com/Leander-Antony/my-spotify/blob/main/artist_images/Hesham%20Abdul%20Wahab.jpg?raw=true
Krishnan,https://github.com/Leander-Antony/my-spotify/blob/main/artist_images/Krishnan.jpg?raw=true
Vathshan,https://github.com/Leander-Antony/my-spotify/blob/main/artist_images/Vathshan.jpg?raw=true
Sriram V,https://github.com/Leander-Antony/my-spotify/blob/main/artist_images/Sriram%20V.jpg?raw=true
S.P. Charan,https://github.com/Leander-Antony/my-spotify/blob/main/artist_images/S.P.%20Charan.jpg?raw=true
flewx,https://github.com/Leander-Antony/my-spotify/blob/main/artist_images/flewx.jpg?raw=true
Airworthy,https://github.com/Leander-Antony/my-spotify/blob/main/artist_images/Airworthy.jpg?raw=true
Lucidious,https://github.com/Leander-Antony/my-spotify/blob/main/artist_images/Lucidious.jpg?raw=true
James Mercy,https://github.com/Leander-Antony/my-spotify/blob/main/artist_images/James%20Mercy.jpg?raw=true
Fraxo,https://github.com/Leander-Antony/my-spotify/blob/main/artist_images/Fraxo.jpg?raw=true
sammy rash,https://github.com/Leander-Antony/my-spotify/blob/main/artist_images/sammy%20rash.jpg?raw=true
Myles Smith,https://github.com/Leander-Antony/my-spotify/blob/main/artist_images/Myles%20Smith.jpg?raw=true
AMAG,https://github.com/Leander-Antony/my-spotify/blob/main/artist_images/AMAG.jpg?raw=true
The Astronomers,https://github.com/Leander-Antony/my-spotify/blob/main/artist_images/The%20Astronomers.jpg?raw=true
GRAHAM,https://github.com/Leander-Antony/my-spotify/blob/main/artist_images/GRAHAM.jpg?raw=true
Kyle Hume,https://github.com/Leander-Antony/my-spotify/blob/main/artist_images/Kyle%20Hume.jpg?raw=true
Mackenzy Mackay,https://github.com/Leander-Antony/my-spotify/blob/main/artist_images/Mackenzy%20Mackay.jpg?raw=true
Zimm,https://github.com/Leander-Antony/my-spotify/blob/main/artist_images/Zimm.jpg?raw=true
Crash Adams,https://github.com/Leander-Antony/my-spotify/blob/main/artist_images/Crash%20Adams.jpg?raw=true
ryman leon,https://github.com/Leander-Antony/my-spotify/blob/main/artist_images/ryman%20leon.jpg?raw=true
VOILÀ,https://github.com/Leander-Antony/my-spotify/blob/main/artist_images/VOIL%C3%80.jpg?raw=true
Arden Jones,https://github.com/Leander-Antony/my-spotify/blob/main/artist_images/Arden%20Jones.jpg?raw=true
Preston Pablo,https://github.com/Leander-Antony/my-spotify/blob/main/artist_images/Preston%20Pablo.jpg?raw=true
Thomas Day,https://github.com/Leander-Antony/my-spotify/blob/main/artist_images/Thomas%20Day.jpg?raw=true
Kado,https://github.com/Leander-Antony/my-spotify/blob/main/artist_images/Kado.jpg?raw=true
LECADE,https://github.com/Leander-Antony/my-spotify/blob/main/artist_images/LECADE.jpg?raw=true
FLAME,https://github.com/Leander-Antony/my-spotify/blob/main/artist_images/FLAME.jpg?raw=true
Jenna Raine,https://github.com/Leander-Antony/my-spotify/blob/main/artist_images/Jenna%20Raine.jpg?raw=true
Akimbo Beats,https://github.com/Leander-Antony/my-spotify/blob/main/artist_images/Akimbo%20Beats.jpg?raw=true
Armut,https://github.com/Leander-Antony/my-spotify/blob/main/artist_images/Armut.jpg?raw=true
Sexy Girls Licking ASMR,https://github.com/Leander-Antony/my-spotify/blob/main/artist_images/Sexy%20Girls%20Licking%20ASMR.jpg?raw=true
Professional Sound Effects Group,https://github.com/Leander-Antony/my-spotify/blob/main/artist_images/Professional%20Sound%20Effects%20Group.jpg?raw=true
Gxdzxlla,https://github.com/Leander-Antony/my-spotify/blob/main/artist_images/Gxdzxlla.jpg?raw=true
Sex Music and Sounds,https://github.com/Leander-Antony/my-spotify/blob/main/artist_images/Sex%20Music%20and%20Sounds.jpg?raw=true
Hot Licking Girls ASMR,https://github.com/Leander-Antony/my-spotify/blob/main/artist_images/Hot%20Licking%20Girls%20ASMR.jpg?raw=true
Zach Diamond,https://github.com/Leander-Antony/my-spotify/blob/main/artist_images/Zach%20Diamond.jpg?raw=true
Sabrina Carpenter,https://github.com/Leander-Antony/my-spotify/blob/main/artist_images/Sabrina%20Carpenter.jpg?raw=true
Yung Crusha,https://github.com/Leander-Antony/my-spotify/blob/main/artist_images/Yung%20Crusha.jpg?raw=true
Josiah MacCartney,https://github.com/Leander-Antony/my-spotify/blob/main/artist_images/Josiah%20MacCartney.jpg?raw=true
ChrispyD,https://github.com/Leander-Antony/my-spotify/blob/main/artist_images/ChrispyD.jpg?raw=true
Beautiful Beats,https://github.com/Leander-Antony/my-spotify/blob/main/artist_images/Beautiful%20Beats.jpg?raw=true
Flexyz,https://github.com/Leander-Antony/my-spotify/blob/main/artist_images/Flexyz.jpg?raw=true
magnuscan,https://github.com/Leander-Antony/my-spotify/blob/main/artist_images/magnuscan.jpg?raw=true
JordoTWFS Records,https://github.com/Leander-Antony/my-spotify/blob/main/artist_images/JordoTWFS%20Records.jpg?raw=true
Seon,https://github.com/Leander-Antony/my-spotify/blob/main/artist_images/Seon.jpg?raw=true
Presence,https://github.com/Leander-Antony/my-spotify/blob/main/artist_images/Presence.jpg?raw=true
Nafeesisboujee,https://github.com/Leander-Antony/my-spotify/blob/main/artist_images/Nafeesisboujee.jpg?raw=true
Cavetown,https://github.com/Leander-Antony/my-spotify/blob/main/artist_images/Cavetown.jpg?raw=true
Paramore,https://github.com/Leander-Antony/my-spotify/blob/main/artist_images/Paramore.jpg?raw=true
Tibeauthetraveler,https://github.com/Leander-Antony/my-spotify/blob/main/artist_images/Tibeauthetraveler.jpg?raw=true
Narvent,https://github.com/Leander-Antony/my-spotify/blob/main/artist_images/Narvent.jpg?raw=true
CXSMPX,https://github.com/Leander-Antony/my-spotify/blob/main/artist_images/CXSMPX.jpg?raw=true
Perpetualll,https://github.com/Leander-Antony/my-spotify/blob/main/artist_images/Perpetualll.jpg?raw=true
DIGITAL REY,https://github.com/Leander-Antony/my-spotify/blob/main/artist_images/DIGITAL%20REY.jpg?raw=true
suffersite.,https://github.com/Leander-Antony/my-spotify/blob/main/artist_images/suffersite..jpg?raw=true
kyary,https://github.com/Leander-Antony/my-spotify/blob/main/artist_images/kyary.jpg?raw=true
$uLTANR$,https://github.com/Leander-Antony/my-spotify/blob/main/artist_images/%24uLTANR%24.jpg?raw=true
Playa DYSY,https://github.com/Leander-Antony/my-spotify/blob/main/artist_images/Playa%20DYSY.jpg?raw=true
Willix,https://github.com/Leander-Antony/my-spotify/blob/main/artist_images/Willix.jpg?raw=true
DRIFTMANE,https://github.com/Leander-Antony/my-spotify/blob/main/artist_images/DRIFTMANE.jpg?raw=true
Motxai,https://github.com/Leander-Antony/my-spotify/blob/main/artist_images/Motxai.jpg?raw=true
YDDN,https://github.com/Leander-Antony/my-spotify/blob/main/artist_images/YDDN.jpg?raw=true
SAGE,https://github.com/Leander-Antony/my-spotify/blob/main/artist_images/SAGE.jpg?raw=true
phonk.me,https://github.com/Leander-Antony/my-spotify/blob/main/artist_images/phonk.me.jpg?raw=true
DESTROMAKER,https://github.com/Leander-Antony/my-spotify/blob/main/artist_images/DESTROMAKER.jpg?raw=true
ZAPOROZHETS,https://github.com/Leander-Antony/my-spotify/blob/main/artist_images/ZAPOROZHETS.jpg?raw=true
Anymars,https://github.com/Leander-Antony/my-spotify/blob/main/artist_images/Anymars.jpg?raw=true
xcyting,https://github.com/Leander-Antony/my-spotify/blob/main/artist_images/xcyting.jpg?raw=true
BXNFXM,https://github.com/Leander-Antony/my-spotify/blob/main/artist_images/BXNFXM.jpg?raw=true
northwest,https://github.com/Leander-Antony/my-spotify/blob/main/artist_images/northwest.jpg?raw=true
tayuki,https://github.com/Leander-Antony/my-spotify/blob/main/artist_images/tayuki.jpg?raw=true
usedbefore,https://github.com/Leander-Antony/my-spotify/blob/main/artist_images/usedbefore.jpg?raw=true
HXVSAGE,https://github.com/Leander-Antony/my-spotify/blob/main/artist_images/HXVSAGE.jpg?raw=true
MAXPVNK,https://github.com/Leander-Antony/my-spotify/blob/main/artist_images/MAXPVNK.jpg?raw=true
OTVphonk,https://github.com/Leander-Antony/my-spotify/blob/main/artist_images/OTVphonk.jpg?raw=true
Fuerza Regida,https://github.com/Leander-Antony/my-spotify/blob/main/artist_images/Fuerza%20Regida.jpg?raw=true
Snow Trashi,https://github.com/Leander-Antony/my-spotify/blob/main/artist_images/Snow%20Trashi.jpg?raw=true
Towerz,https://github.com/Leander-Antony/my-spotify/blob/main/artist_images/Towerz.jpg?raw=true
luv pug,https://github.com/Leander-Antony/my-spotify/blob/main/artist_images/luv%20pug.jpg?raw=true
Yunyaksova,https://github.com/Leander-Antony/my-spotify/blob/main/artist_images/Yunyaksova.jpg?raw=true
HOSPICEMANE,https://github.com/Leander-Antony/my-spotify/blob/main/artist_images/HOSPICEMANE.jpg?raw=true
PHONK.EXE,https://github.com/Leander-Antony/my-spotify/blob/main/artist_images/PHONK.EXE.jpg?raw=true
DRLMNK,https://github.com/Leander-Antony/my-spotify/blob/main/artist_images/DRLMNK.jpg?raw=true
COWBELL DYNASTY,https://github.com/Leander-Antony/my-spotify/blob/main/artist_images/COWBELL%20DYNASTY.jpg?raw=true
nolead.,https://github.com/Leander-Antony/my-spotify/blob/main/artist_images/nolead..jpg?raw=true
CNDI,https://github.com/Leander-Antony/my-spotify/blob/main/artist_images/CNDI.jpg?raw=true
Monkid,https://github.com/Leander-Antony/my-spotify/blob/main/artist_images/Monkid.jpg?raw=true
KXNVRA,https://github.com/Leander-Antony/my-spotify/blob/main/artist_images/KXNVRA.jpg?raw=true
АДЛИН,https://github.com/Leander-Antony/my-spotify/blob/main/artist_images/%D0%90%D0%94%D0%9B%D0%98%D0%9D.jpg?raw=true
Kofer,https://github.com/Leander-Antony/my-spotify/blob/main/artist_images/Kofer.jpg?raw=true
Mishashi Sensei,https://github.com/Leander-Antony/my-spotify/blob/main/artist_images/Mishashi%20Sensei.jpg?raw=true
SFT3R,https://github.com/Leander-Antony/my-spotify/blob/main/artist_images/SFT3R.jpg?raw=true
KXDVK,https://github.com/Leander-Antony/my-spotify/blob/main/artist_images/KXDVK.jpg?raw=true
GELXS,https://github.com/Leander-Antony/my-spotify/blob/main/artist_images/GELXS.jpg?raw=true
SHADXWBLVCK,https://github.com/Leander-Antony/my-spotify/blob/main/artist_images/SHADXWBLVCK.jpg?raw=true
SAILXNCE,https://github.com/Leander-Antony/my-spotify/blob/main/artist_images/SAILXNCE.jpg?raw=true
fulleyes,https://github.com/Leander-Antony/my-spotify/blob/main/artist_images/fulleyes.jpg?raw=true
ILOVEDARKSUN,https://github.com/Leander-Antony/my-spotify/blob/main/artist_images/ILOVEDARKSUN.jpg?raw=true
TTM,https://github.com/Leander-Antony/my-spotify/blob/main/artist_images/TTM.jpg?raw=true
SANTO BEATS,https://github.com/Leander-Antony/my-spotify/blob/main/artist_images/SANTO%20BEATS.jpg?raw=true
requi3m,https://github.com/Leander-Antony/my-spotify/blob/main/artist_images/requi3m.jpg?raw=true
OXXXIDE,https://github.com/Leander-Antony/my-spotify/blob/main/artist_images/OXXXIDE.jpg?raw=true
VXIDWXLKER,https://github.com/Leander-Antony/my-spotify/blob/main/artist_images/VXIDWXLKER.jpg?raw=true
NEIRONe,https://github.com/Leander-Antony/my-spotify/blob/main/artist_images/NEIRONe.jpg?raw=true
SKYPLAYA,https://github.com/Leander-Antony/my-spotify/blob/main/artist_images/SKYPLAYA.jpg?raw=true
CURSEDEVIL,https://github.com/Leander-Antony/my-spotify/blob/main/artist_images/CURSEDEVIL.jpg?raw=true
LXST CXNTURY,https://github.com/Leander-Antony/my-spotify/blob/main/artist_images/LXST%20CXNTURY.jpg?raw=true
EVILDXER,https://github.com/Leander-Antony/my-spotify/blob/main/artist_images/EVILDXER.jpg?raw=true
Sx1nxwy,https://github.com/Leander-Antony/my-spotify/blob/main/artist_images/Sx1nxwy.jpg?raw=true
Stephanskiy,https://github.com/Leander-Antony/my-spotify/blob/main/artist_images/Stephanskiy.jpg?raw=true
Happe,https://github.com/Leander-Antony/my-spotify/blob/main/artist_images/Happe.jpg?raw=true
danjerr,https://github.com/Leander-Antony/my-spotify/blob/main/artist_images/danjerr.jpg?raw=true
SAY3AM,https://github.com/Leander-Antony/my-spotify/blob/main/artist_images/SAY3AM.jpg?raw=true
STXRZ,https://github.com/Leander-Antony/my-spotify/blob/main/artist_images/STXRZ.jpg?raw=true
Martyris,https://github.com/Leander-Antony/my-spotify/blob/main/artist_images/Martyris.jpg?raw=true
SXCREDMANE,https://github.com/Leander-Antony/my-spotify/blob/main/artist_images/SXCREDMANE.jpg?raw=true
RXLZQ,https://github.com/Leander-Antony/my-spotify/blob/main/artist_images/RXLZQ.jpg?raw=true
KoruSe,https://github.com/Leander-Antony/my-spotify/blob/main/artist_images/KoruSe.jpg?raw=true
nanebo,https://github.com/Leander-Antony/my-spotify/blob/main/artist_images/nanebo.jpg?raw=true
HOBIN ROOD,https://github.com/Leander-Antony/my-spotify/blob/main/artist_images/HOBIN%20ROOD.jpg?raw=true
GERXMVP,https://github.com/Leander-Antony/my-spotify/blob/main/artist_images/GERXMVP.jpg?raw=true
Ariis,https://github.com/Leander-Antony/my-spotify/blob/main/artist_images/Ariis.jpg?raw=true
trapeia,https://github.com/Leander-Antony/my-spotify/blob/main/artist_images/trapeia.jpg?raw=true
almogfx,https://github.com/Leander-Antony/my-spotify/blob/main/artist_images/almogfx.jpg?raw=true
9STAR,https://github.com/Leander-Antony/my-spotify/blob/main/artist_images/9STAR.jpg?raw=true
S4nri0,https://github.com/Leander-Antony/my-spotify/blob/main/artist_images/S4nri0.jpg?raw=true
nashi,https://github.com/Leander-Antony/my-spotify/blob/main/artist_images/nashi.jpg?raw=true
FORGOTTENAGE,https://github.com/Leander-Antony/my-spotify/blob/main/artist_images/FORGOTTENAGE.jpg?raw=true
KLMRN,https://github.com/Leander-Antony/my-spotify/blob/main/artist_images/KLMRN.jpg?raw=true
ZENTRUM,https://github.com/Leander-Antony/my-spotify/blob/main/artist_images/ZENTRUM.jpg?raw=true
LXAES,https://github.com/Leander-Antony/my-spotify/blob/main/artist_images/LXAES.jpg?raw=true
PhonkDog,https://github.com/Leander-Antony/my-spotify/blob/main/artist_images/PhonkDog.jpg?raw=true
RXDXVIL,https://github.com/Leander-Antony/my-spotify/blob/main/artist_images/RXDXVIL.jpg?raw=true
Apovabin,https://github.com/Leander-Antony/my-spotify/blob/main/artist_images/Apovabin.jpg?raw=true
VESUV,https://github.com/Leander-Antony/my-spotify/blob/main/artist_images/VESUV.jpg?raw=true
ONEKLAB,https://github.com/Leander-Antony/my-spotify/blob/main/artist_images/ONEKLAB.jpg?raw=true
CRYSAME,https://github.com/Leander-Antony/my-spotify/blob/main/artist_images/CRYSAME.jpg?raw=true
TAZ-187,https://github.com/Leander-Antony/my-spotify/blob/main/artist_images/TAZ-187.jpg?raw=true
HXVRMXN,https://github.com/Leander-Antony/my-spotify/blob/main/artist_images/HXVRMXN.jpg?raw=true
Octavu,https://github.com/Leander-Antony/my-spotify/blob/main/artist_images/Octavu.jpg?raw=true
JOINTMANE,https://github.com/Leander-Antony/my-spotify/blob/main/artist_images/JOINTMANE.jpg?raw=true
skyfall beats,https://github.com/Leander-Antony/my-spotify/blob/main/artist_images/skyfall%20beats.jpg?raw=true
Lo'fi Chield,https://github.com/Leander-Antony/my-spotify/blob/main/artist_images/Lo%27fi%20Chield.jpg?raw=true
Blvsxed,https://github.com/Leander-Antony/my-spotify/blob/main/artist_images/Blvsxed.jpg?raw=true
SH3RWIN,https://github.com/Leander-Antony/my-spotify/blob/main/artist_images/SH3RWIN.jpg?raw=true
Project 98,https://github.com/Leander-Antony/my-spotify/blob/main/artist_images/Project%2098.jpg?raw=true
MXRGX,https://github.com/Leander-Antony/my-spotify/blob/main/artist_images/MXRGX.jpg?raw=true
Pierson Booth,https://github.com/Leander-Antony/my-spotify/blob/main/artist_images/Pierson%20Booth.jpg?raw=true
trxxshed,https://github.com/Leander-Antony/my-spotify/blob/main/artist_images/trxxshed.jpg?raw=true
idylla,https://github.com/Leander-Antony/my-spotify/blob/main/artist_images/idylla.jpg?raw=true
eugenio izzi,https://github.com/Leander-Antony/my-spotify/blob/main/artist_images/eugenio%20izzi.jpg?raw=true
Laffey,https://github.com/Leander-Antony/my-spotify/blob/main/artist_images/Laffey.jpg?raw=true
Gerardo Millán,https://github.com/Leander-Antony/my-spotify/blob/main/artist_images/Gerardo%20Mill%C3%A1n.jpg?raw=true
inertia.,https://github.com/Leander-Antony/my-spotify/blob/main/artist_images/inertia..jpg?raw=true
Late Night Tones,https://github.com/Leander-Antony/my-spotify/blob/main/artist_images/Late%20Night%20Tones.jpg?raw=true
slowburn,https://github.com/Leander-Antony/my-spotify/blob/main/artist_images/slowburn.jpg?raw=true
Allem Iversom,https://github.com/Leander-Antony/my-spotify/blob/main/artist_images/Allem%20Iversom.jpg?raw=true
Bcalm,https://github.com/Leander-Antony/my-spotify/blob/main/artist_images/Bcalm.jpg?raw=true
Goodnyght,https://github.com/Leander-Antony/my-spotify/blob/main/artist_images/Goodnyght.jpg?raw=true
Kinissue,https://github.com/Leander-Antony/my-spotify/blob/main/artist_images/Kinissue.jpg?raw=true
Blocktane,https://github.com/Leander-Antony/my-spotify/blob/main/artist_images/Blocktane.jpg?raw=true
tomcbumpz,https://github.com/Leander-Antony/my-spotify/blob/main/artist_images/tomcbumpz.jpg?raw=true
cxlt.,https://github.com/Leander-Antony/my-spotify/blob/main/artist_images/cxlt..jpg?raw=true
kudo,https://github.com/Leander-Antony/my-spotify/blob/main/artist_images/kudo.jpg?raw=true
mell-ø,https://github.com/Leander-Antony/my-spotify/blob/main/artist_images/mell-%C3%B8.jpg?raw=true
fnonose,https://github.com/Leander-Antony/my-spotify/blob/main/artist_images/fnonose.jpg?raw=true
XYLØ,https://github.com/Leander-Antony/my-spotify/blob/main/artist_images/XYL%C3%98.jpg?raw=true
Nyezo,https://github.com/Leander-Antony/my-spotify/blob/main/artist_images/Nyezo.jpg?raw=true
armanz brouckz,https://github.com/Leander-Antony/my-spotify/blob/main/artist_images/armanz%20brouckz.jpg?raw=true
mxracle,https://github.com/Leander-Antony/my-spotify/blob/main/artist_images/mxracle.jpg?raw=true
Kusal Binara,https://github.com/Leander-Antony/my-spotify/blob/main/artist_images/Kusal%20Binara.jpg?raw=true
hakeemos,https://github.com/Leander-Antony/my-spotify/blob/main/artist_images/hakeemos.jpg?raw=true
ROMANTICA,https://github.com/Leander-Antony/my-spotify/blob/main/artist_images/ROMANTICA.jpg?raw=true
ETERNXTY,https://github.com/Leander-Antony/my-spotify/blob/main/artist_images/ETERNXTY.jpg?raw=true
ARIAMANE,https://github.com/Leander-Antony/my-spotify/blob/main/artist_images/ARIAMANE.jpg?raw=true
Alexi Action,https://github.com/Leander-Antony/my-spotify/blob/main/artist_images/Alexi%20Action.jpg?raw=true
Ca$hBeatz,https://github.com/Leander-Antony/my-spotify/blob/main/artist_images/Ca%24hBeatz.jpg?raw=true
Shokillaz,https://github.com/Leander-Antony/my-spotify/blob/main/artist_images/Shokillaz.jpg?raw=true
DXRK VENDE,https://github.com/Leander-Antony/my-spotify/blob/main/artist_images/DXRK%20VENDE.jpg?raw=true
Chi X,https://github.com/Leander-Antony/my-spotify/blob/main/artist_images/Chi%20X.jpg?raw=true
74blade,https://github.com/Leander-Antony/my-spotify/blob/main/artist_images/74blade.jpg?raw=true
BRXDYMANE,https://github.com/Leander-Antony/my-spotify/blob/main/artist_images/BRXDYMANE.jpg?raw=true
BXGR,https://github.com/Leander-Antony/my-spotify/blob/main/artist_images/BXGR.jpg?raw=true
core5k,https://github.com/Leander-Antony/my-spotify/blob/main/artist_images/core5k.jpg?raw=true
Memphis Cult,https://github.com/Leander-Antony/my-spotify/blob/main/artist_images/Memphis%20Cult.jpg?raw=true
akiaura,https://github.com/Leander-Antony/my-spotify/blob/main/artist_images/akiaura.jpg?raw=true
TRUST.me,https://github.com/Leander-Antony/my-spotify/blob/main/artist_images/TRUST.me.jpg?raw=true
maksy.,https://github.com/Leander-Antony/my-spotify/blob/main/artist_images/maksy..jpg?raw=true
7vvch,https://github.com/Leander-Antony/my-spotify/blob/main/artist_images/7vvch.jpg?raw=true
Spacyboi,https://github.com/Leander-Antony/my-spotify/blob/main/artist_images/Spacyboi.jpg?raw=true
Vadim Zot,https://github.com/Leander-Antony/my-spotify/blob/main/artist_images/Vadim%20Zot.jpg?raw=true
IAMTRA$H,https://github.com/Leander-Antony/my-spotify/blob/main/artist_images/IAMTRA%24H.jpg?raw=true
D-LXW,https://github.com/Leander-Antony/my-spotify/blob/main/artist_images/D-LXW.jpg?raw=true
XdrianGM,https://github.com/Leander-Antony/my-spotify/blob/main/artist_images/XdrianGM.jpg?raw=true
E.P.O,https://github.com/Leander-Antony/my-spotify/blob/main/artist_images/E.P.O.jpg?raw=true
Aledark,https://github.com/Leander-Antony/my-spotify/blob/main/artist_images/Aledark.jpg?raw=true
Lorean,https://github.com/Leander-Antony/my-spotify/blob/main/artist_images/Lorean.jpg?raw=true
ZODIVK,https://github.com/Leander-Antony/my-spotify/blob/main/artist_images/ZODIVK.jpg?raw=true
Digma,https://github.com/Leander-Antony/my-spotify/blob/main/artist_images/Digma.jpg?raw=true
Kim,https://github.com/Leander-Antony/my-spotify/blob/main/artist_images/Kim.jpg?raw=true
vvpskvd.,https://github.com/Leander-Antony/my-spotify/blob/main/artist_images/vvpskvd..jpg?raw=true
SCXLETTE,https://github.com/Leander-Antony/my-spotify/blob/main/artist_images/SCXLETTE.jpg?raw=true
MADNIIIT,https://github.com/Leander-Antony/my-spotify/blob/main/artist_images/MADNIIIT.jpg?raw=true
VØRTEXKODE,https://github.com/Leander-Antony/my-spotify/blob/main/artist_images/V%C3%98RTEXKODE.jpg?raw=true
Ramba Zamba,https://github.com/Leander-Antony/my-spotify/blob/main/artist_images/Ramba%20Zamba.jpg?raw=true
WXNLYI,https://github.com/Leander-Antony/my-spotify/blob/main/artist_images/WXNLYI.jpg?raw=true
Maikubi,https://github.com/Leander-Antony/my-spotify/blob/main/artist_images/Maikubi.jpg?raw=true
Valisbeats,https://github.com/Leander-Antony/my-spotify/blob/main/artist_images/Valisbeats.jpg?raw=true
MVTRIIIX,https://github.com/Leander-Antony/my-spotify/blob/main/artist_images/MVTRIIIX.jpg?raw=true
finesse scar,https://github.com/Leander-Antony/my-spotify/blob/main/artist_images/finesse%20scar.jpg?raw=true
HKLS,https://github.com/Leander-Antony/my-spotify/blob/main/artist_images/HKLS.jpg?raw=true
VanMilli,https://github.com/Leander-Antony/my-spotify/blob/main/artist_images/VanMilli.jpg?raw=true
XAN$X,https://github.com/Leander-Antony/my-spotify/blob/main/artist_images/XAN%24X.jpg?raw=true
DRAGONMANE,https://github.com/Leander-Antony/my-spotify/blob/main/artist_images/DRAGONMANE.jpg?raw=true
ARXMANE,https://github.com/Leander-Antony/my-spotify/blob/main/artist_images/ARXMANE.jpg?raw=true
Yvetzal,https://github.com/Leander-Antony/my-spotify/blob/main/artist_images/Yvetzal.jpg?raw=true
808iuli,https://github.com/Leander-Antony/my-spotify/blob/main/artist_images/808iuli.jpg?raw=true
Scythermane,https://github.com/Leander-Antony/my-spotify/blob/main/artist_images/Scythermane.jpg?raw=true
svlient,https://github.com/Leander-Antony/my-spotify/blob/main/artist_images/svlient.jpg?raw=true
FUELED BY HATE,https://github.com/Leander-Antony/my-spotify/blob/main/artist_images/FUELED%20BY%20HATE.jpg?raw=true
1$K1,https://github.com/Leander-Antony/my-spotify/blob/main/artist_images/1%24K1.jpg?raw=true
DJ FLG,https://github.com/Leander-Antony/my-spotify/blob/main/artist_images/DJ%20FLG.jpg?raw=true
LAUTRE.,https://github.com/Leander-Antony/my-spotify/blob/main/artist_images/LAUTRE..jpg?raw=true
crvvdy,https://github.com/Leander-Antony/my-spotify/blob/main/artist_images/crvvdy.jpg?raw=true
staplegun,https://github.com/Leander-Antony/my-spotify/blob/main/artist_images/staplegun.jpg?raw=true
HXDES,https://github.com/Leander-Antony/my-spotify/blob/main/artist_images/HXDES.jpg?raw=true
Madonna,https://github.com/Leander-Antony/my-spotify/blob/main/artist_images/Madonna.jpg?raw=true
deadboy,https://github.com/Leander-Antony/my-spotify/blob/main/artist_images/deadboy.jpg?raw=true
Sull3n,https://github.com/Leander-Antony/my-spotify/blob/main/artist_images/Sull3n.jpg?raw=true
KSTAIRA,https://github.com/Leander-Antony/my-spotify/blob/main/artist_images/KSTAIRA.jpg?raw=true
SXULCVTCHER,https://github.com/Leander-Antony/my-spotify/blob/main/artist_images/SXULCVTCHER.jpg?raw=true
Amøn,https://github.com/Leander-Antony/my-spotify/blob/main/artist_images/Am%C3%B8n.jpg?raw=true
Portwave,https://github.com/Leander-Antony/my-spotify/blob/main/artist_images/Portwave.jpg?raw=true
TobyMac,https://github.com/Leander-Antony/my-spotify/blob/main/artist_images/TobyMac.jpg?raw=true
Dax,https://github.com/Leander-Antony/my-spotify/blob/main/artist_images/Dax.jpg?raw=true
DJ Michael Double,https://github.com/Leander-Antony/my-spotify/blob/main/artist_images/DJ%20Michael%20Double.jpg?raw=true
Estawky,https://github.com/Leander-Antony/my-spotify/blob/main/artist_images/Estawky.jpg?raw=true
Juliàn,https://github.com/Leander-Antony/my-spotify/blob/main/artist_images/Juli%C3%A0n.jpg?raw=true
møndberg,https://github.com/Leander-Antony/my-spotify/blob/main/artist_images/m%C3%B8ndberg.jpg?raw=true
KN!GHT,https://github.com/Leander-Antony/my-spotify/blob/main/artist_images/KN%21GHT.jpg?raw=true
sxhinophonk,https://github.com/Leander-Antony/my-spotify/blob/main/artist_images/sxhinophonk.jpg?raw=true
vowl.,https://github.com/Leander-Antony/my-spotify/blob/main/artist_images/vowl..jpg?raw=true
FLAYA PLAYA,https://github.com/Leander-Antony/my-spotify/blob/main/artist_images/FLAYA%20PLAYA.jpg?raw=true
Sweet Music Relaxation,https://github.com/Leander-Antony/my-spotify/blob/main/artist_images/Sweet%20Music%20Relaxation.jpg?raw=true
Mmo Montana,https://github.com/Leander-Antony/my-spotify/blob/main/artist_images/Mmo%20Montana.jpg?raw=true
Sex Beats,https://github.com/Leander-Antony/my-spotify/blob/main/artist_images/Sex%20Beats.jpg?raw=true
mtch.,https://github.com/Leander-Antony/my-spotify/blob/main/artist_images/mtch..jpg?raw=true
zecki,https://github.com/Leander-Antony/my-spotify/blob/main/artist_images/zecki.jpg?raw=true
LUQĘT,https://github.com/Leander-Antony/my-spotify/blob/main/artist_images/LUQ%C4%98T.jpg?raw=true
LAGXNA,https://github.com/Leander-Antony/my-spotify/blob/main/artist_images/LAGXNA.jpg?raw=true
CXRGI,https://github.com/Leander-Antony/my-spotify/blob/main/artist_images/CXRGI.jpg?raw=true
Ludovico Einaudi,https://github.com/Leander-Antony/my-spotify/blob/main/artist_images/Ludovico%20Einaudi.jpg?raw=true
AMOGUS,https://github.com/Leander-Antony/my-spotify/blob/main/artist_images/AMOGUS.jpg?raw=true
PHONK KNIGHT,https://github.com/Leander-Antony/my-spotify/blob/main/artist_images/PHONK%20KNIGHT.jpg?raw=true
sma$her,https://github.com/Leander-Antony/my-spotify/blob/main/artist_images/sma%24her.jpg?raw=true
S.A. Karl,https://github.com/Leander-Antony/my-spotify/blob/main/artist_images/S.A.%20Karl.jpg?raw=true
Charles-Valentin Alkan,https://github.com/Leander-Antony/my-spotify/blob/main/artist_images/Charles-Valentin%20Alkan.jpg?raw=true
Ludwig van Beethoven,https://github.com/Leander-Antony/my-spotify/blob/main/artist_images/Ludwig%20van%20Beethoven.jpg?raw=true
Johann Sebastian Bach,https://github.com/Leander-Antony/my-spotify/blob/main/artist_images/Johann%20Sebastian%20Bach.jpg?raw=true
Wolfgang Amadeus Mozart,https://github.com/Leander-Antony/my-spotify/blob/main/artist_images/Wolfgang%20Amadeus%20Mozart.jpg?raw=true
Gwendal Le Teurnier,https://github.com/Leander-Antony/my-spotify/blob/main/artist_images/Gwendal%20Le%20Teurnier.jpg?raw=true
veneris,https://github.com/Leander-Antony/my-spotify/blob/main/artist_images/veneris.jpg?raw=true
SHINSGRAVE,https://github.com/Leander-Antony/my-spotify/blob/main/artist_images/SHINSGRAVE.jpg?raw=true
Shadow Man,https://github.com/Leander-Antony/my-spotify/blob/main/artist_images/Shadow%20Man.jpg?raw=true
Smurph,https://github.com/Leander-Antony/my-spotify/blob/main/artist_images/Smurph.jpg?raw=true
Icykiddo,https://github.com/Leander-Antony/my-spotify/blob/main/artist_images/Icykiddo.jpg?raw=true
Claude Debussy,https://github.com/Leander-Antony/my-spotify/blob/main/artist_images/Claude%20Debussy.jpg?raw=true
Riyandi Kusuma,https://github.com/Leander-Antony/my-spotify/blob/main/artist_images/Riyandi%20Kusuma.jpg?raw=true
Yiruma,https://github.com/Leander-Antony/my-spotify/blob/main/artist_images/Yiruma.jpg?raw=true
Antonín Dvořák,https://github.com/Leander-Antony/my-spotify/blob/main/artist_images/Anton%C3%ADn%20Dvo%C5%99%C3%A1k.jpg?raw=true
Maurice Ravel,https://github.com/Leander-Antony/my-spotify/blob/main/artist_images/Maurice%20Ravel.jpg?raw=true
William Walton,https://github.com/Leander-Antony/my-spotify/blob/main/artist_images/William%20Walton.jpg?raw=true
Jurrivh,https://github.com/Leander-Antony/my-spotify/blob/main/artist_images/Jurrivh.jpg?raw=true
Gavin Luke,https://github.com/Leander-Antony/my-spotify/blob/main/artist_images/Gavin%20Luke.jpg?raw=true
Sam Yung,https://github.com/Leander-Antony/my-spotify/blob/main/artist_images/Sam%20Yung.jpg?raw=true
Kin Leonn,https://github.com/Leander-Antony/my-spotify/blob/main/artist_images/Kin%20Leonn.jpg?raw=true
Norman Dück,https://github.com/Leander-Antony/my-spotify/blob/main/artist_images/Norman%20D%C3%BCck.jpg?raw=true
Fabrizio Paterlini,https://github.com/Leander-Antony/my-spotify/blob/main/artist_images/Fabrizio%20Paterlini.jpg?raw=true
Random Piano,https://github.com/Leander-Antony/my-spotify/blob/main/artist_images/Random%20Piano.jpg?raw=true
Alessandro Penna,https://github.com/Leander-Antony/my-spotify/blob/main/artist_images/Alessandro%20Penna.jpg?raw=true
Matthew D. Morgan,https://github.com/Leander-Antony/my-spotify/blob/main/artist_images/Matthew%20D.%20Morgan.jpg?raw=true
Evgeny Grinko,https://github.com/Leander-Antony/my-spotify/blob/main/artist_images/Evgeny%20Grinko.jpg?raw=true
Ramin Djawadi,https://github.com/Leander-Antony/my-spotify/blob/main/artist_images/Ramin%20Djawadi.jpg?raw=true
Jacob Ladegaard,https://github.com/Leander-Antony/my-spotify/blob/main/artist_images/Jacob%20Ladegaard.jpg?raw=true
Jeroen van Veen,https://github.com/Leander-Antony/my-spotify/blob/main/artist_images/Jeroen%20van%20Veen.jpg?raw=true
RIOPY,https://github.com/Leander-Antony/my-spotify/blob/main/artist_images/RIOPY.jpg?raw=true
Kaman,https://github.com/Leander-Antony/my-spotify/blob/main/artist_images/Kaman.jpg?raw=true
Jacob's Piano,https://github.com/Leander-Antony/my-spotify/blob/main/artist_images/Jacob%27s%20Piano.jpg?raw=true
Secret Garden,https://github.com/Leander-Antony/my-spotify/blob/main/artist_images/Secret%20Garden.jpg?raw=true
Salome Scheidegger,https://github.com/Leander-Antony/my-spotify/blob/main/artist_images/Salome%20Scheidegger.jpg?raw=true
Alexei Surovykh,https://github.com/Leander-Antony/my-spotify/blob/main/artist_images/Alexei%20Surovykh.jpg?raw=true
Rui Fujishiro,https://github.com/Leander-Antony/my-spotify/blob/main/artist_images/Rui%20Fujishiro.jpg?raw=true
Yann Tiersen,https://github.com/Leander-Antony/my-spotify/blob/main/artist_images/Yann%20Tiersen.jpg?raw=true
Valierre,https://github.com/Leander-Antony/my-spotify/blob/main/artist_images/Valierre.jpg?raw=true
Laura Sullivan,https://github.com/Leander-Antony/my-spotify/blob/main/artist_images/Laura%20Sullivan.jpg?raw=true
Akira Yamaoka,https://github.com/Leander-Antony/my-spotify/blob/main/artist_images/Akira%20Yamaoka.jpg?raw=true
David Clavijo,https://github.com/Leander-Antony/my-spotify/blob/main/artist_images/David%20Clavijo.jpg?raw=true
Rousseau,https://github.com/Leander-Antony/my-spotify/blob/main/artist_images/Rousseau.jpg?raw=true
Danny Elfman,https://github.com/Leander-Antony/my-spotify/blob/main/artist_images/Danny%20Elfman.jpg?raw=true
GnuS Cello,https://github.com/Leander-Antony/my-spotify/blob/main/artist_images/GnuS%20Cello.jpg?raw=true
Eric Badanti,https://github.com/Leander-Antony/my-spotify/blob/main/artist_images/Eric%20Badanti.jpg?raw=true
Franz Liszt,https://github.com/Leander-Antony/my-spotify/blob/main/artist_images/Franz%20Liszt.jpg?raw=true
Myuu,https://github.com/Leander-Antony/my-spotify/blob/main/artist_images/Myuu.jpg?raw=true
Francis Goya,https://github.com/Leander-Antony/my-spotify/blob/main/artist_images/Francis%20Goya.jpg?raw=true
Luke Woodapple,https://github.com/Leander-Antony/my-spotify/blob/main/artist_images/Luke%20Woodapple.jpg?raw=true
Ólafur Arnalds,https://github.com/Leander-Antony/my-spotify/blob/main/artist_images/%C3%93lafur%20Arnalds.jpg?raw=true
Keyvan Safarzadeh,https://github.com/Leander-Antony/my-spotify/blob/main/artist_images/Keyvan%20Safarzadeh.jpg?raw=true
Daniele Mallemi,https://github.com/Leander-Antony/my-spotify/blob/main/artist_images/Daniele%20Mallemi.jpg?raw=true
Charles Bolt,https://github.com/Leander-Antony/my-spotify/blob/main/artist_images/Charles%20Bolt.jpg?raw=true
Marc Falc,https://github.com/Leander-Antony/my-spotify/blob/main/artist_images/Marc%20Falc.jpg?raw=true
Brian Crain,https://github.com/Leander-Antony/my-spotify/blob/main/artist_images/Brian%20Crain.jpg?raw=true
Brooklyn Duo,https://github.com/Leander-Antony/my-spotify/blob/main/artist_images/Brooklyn%20Duo.jpg?raw=true
Frédéric Chopin,https://github.com/Leander-Antony/my-spotify/blob/main/artist_images/Fr%C3%A9d%C3%A9ric%20Chopin.jpg?raw=true
Sherwood Roberts,https://github.com/Leander-Antony/my-spotify/blob/main/artist_images/Sherwood%20Roberts.jpg?raw=true
Philip Wesley,https://github.com/Leander-Antony/my-spotify/blob/main/artist_images/Philip%20Wesley.jpg?raw=true
James Horner,https://github.com/Leander-Antony/my-spotify/blob/main/artist_images/James%20Horner.jpg?raw=true
Michael Nyman,https://github.com/Leander-Antony/my-spotify/blob/main/artist_images/Michael%20Nyman.jpg?raw=true
spelox,https://github.com/Leander-Antony/my-spotify/blob/main/artist_images/spelox.jpg?raw=true
HUSSVRX,https://github.com/Leander-Antony/my-spotify/blob/main/artist_images/HUSSVRX.jpg?raw=true
L1GHT,https://github.com/Leander-Antony/my-spotify/blob/main/artist_images/L1GHT.jpg?raw=true
Alan Aztec,https://github.com/Leander-Antony/my-spotify/blob/main/artist_images/Alan%20Aztec.jpg?raw=true
Flovry,https://github.com/Leander-Antony/my-spotify/blob/main/artist_images/Flovry.jpg?raw=true
Patrik Pietschmann,https://github.com/Leander-Antony/my-spotify/blob/main/artist_images/Patrik%20Pietschmann.jpg?raw=true
William Joseph,https://github.com/Leander-Antony/my-spotify/blob/main/artist_images/William%20Joseph.jpg?raw=true
Mélanie Laurent,https://github.com/Leander-Antony/my-spotify/blob/main/artist_images/M%C3%A9lanie%20Laurent.jpg?raw=true
Sandy's Piano Garden,https://github.com/Leander-Antony/my-spotify/blob/main/artist_images/Sandy%27s%20Piano%20Garden.jpg?raw=true
Peder B. Helland,https://github.com/Leander-Antony/my-spotify/blob/main/artist_images/Peder%20B.%20Helland.jpg?raw=true
Mercuzio Pianist,https://github.com/Leander-Antony/my-spotify/blob/main/artist_images/Mercuzio%20Pianist.jpg?raw=true
Kokei,https://github.com/Leander-Antony/my-spotify/blob/main/artist_images/Kokei.jpg?raw=true
Giorgio Lo Porto,https://github.com/Leander-Antony/my-spotify/blob/main/artist_images/Giorgio%20Lo%20Porto.jpg?raw=true
Michael Ortega,https://github.com/Leander-Antony/my-spotify/blob/main/artist_images/Michael%20Ortega.jpg?raw=true
Rita May,https://github.com/Leander-Antony/my-spotify/blob/main/artist_images/Rita%20May.jpg?raw=true
Alexis Ffrench,https://github.com/Leander-Antony/my-spotify/blob/main/artist_images/Alexis%20Ffrench.jpg?raw=true
Adrian Von Ziegler,https://github.com/Leander-Antony/my-spotify/blob/main/artist_images/Adrian%20Von%20Ziegler.jpg?raw=true
Henry Smith,https://github.com/Leander-Antony/my-spotify/blob/main/artist_images/Henry%20Smith.jpg?raw=true
Manon Clément,https://github.com/Leander-Antony/my-spotify/blob/main/artist_images/Manon%20Cl%C3%A9ment.jpg?raw=true
See Siang Wong,https://github.com/Leander-Antony/my-spotify/blob/main/artist_images/See%20Siang%20Wong.jpg?raw=true
Carlos Rafael Rivera,https://github.com/Leander-Antony/my-spotify/blob/main/artist_images/Carlos%20Rafael%20Rivera.jpg?raw=true
Kassia,https://github.com/Leander-Antony/my-spotify/blob/main/artist_images/Kassia.jpg?raw=true
George Davidson,https://github.com/Leander-Antony/my-spotify/blob/main/artist_images/George%20Davidson.jpg?raw=true
Masami Ueda,https://github.com/Leander-Antony/my-spotify/blob/main/artist_images/Masami%20Ueda.jpg?raw=true
Robin Spielberg,https://github.com/Leander-Antony/my-spotify/blob/main/artist_images/Robin%20Spielberg.jpg?raw=true
OCTOBER,https://github.com/Leander-Antony/my-spotify/blob/main/artist_images/OCTOBER.jpg?raw=true
Francisco Casarotti,https://github.com/Leander-Antony/my-spotify/blob/main/artist_images/Francisco%20Casarotti.jpg?raw=true
Kensuke Ushio,https://github.com/Leander-Antony/my-spotify/blob/main/artist_images/Kensuke%20Ushio.jpg?raw=true
PurePiano,https://github.com/Leander-Antony/my-spotify/blob/main/artist_images/PurePiano.jpg?raw=true
Roberto Jonata,https://github.com/Leander-Antony/my-spotify/blob/main/artist_images/Roberto%20Jonata.jpg?raw=true
Saori Maeda,https://github.com/Leander-Antony/my-spotify/blob/main/artist_images/Saori%20Maeda.jpg?raw=true
Melodrama,https://github.com/Leander-Antony/my-spotify/blob/main/artist_images/Melodrama.jpg?raw=true
So.Lo,https://github.com/Leander-Antony/my-spotify/blob/main/artist_images/So.Lo.jpg?raw=true
Foxtail-Grass Studio,https://github.com/Leander-Antony/my-spotify/blob/main/artist_images/Foxtail-Grass%20Studio.jpg?raw=true
Joschka Althoff,https://github.com/Leander-Antony/my-spotify/blob/main/artist_images/Joschka%20Althoff.jpg?raw=true
Franco Robert,https://github.com/Leander-Antony/my-spotify/blob/main/artist_images/Franco%20Robert.jpg?raw=true
John Swihart,https://github.com/Leander-Antony/my-spotify/blob/main/artist_images/John%20Swihart.jpg?raw=true
Glenn S. Lemen,https://github.com/Leander-Antony/my-spotify/blob/main/artist_images/Glenn%20S.%20Lemen.jpg?raw=true
Arti Huisman,https://github.com/Leander-Antony/my-spotify/blob/main/artist_images/Arti%20Huisman.jpg?raw=true
Kenzie Smith Piano,https://github.com/Leander-Antony/my-spotify/blob/main/artist_images/Kenzie%20Smith%20Piano.jpg?raw=true
Johann Pachelbel,https://github.com/Leander-Antony/my-spotify/blob/main/artist_images/Johann%20Pachelbel.jpg?raw=true
Eleonora Pellegrino,https://github.com/Leander-Antony/my-spotify/blob/main/artist_images/Eleonora%20Pellegrino.jpg?raw=true
Ian Wong,https://github.com/Leander-Antony/my-spotify/blob/main/artist_images/Ian%20Wong.jpg?raw=true
PianoDeuss,https://github.com/Leander-Antony/my-spotify/blob/main/artist_images/PianoDeuss.jpg?raw=true
Fonzi M,https://github.com/Leander-Antony/my-spotify/blob/main/artist_images/Fonzi%20M.jpg?raw=true
kohto,https://github.com/Leander-Antony/my-spotify/blob/main/artist_images/kohto.jpg?raw=true
HalcyonMusic,https://github.com/Leander-Antony/my-spotify/blob/main/artist_images/HalcyonMusic.jpg?raw=true
Chewie Melodies,https://github.com/Leander-Antony/my-spotify/blob/main/artist_images/Chewie%20Melodies.jpg?raw=true
Kim Bo,https://github.com/Leander-Antony/my-spotify/blob/main/artist_images/Kim%20Bo.jpg?raw=true
Joe Hisaishi,https://github.com/Leander-Antony/my-spotify/blob/main/artist_images/Joe%20Hisaishi.jpg?raw=true
Oliver Hoss,https://github.com/Leander-Antony/my-spotify/blob/main/artist_images/Oliver%20Hoss.jpg?raw=true
Aku,https://github.com/Leander-Antony/my-spotify/blob/main/artist_images/Aku.jpg?raw=true
Cato,https://github.com/Leander-Antony/my-spotify/blob/main/artist_images/Cato.jpg?raw=true
Kato,https://github.com/Leander-Antony/my-spotify/blob/main/artist_images/Kato.jpg?raw=true
Cat Trumpet,https://github.com/Leander-Antony/my-spotify/blob/main/artist_images/Cat%20Trumpet.jpg?raw=true
Kyle Landry,https://github.com/Leander-Antony/my-spotify/blob/main/artist_images/Kyle%20Landry.jpg?raw=true
Minnz Piano,https://github.com/Leander-Antony/my-spotify/blob/main/artist_images/Minnz%20Piano.jpg?raw=true
Jacob Collier,https://github.com/Leander-Antony/my-spotify/blob/main/artist_images/Jacob%20Collier.jpg?raw=true
Balmorhea,https://github.com/Leander-Antony/my-spotify/blob/main/artist_images/Balmorhea.jpg?raw=true
BONQ,https://github.com/Leander-Antony/my-spotify/blob/main/artist_images/BONQ.jpg?raw=true
H.1,https://github.com/Leander-Antony/my-spotify/blob/main/artist_images/H.1.jpg?raw=true
Dinis,https://github.com/Leander-Antony/my-spotify/blob/main/artist_images/Dinis.jpg?raw=true
seeyouthere,https://github.com/Leander-Antony/my-spotify/blob/main/artist_images/seeyouthere.jpg?raw=true
Dario Lessing,https://github.com/Leander-Antony/my-spotify/blob/main/artist_images/Dario%20Lessing.jpg?raw=true
Mariuga,https://github.com/Leander-Antony/my-spotify/blob/main/artist_images/Mariuga.jpg?raw=true
Mariposa,https://github.com/Leander-Antony/my-spotify/blob/main/artist_images/Mariposa.jpg?raw=true
Jalaapeno,https://github.com/Leander-Antony/my-spotify/blob/main/artist_images/Jalaapeno.jpg?raw=true
Blumen,https://github.com/Leander-Antony/my-spotify/blob/main/artist_images/Blumen.jpg?raw=true
Idyllyn,https://github.com/Leander-Antony/my-spotify/blob/main/artist_images/Idyllyn.jpg?raw=true
flâneur,https://github.com/Leander-Antony/my-spotify/blob/main/artist_images/fl%C3%A2neur.jpg?raw=true
Distant Motions,https://github.com/Leander-Antony/my-spotify/blob/main/artist_images/Distant%20Motions.jpg?raw=true
Yoann Garel,https://github.com/Leander-Antony/my-spotify/blob/main/artist_images/Yoann%20Garel.jpg?raw=true
Blissful Radiance,https://github.com/Leander-Antony/my-spotify/blob/main/artist_images/Blissful%20Radiance.jpg?raw=true
B9,https://github.com/Leander-Antony/my-spotify/blob/main/artist_images/B9.jpg?raw=true
Viktor Makhnovich,https://github.com/Leander-Antony/my-spotify/blob/main/artist_images/Viktor%20Makhnovich.jpg?raw=true
Alexis Geitmann,https://github.com/Leander-Antony/my-spotify/blob/main/artist_images/Alexis%20Geitmann.jpg?raw=true
fragile keys,https://github.com/Leander-Antony/my-spotify/blob/main/artist_images/fragile%20keys.jpg?raw=true
Jam'addict,https://github.com/Leander-Antony/my-spotify/blob/main/artist_images/Jam%27addict.jpg?raw=true
Dontcry,https://github.com/Leander-Antony/my-spotify/blob/main/artist_images/Dontcry.jpg?raw=true
Valentina Lisitsa,https://github.com/Leander-Antony/my-spotify/blob/main/artist_images/Valentina%20Lisitsa.jpg?raw=true
Jonas Hoffmann,https://github.com/Leander-Antony/my-spotify/blob/main/artist_images/Jonas%20Hoffmann.jpg?raw=true
LunaRexx ASMR,https://github.com/Leander-Antony/my-spotify/blob/main/artist_images/LunaRexx%20ASMR.jpg?raw=true
Two Licking Girls ASMR,https://github.com/Leander-Antony/my-spotify/blob/main/artist_images/Two%20Licking%20Girls%20ASMR.jpg?raw=true
Hentai Lofi,https://github.com/Leander-Antony/my-spotify/blob/main/artist_images/Hentai%20Lofi.jpg?raw=true
WYS,https://github.com/Leander-Antony/my-spotify/blob/main/artist_images/WYS.jpg?raw=true
fourwalls,https://github.com/Leander-Antony/my-spotify/blob/main/artist_images/fourwalls.jpg?raw=true
Team Astro,https://github.com/Leander-Antony/my-spotify/blob/main/artist_images/Team%20Astro.jpg?raw=true
Kupla,https://github.com/Leander-Antony/my-spotify/blob/main/artist_images/Kupla.jpg?raw=true
Epona,https://github.com/Leander-Antony/my-spotify/blob/main/artist_images/Epona.jpg?raw=true
Tatami Construct,https://github.com/Leander-Antony/my-spotify/blob/main/artist_images/Tatami%20Construct.jpg?raw=true
Charlee Nguyen,https://github.com/Leander-Antony/my-spotify/blob/main/artist_images/Charlee%20Nguyen.jpg?raw=true
Flitz&Suppe,https://github.com/Leander-Antony/my-spotify/blob/main/artist_images/Flitz%26Suppe.jpg?raw=true
gCoope,https://github.com/Leander-Antony/my-spotify/blob/main/artist_images/gCoope.jpg?raw=true
HM Surf,https://github.com/Leander-Antony/my-spotify/blob/main/artist_images/HM%20Surf.jpg?raw=true
Solar Body,https://github.com/Leander-Antony/my-spotify/blob/main/artist_images/Solar%20Body.jpg?raw=true
Blurred Figures,https://github.com/Leander-Antony/my-spotify/blob/main/artist_images/Blurred%20Figures.jpg?raw=true
PBdR,https://github.com/Leander-Antony/my-spotify/blob/main/artist_images/PBdR.jpg?raw=true
Khutko,https://github.com/Leander-Antony/my-spotify/blob/main/artist_images/Khutko.jpg?raw=true
Nadav Cohen,https://github.com/Leander-Antony/my-spotify/blob/main/artist_images/Nadav%20Cohen.jpg?raw=true
Casiio,https://github.com/Leander-Antony/my-spotify/blob/main/artist_images/Casiio.jpg?raw=true
eleven,https://github.com/Leander-Antony/my-spotify/blob/main/artist_images/eleven.jpg?raw=true
Elior,https://github.com/Leander-Antony/my-spotify/blob/main/artist_images/Elior.jpg?raw=true
noni,https://github.com/Leander-Antony/my-spotify/blob/main/artist_images/noni.jpg?raw=true
Plant Guy,https://github.com/Leander-Antony/my-spotify/blob/main/artist_images/Plant%20Guy.jpg?raw=true
Osaki,https://github.com/Leander-Antony/my-spotify/blob/main/artist_images/Osaki.jpg?raw=true
Rachel Grae,https://github.com/Leander-Antony/my-spotify/blob/main/artist_images/Rachel%20Grae.jpg?raw=true
Mac DeMarco,https://github.com/Leander-Antony/my-spotify/blob/main/artist_images/Mac%20DeMarco.jpg?raw=true
Natalie Jane,https://github.com/Leander-Antony/my-spotify/blob/main/artist_images/Natalie%20Jane.jpg?raw=true
David Guetta,https://github.com/Leander-Antony/my-spotify/blob/main/artist_images/David%20Guetta.jpg?raw=true
Lucas & Steve,https://github.com/Leander-Antony/my-spotify/blob/main/artist_images/Lucas%20%26%20Steve.jpg?raw=true
Nicky Romero,https://github.com/Leander-Antony/my-spotify/blob/main/artist_images/Nicky%20Romero.jpg?raw=true
W&W,https://github.com/Leander-Antony/my-spotify/blob/main/artist_images/W%26W.jpg?raw=true
"Fear, and Loathing in Las Vegas",https://github.com/Leander-Antony/my-spotify/blob/main/artist_images/Fear%2C%20and%20Loathing%20in%20Las%20Vegas.jpg?raw=true
CRYPT1K,https://github.com/Leander-Antony/my-spotify/blob/main/artist_images/CRYPT1K.jpg?raw=true
Godmode,https://github.com/Leander-Antony/my-spotify/blob/main/artist_images/Godmode.jpg?raw=true
SAOTOMAMORE,https://github.com/Leander-Antony/my-spotify/blob/main/artist_images/SAOTOMAMORE.jpg?raw=true
Leftoz,https://github.com/Leander-Antony/my-spotify/blob/main/artist_images/Leftoz.jpg?raw=true
HIDDEN EYES,https://github.com/Leander-Antony/my-spotify/blob/main/artist_images/HIDDEN%20EYES.jpg?raw=true
The FifthGuys,https://github.com/Leander-Antony/my-spotify/blob/main/artist_images/The%20FifthGuys.jpg?raw=true
BoyPanda,https://github.com/Leander-Antony/my-spotify/blob/main/artist_images/BoyPanda.jpg?raw=true
D4C,https://github.com/Leander-Antony/my-spotify/blob/main/artist_images/D4C.jpg?raw=true
Soulaced,https://github.com/Leander-Antony/my-spotify/blob/main/artist_images/Soulaced.jpg?raw=true
Ghost,https://github.com/Leander-Antony/my-spotify/blob/main/artist_images/Ghost.jpg?raw=true
DJ Fronteo,https://github.com/Leander-Antony/my-spotify/blob/main/artist_images/DJ%20Fronteo.jpg?raw=true
Rico kalderon,https://github.com/Leander-Antony/my-spotify/blob/main/artist_images/Rico%20kalderon.jpg?raw=true
TrenBRO,https://github.com/Leander-Antony/my-spotify/blob/main/artist_images/TrenBRO.jpg?raw=true
yama,https://github.com/Leander-Antony/my-spotify/blob/main/artist_images/yama.jpg?raw=true
Mrs. GREEN APPLE,https://github.com/Leander-Antony/my-spotify/blob/main/artist_images/Mrs.%20GREEN%20APPLE.jpg?raw=true
MAISONdes,https://github.com/Leander-Antony/my-spotify/blob/main/artist_images/MAISONdes.jpg?raw=true
Flixterr,https://github.com/Leander-Antony/my-spotify/blob/main/artist_images/Flixterr.jpg?raw=true
Toshio Masuda,https://github.com/Leander-Antony/my-spotify/blob/main/artist_images/Toshio%20Masuda.jpg?raw=true
Hitomi Flor,https://github.com/Leander-Antony/my-spotify/blob/main/artist_images/Hitomi%20Flor.jpg?raw=true
CowGirl label,https://github.com/Leander-Antony/my-spotify/blob/main/artist_images/CowGirl%20label.jpg?raw=true
DVSP,https://github.com/Leander-Antony/my-spotify/blob/main/artist_images/DVSP.jpg?raw=true
BUMP OF CHICKEN,https://github.com/Leander-Antony/my-spotify/blob/main/artist_images/BUMP%20OF%20CHICKEN.jpg?raw=true
結束バンド,https://github.com/Leander-Antony/my-spotify/blob/main/artist_images/%E7%B5%90%E6%9D%9F%E3%83%90%E3%83%B3%E3%83%89.jpg?raw=true
tarikxd,https://github.com/Leander-Antony/my-spotify/blob/main/artist_images/tarikxd.jpg?raw=true
SCRAMX,https://github.com/Leander-Antony/my-spotify/blob/main/artist_images/SCRAMX.jpg?raw=true
zeinxd,https://github.com/Leander-Antony/my-spotify/blob/main/artist_images/zeinxd.jpg?raw=true
POSEIDON,https://github.com/Leander-Antony/my-spotify/blob/main/artist_images/POSEIDON.jpg?raw=true
Srijan Gupta,https://github.com/Leander-Antony/my-spotify/blob/main/artist_images/Srijan%20Gupta.jpg?raw=true
Dom Livez,https://github.com/Leander-Antony/my-spotify/blob/main/artist_images/Dom%20Livez.jpg?raw=true
OFFL1NX,https://github.com/Leander-Antony/my-spotify/blob/main/artist_images/OFFL1NX.jpg?raw=true
Nelly Furtado,https://github.com/Leander-Antony/my-spotify/blob/main/artist_images/Nelly%20Furtado.jpg?raw=true
Xanemusic,https://github.com/Leander-Antony/my-spotify/blob/main/artist_images/Xanemusic.jpg?raw=true
Ran-D,https://github.com/Leander-Antony/my-spotify/blob/main/artist_images/Ran-D.jpg?raw=true
Richard Durand,https://github.com/Leander-Antony/my-spotify/blob/main/artist_images/Richard%20Durand.jpg?raw=true
Pluxry SkUrt,https://github.com/Leander-Antony/my-spotify/blob/main/artist_images/Pluxry%20SkUrt.jpg?raw=true
Octatonez,https://github.com/Leander-Antony/my-spotify/blob/main/artist_images/Octatonez.jpg?raw=true
Always Mirin,https://github.com/Leander-Antony/my-spotify/blob/main/artist_images/Always%20Mirin.jpg?raw=true
$werve,https://github.com/Leander-Antony/my-spotify/blob/main/artist_images/%24werve.jpg?raw=true
Thymo,https://github.com/Leander-Antony/my-spotify/blob/main/artist_images/Thymo.jpg?raw=true
STAYSOLD,https://github.com/Leander-Antony/my-spotify/blob/main/artist_images/STAYSOLD.jpg?raw=true
GLWKMOD,https://github.com/Leander-Antony/my-spotify/blob/main/artist_images/GLWKMOD.jpg?raw=true
roseboi,https://github.com/Leander-Antony/my-spotify/blob/main/artist_images/roseboi.jpg?raw=true
Chain Reaction,https://github.com/Leander-Antony/my-spotify/blob/main/artist_images/Chain%20Reaction.jpg?raw=true
GOTOU寄生獣,https://github.com/Leander-Antony/my-spotify/blob/main/artist_images/GOTOU%E5%AF%84%E7%94%9F%E7%8D%A3.jpg?raw=true
Mista Playa,https://github.com/Leander-Antony/my-spotify/blob/main/artist_images/Mista%20Playa.jpg?raw=true
lickside1925,https://github.com/Leander-Antony/my-spotify/blob/main/artist_images/lickside1925.jpg?raw=true
keremozdo,https://github.com/Leander-Antony/my-spotify/blob/main/artist_images/keremozdo.jpg?raw=true
Thomas Headon,https://github.com/Leander-Antony/my-spotify/blob/main/artist_images/Thomas%20Headon.jpg?raw=true
New Hope Club,https://github.com/Leander-Antony/my-spotify/blob/main/artist_images/New%20Hope%20Club.jpg?raw=true
FLETCHER,https://github.com/Leander-Antony/my-spotify/blob/main/artist_images/FLETCHER.jpg?raw=true
kawidum,https://github.com/Leander-Antony/my-spotify/blob/main/artist_images/kawidum.jpg?raw=true
DRILL DEMON,https://github.com/Leander-Antony/my-spotify/blob/main/artist_images/DRILL%20DEMON.jpg?raw=true
Codfish,https://github.com/Leander-Antony/my-spotify/blob/main/artist_images/Codfish.jpg?raw=true
Haiden Henderson,https://github.com/Leander-Antony/my-spotify/blob/main/artist_images/Haiden%20Henderson.jpg?raw=true
Sarah Cothran,https://github.com/Leander-Antony/my-spotify/blob/main/artist_images/Sarah%20Cothran.jpg?raw=true
Kelsea Ballerini,https://github.com/Leander-Antony/my-spotify/blob/main/artist_images/Kelsea%20Ballerini.jpg?raw=true
ROSIE,https://github.com/Leander-Antony/my-spotify/blob/main/artist_images/ROSIE.jpg?raw=true
Jade LeMac,https://github.com/Leander-Antony/my-spotify/blob/main/artist_images/Jade%20LeMac.jpg?raw=true
Kratos,https://github.com/Leander-Antony/my-spotify/blob/main/artist_images/Kratos.jpg?raw=true
kingbreaker911,https://github.com/Leander-Antony/my-spotify/blob/main/artist_images/kingbreaker911.jpg?raw=true
Emelie Hollow,https://github.com/Leander-Antony/my-spotify/blob/main/artist_images/Emelie%20Hollow.jpg?raw=true
Hiko,https://github.com/Leander-Antony/my-spotify/blob/main/artist_images/Hiko.jpg?raw=true
Dung Bui,https://github.com/Leander-Antony/my-spotify/blob/main/artist_images/Dung%20Bui.jpg?raw=true
B dom,https://github.com/Leander-Antony/my-spotify/blob/main/artist_images/B%20dom.jpg?raw=true
Dream Filter,https://github.com/Leander-Antony/my-spotify/blob/main/artist_images/Dream%20Filter.jpg?raw=true
Ron Gelinas,https://github.com/Leander-Antony/my-spotify/blob/main/artist_images/Ron%20Gelinas.jpg?raw=true
veryolddog,https://github.com/Leander-Antony/my-spotify/blob/main/artist_images/veryolddog.jpg?raw=true
w!se,https://github.com/Leander-Antony/my-spotify/blob/main/artist_images/w%21se.jpg?raw=true
Danny Olson,https://github.com/Leander-Antony/my-spotify/blob/main/artist_images/Danny%20Olson.jpg?raw=true
Thekidszn,https://github.com/Leander-Antony/my-spotify/blob/main/artist_images/Thekidszn.jpg?raw=true
Scuta Scalamanta,https://github.com/Leander-Antony/my-spotify/blob/main/artist_images/Scuta%20Scalamanta.jpg?raw=true
Alphabeat,https://github.com/Leander-Antony/my-spotify/blob/main/artist_images/Alphabeat.jpg?raw=true
870glizzy,https://github.com/Leander-Antony/my-spotify/blob/main/artist_images/870glizzy.jpg?raw=true
Dionysus,https://github.com/Leander-Antony/my-spotify/blob/main/artist_images/Dionysus.jpg?raw=true
Dyan Dxddy,https://github.com/Leander-Antony/my-spotify/blob/main/artist_images/Dyan%20Dxddy.jpg?raw=true
Torpe,https://github.com/Leander-Antony/my-spotify/blob/main/artist_images/Torpe.jpg?raw=true
Mark Rader,https://github.com/Leander-Antony/my-spotify/blob/main/artist_images/Mark%20Rader.jpg?raw=true
braev,https://github.com/Leander-Antony/my-spotify/blob/main/artist_images/braev.jpg?raw=true
BAD SIN,https://github.com/Leander-Antony/my-spotify/blob/main/artist_images/BAD%20SIN.jpg?raw=true
Green Neon DJ,https://github.com/Leander-Antony/my-spotify/blob/main/artist_images/Green%20Neon%20DJ.jpg?raw=true
Hammound,https://github.com/Leander-Antony/my-spotify/blob/main/artist_images/Hammound.jpg?raw=true
MrTOXAVIC,https://github.com/Leander-Antony/my-spotify/blob/main/artist_images/MrTOXAVIC.jpg?raw=true
Baljeed,https://github.com/Leander-Antony/my-spotify/blob/main/artist_images/Baljeed.jpg?raw=true
xryomeister,https://github.com/Leander-Antony/my-spotify/blob/main/artist_images/xryomeister.jpg?raw=true
Steve Lacy,https://github.com/Leander-Antony/my-spotify/blob/main/artist_images/Steve%20Lacy.jpg?raw=true
TRØVES,https://github.com/Leander-Antony/my-spotify/blob/main/artist_images/TR%C3%98VES.jpg?raw=true
Ark Patrol,https://github.com/Leander-Antony/my-spotify/blob/main/artist_images/Ark%20Patrol.jpg?raw=true
Stephen Dawes,https://github.com/Leander-Antony/my-spotify/blob/main/artist_images/Stephen%20Dawes.jpg?raw=true
Maggie De Block,https://github.com/Leander-Antony/my-spotify/blob/main/artist_images/Maggie%20De%20Block.jpg?raw=true
Opium Jai,https://github.com/Leander-Antony/my-spotify/blob/main/artist_images/Opium%20Jai.jpg?raw=true
Sabesh,https://github.com/Leander-Antony/my-spotify/blob/main/artist_images/Sabesh.jpg?raw=true
Arjun,https://github.com/Leander-Antony/my-spotify/blob/main/artist_images/Arjun.jpg?raw=true
Vadivelu,https://github.com/Leander-Antony/my-spotify/blob/main/artist_images/Vadivelu.jpg?raw=true
Shahul Hameed,https://github.com/Leander-Antony/my-spotify/blob/main/artist_images/Shahul%20Hameed.jpg?raw=true
Chembai,https://github.com/Leander-Antony/my-spotify/blob/main/artist_images/Chembai.jpg?raw=true
Deva,https://github.com/Leander-Antony/my-spotify/blob/main/artist_images/Deva.jpg?raw=true
David Kamara,https://github.com/Leander-Antony/my-spotify/blob/main/artist_images/David%20Kamara.jpg?raw=true
Jojoz,https://github.com/Leander-Antony/my-spotify/blob/main/artist_images/Jojoz.jpg?raw=true
Bleatrix,https://github.com/Leander-Antony/my-spotify/blob/main/artist_images/Bleatrix.jpg?raw=true
MØRFI,https://github.com/Leander-Antony/my-spotify/blob/main/artist_images/M%C3%98RFI.jpg?raw=true
HXELLPLAYA,https://github.com/Leander-Antony/my-spotify/blob/main/artist_images/HXELLPLAYA.jpg?raw=true
Whispersinyahead,https://github.com/Leander-Antony/my-spotify/blob/main/artist_images/Whispersinyahead.jpg?raw=true
wex,https://github.com/Leander-Antony/my-spotify/blob/main/artist_images/wex.jpg?raw=true
southwestplaya,https://github.com/Leander-Antony/my-spotify/blob/main/artist_images/southwestplaya.jpg?raw=true
REQUIEM!,https://github.com/Leander-Antony/my-spotify/blob/main/artist_images/REQUIEM%21.jpg?raw=true
Atakan Oruc,https://github.com/Leander-Antony/my-spotify/blob/main/artist_images/Atakan%20Oruc.jpg?raw=true
KYOTOBLADE,https://github.com/Leander-Antony/my-spotify/blob/main/artist_images/KYOTOBLADE.jpg?raw=true
Meric Again,https://github.com/Leander-Antony/my-spotify/blob/main/artist_images/Meric%20Again.jpg?raw=true
nightcity.,https://github.com/Leander-Antony/my-spotify/blob/main/artist_images/nightcity..jpg?raw=true
Red Death Grave,https://github.com/Leander-Antony/my-spotify/blob/main/artist_images/Red%20Death%20Grave.jpg?raw=true
DJ Jacob,https://github.com/Leander-Antony/my-spotify/blob/main/artist_images/DJ%20Jacob.jpg?raw=true
CAIRO!,https://github.com/Leander-Antony/my-spotify/blob/main/artist_images/CAIRO%21.jpg?raw=true
BLXXD GVRDXN,https://github.com/Leander-Antony/my-spotify/blob/main/artist_images/BLXXD%20GVRDXN.jpg?raw=true
SLXSH,https://github.com/Leander-Antony/my-spotify/blob/main/artist_images/SLXSH.jpg?raw=true
azZza,https://github.com/Leander-Antony/my-spotify/blob/main/artist_images/azZza.jpg?raw=true
2Pac,https://github.com/Leander-Antony/my-spotify/blob/main/artist_images/2Pac.jpg?raw=true
XO1,https://github.com/Leander-Antony/my-spotify/blob/main/artist_images/XO1.jpg?raw=true
Ryanded,https://github.com/Leander-Antony/my-spotify/blob/main/artist_images/Ryanded.jpg?raw=true
Houston Clark,https://github.com/Leander-Antony/my-spotify/blob/main/artist_images/Houston%20Clark.jpg?raw=true
renewwed,https://github.com/Leander-Antony/my-spotify/blob/main/artist_images/renewwed.jpg?raw=true
xryce,https://github.com/Leander-Antony/my-spotify/blob/main/artist_images/xryce.jpg?raw=true
Sermx,https://github.com/Leander-Antony/my-spotify/blob/main/artist_images/Sermx.jpg?raw=true
ARTVT,https://github.com/Leander-Antony/my-spotify/blob/main/artist_images/ARTVT.jpg?raw=true
ENHYPEN,https://github.com/Leander-Antony/my-spotify/blob/main/artist_images/ENHYPEN.jpg?raw=true
Jimin,https://github.com/Leander-Antony/my-spotify/blob/main/artist_images/Jimin.jpg?raw=true
"Yuvan Shankar Raja,Sid Sriram",https://github.com/Leander-Antony/my-spotify/blob/main/artist_images/Yuvan%20Shankar%20Raja%2CSid%20Sriram.jpg?raw=true
DJ Sonic,https://github.com/Leander-Antony/my-spotify/blob/main/artist_images/DJ%20Sonic.jpg?raw=true
MrToXIC,https://github.com/Leander-Antony/my-spotify/blob/main/artist_images/MrToXIC.jpg?raw=true
sysx1337,https://github.com/Leander-Antony/my-spotify/blob/main/artist_images/sysx1337.jpg?raw=true
Vijay Prakash,https://github.com/Leander-Antony/my-spotify/blob/main/artist_images/Vijay%20Prakash.jpg?raw=true
AathiRaja,https://github.com/Leander-Antony/my-spotify/blob/main/artist_images/AathiRaja.jpg?raw=true
asiris,https://github.com/Leander-Antony/my-spotify/blob/main/artist_images/asiris.jpg?raw=true
Pandi,https://github.com/Leander-Antony/my-spotify/blob/main/artist_images/Pandi.jpg?raw=true
Mani Sharma,https://github.com/Leander-Antony/my-spotify/blob/main/artist_images/Mani%20Sharma.jpg?raw=true
Venkat Prabhu,https://github.com/Leander-Antony/my-spotify/blob/main/artist_images/Venkat%20Prabhu.jpg?raw=true
Elric,https://github.com/Leander-Antony/my-spotify/blob/main/artist_images/Elric.jpg?raw=true
Nxrd,https://github.com/Leander-Antony/my-spotify/blob/main/artist_images/Nxrd.jpg?raw=true
Pistoltomyhead,https://github.com/Leander-Antony/my-spotify/blob/main/artist_images/Pistoltomyhead.jpg?raw=true
Vicky Lenzer,https://github.com/Leander-Antony/my-spotify/blob/main/artist_images/Vicky%20Lenzer.jpg?raw=true
PDX,https://github.com/Leander-Antony/my-spotify/blob/main/artist_images/PDX.jpg?raw=true
CRYSTXLMXNE,https://github.com/Leander-Antony/my-spotify/blob/main/artist_images/CRYSTXLMXNE.jpg?raw=true
Cree+,https://github.com/Leander-Antony/my-spotify/blob/main/artist_images/Cree%2B.jpg?raw=true
DON'T T3LL,https://github.com/Leander-Antony/my-spotify/blob/main/artist_images/DON%27T%20T3LL.jpg?raw=true
NØCTRIS,https://github.com/Leander-Antony/my-spotify/blob/main/artist_images/N%C3%98CTRIS.jpg?raw=true
Someone Else,https://github.com/Leander-Antony/my-spotify/blob/main/artist_images/Someone%20Else.jpg?raw=true
líue,https://github.com/Leander-Antony/my-spotify/blob/main/artist_images/l%C3%ADue.jpg?raw=true
Rema,https://github.com/Leander-Antony/my-spotify/blob/main/artist_images/Rema.jpg?raw=true
Hisohkah,https://github.com/Leander-Antony/my-spotify/blob/main/artist_images/Hisohkah.jpg?raw=true
M83,https://github.com/Leander-Antony/my-spotify/blob/main/artist_images/M83.jpg?raw=true
Eyedress,https://github.com/Leander-Antony/my-spotify/blob/main/artist_images/Eyedress.jpg?raw=true
Grouper,https://github.com/Leander-Antony/my-spotify/blob/main/artist_images/Grouper.jpg?raw=true
TV Girl,https://github.com/Leander-Antony/my-spotify/blob/main/artist_images/TV%20Girl.jpg?raw=true
Mr.Kitty,https://github.com/Leander-Antony/my-spotify/blob/main/artist_images/Mr.Kitty.jpg?raw=true
Kavinsky,https://github.com/Leander-Antony/my-spotify/blob/main/artist_images/Kavinsky.jpg?raw=true
Felix Mendelssohn,https://github.com/Leander-Antony/my-spotify/blob/main/artist_images/Felix%20Mendelssohn.jpg?raw=true
Vacations,https://github.com/Leander-Antony/my-spotify/blob/main/artist_images/Vacations.jpg?raw=true
Crim3s,https://github.com/Leander-Antony/my-spotify/blob/main/artist_images/Crim3s.jpg?raw=true
Strawberry Guy,https://github.com/Leander-Antony/my-spotify/blob/main/artist_images/Strawberry%20Guy.jpg?raw=true
Laura Les,https://github.com/Leander-Antony/my-spotify/blob/main/artist_images/Laura%20Les.jpg?raw=true
Duster,https://github.com/Leander-Antony/my-spotify/blob/main/artist_images/Duster.jpg?raw=true
Pisse,https://github.com/Leander-Antony/my-spotify/blob/main/artist_images/Pisse.jpg?raw=true
Michael Giacchino,https://github.com/Leander-Antony/my-spotify/blob/main/artist_images/Michael%20Giacchino.jpg?raw=true
Artimus Wolz,https://github.com/Leander-Antony/my-spotify/blob/main/artist_images/Artimus%20Wolz.jpg?raw=true
Poe the Passenger,https://github.com/Leander-Antony/my-spotify/blob/main/artist_images/Poe%20the%20Passenger.jpg?raw=true
RudyWade,https://github.com/Leander-Antony/my-spotify/blob/main/artist_images/RudyWade.jpg?raw=true
Jude Barclay,https://github.com/Leander-Antony/my-spotify/blob/main/artist_images/Jude%20Barclay.jpg?raw=true
DOUBLECAMP,https://github.com/Leander-Antony/my-spotify/blob/main/artist_images/DOUBLECAMP.jpg?raw=true
Drod,https://github.com/Leander-Antony/my-spotify/blob/main/artist_images/Drod.jpg?raw=true
Imfalls,https://github.com/Leander-Antony/my-spotify/blob/main/artist_images/Imfalls.jpg?raw=true
Brennan,https://github.com/Leander-Antony/my-spotify/blob/main/artist_images/Brennan.jpg?raw=true
Hampton,https://github.com/Leander-Antony/my-spotify/blob/main/artist_images/Hampton.jpg?raw=true
DYLVN,https://github.com/Leander-Antony/my-spotify/blob/main/artist_images/DYLVN.jpg?raw=true
MO,https://github.com/Leander-Antony/my-spotify/blob/main/artist_images/MO.jpg?raw=true
Kenny,https://github.com/Leander-Antony/my-spotify/blob/main/artist_images/Kenny.jpg?raw=true
Tawnted,https://github.com/Leander-Antony/my-spotify/blob/main/artist_images/Tawnted.jpg?raw=true
Peech.,https://github.com/Leander-Antony/my-spotify/blob/main/artist_images/Peech..jpg?raw=true
AFTRHOURS,https://github.com/Leander-Antony/my-spotify/blob/main/artist_images/AFTRHOURS.jpg?raw=true
Nate Good,https://github.com/Leander-Antony/my-spotify/blob/main/artist_images/Nate%20Good.jpg?raw=true
Jay Portal,https://github.com/Leander-Antony/my-spotify/blob/main/artist_images/Jay%20Portal.jpg?raw=true
judah,https://github.com/Leander-Antony/my-spotify/blob/main/artist_images/judah.jpg?raw=true
Xander Sallows,https://github.com/Leander-Antony/my-spotify/blob/main/artist_images/Xander%20Sallows.jpg?raw=true
Kinnaird,https://github.com/Leander-Antony/my-spotify/blob/main/artist_images/Kinnaird.jpg?raw=true
Random Chance,https://github.com/Leander-Antony/my-spotify/blob/main/artist_images/Random%20Chance.jpg?raw=true
Skywatchers,https://github.com/Leander-Antony/my-spotify/blob/main/artist_images/Skywatchers.jpg?raw=true
Low,https://github.com/Leander-Antony/my-spotify/blob/main/artist_images/Low.jpg?raw=true
Radiohead,https://github.com/Leander-Antony/my-spotify/blob/main/artist_images/Radiohead.jpg?raw=true
Daniel Spaleniak,https://github.com/Leander-Antony/my-spotify/blob/main/artist_images/Daniel%20Spaleniak.jpg?raw=true
Tame Impala,https://github.com/Leander-Antony/my-spotify/blob/main/artist_images/Tame%20Impala.jpg?raw=true
Bobby Vee,https://github.com/Leander-Antony/my-spotify/blob/main/artist_images/Bobby%20Vee.jpg?raw=true
Les Discrets,https://github.com/Leander-Antony/my-spotify/blob/main/artist_images/Les%20Discrets.jpg?raw=true
Morphine,https://github.com/Leander-Antony/my-spotify/blob/main/artist_images/Morphine.jpg?raw=true
The Smiths,https://github.com/Leander-Antony/my-spotify/blob/main/artist_images/The%20Smiths.jpg?raw=true
Damien Rice,https://github.com/Leander-Antony/my-spotify/blob/main/artist_images/Damien%20Rice.jpg?raw=true
Lilium,https://github.com/Leander-Antony/my-spotify/blob/main/artist_images/Lilium.jpg?raw=true
Morbid Angel,https://github.com/Leander-Antony/my-spotify/blob/main/artist_images/Morbid%20Angel.jpg?raw=true
Opeth,https://github.com/Leander-Antony/my-spotify/blob/main/artist_images/Opeth.jpg?raw=true
Riverside,https://github.com/Leander-Antony/my-spotify/blob/main/artist_images/Riverside.jpg?raw=true
Tamino,https://github.com/Leander-Antony/my-spotify/blob/main/artist_images/Tamino.jpg?raw=true
IonSilence,https://github.com/Leander-Antony/my-spotify/blob/main/artist_images/IonSilence.jpg?raw=true
Berylxx,https://github.com/Leander-Antony/my-spotify/blob/main/artist_images/Berylxx.jpg?raw=true
RYU SENSEI,https://github.com/Leander-Antony/my-spotify/blob/main/artist_images/RYU%20SENSEI.jpg?raw=true
Prokyon,https://github.com/Leander-Antony/my-spotify/blob/main/artist_images/Prokyon.jpg?raw=true
KEVIN LNDN,https://github.com/Leander-Antony/my-spotify/blob/main/artist_images/KEVIN%20LNDN.jpg?raw=true
NECROLX,https://github.com/Leander-Antony/my-spotify/blob/main/artist_images/NECROLX.jpg?raw=true
Ioan Straton,https://github.com/Leander-Antony/my-spotify/blob/main/artist_images/Ioan%20Straton.jpg?raw=true
IAN SIZE,https://github.com/Leander-Antony/my-spotify/blob/main/artist_images/IAN%20SIZE.jpg?raw=true
SNITCHXV,https://github.com/Leander-Antony/my-spotify/blob/main/artist_images/SNITCHXV.jpg?raw=true
Kiraw,https://github.com/Leander-Antony/my-spotify/blob/main/artist_images/Kiraw.jpg?raw=true
AreaHysteria,https://github.com/Leander-Antony/my-spotify/blob/main/artist_images/AreaHysteria.jpg?raw=true
AQUASPLIT,https://github.com/Leander-Antony/my-spotify/blob/main/artist_images/AQUASPLIT.jpg?raw=true
KXSHMVR,https://github.com/Leander-Antony/my-spotify/blob/main/artist_images/KXSHMVR.jpg?raw=true
ZeFilla,https://github.com/Leander-Antony/my-spotify/blob/main/artist_images/ZeFilla.jpg?raw=true
Hanzo Samori,https://github.com/Leander-Antony/my-spotify/blob/main/artist_images/Hanzo%20Samori.jpg?raw=true
DEATHMOON,https://github.com/Leander-Antony/my-spotify/blob/main/artist_images/DEATHMOON.jpg?raw=true
Hayvain,https://github.com/Leander-Antony/my-spotify/blob/main/artist_images/Hayvain.jpg?raw=true
ALTERNXTE,https://github.com/Leander-Antony/my-spotify/blob/main/artist_images/ALTERNXTE.jpg?raw=true
MVDX,https://github.com/Leander-Antony/my-spotify/blob/main/artist_images/MVDX.jpg?raw=true
RNRS,https://github.com/Leander-Antony/my-spotify/blob/main/artist_images/RNRS.jpg?raw=true
TRBLE CHLD,https://github.com/Leander-Antony/my-spotify/blob/main/artist_images/TRBLE%20CHLD.jpg?raw=true
DRYFTKYNG,https://github.com/Leander-Antony/my-spotify/blob/main/artist_images/DRYFTKYNG.jpg?raw=true
luna online,https://github.com/Leander-Antony/my-spotify/blob/main/artist_images/luna%20online.jpg?raw=true
Thalapathy Vijay,https://github.com/Leander-Antony/my-spotify/blob/main/artist_images/Thalapathy%20Vijay.jpg?raw=true
Rajan Chelliah,https://github.com/Leander-Antony/my-spotify/blob/main/artist_images/Rajan%20Chelliah.jpg?raw=true
KENVY,https://github.com/Leander-Antony/my-spotify/blob/main/artist_images/KENVY.jpg?raw=true
mntl,https://github.com/Leander-Antony/my-spotify/blob/main/artist_images/mntl.jpg?raw=true
kris tofu,https://github.com/Leander-Antony/my-spotify/blob/main/artist_images/kris%20tofu.jpg?raw=true
Segtwo,https://github.com/Leander-Antony/my-spotify/blob/main/artist_images/Segtwo.jpg?raw=true
Agony,https://github.com/Leander-Antony/my-spotify/blob/main/artist_images/Agony.jpg?raw=true
Lucas Matero,https://github.com/Leander-Antony/my-spotify/blob/main/artist_images/Lucas%20Matero.jpg?raw=true
LilBusa,https://github.com/Leander-Antony/my-spotify/blob/main/artist_images/LilBusa.jpg?raw=true
YOUNGX777,https://github.com/Leander-Antony/my-spotify/blob/main/artist_images/YOUNGX777.jpg?raw=true
Ofydd,https://github.com/Leander-Antony/my-spotify/blob/main/artist_images/Ofydd.jpg?raw=true
speedthrax,https://github.com/Leander-Antony/my-spotify/blob/main/artist_images/speedthrax.jpg?raw=true
JayXTurbo,https://github.com/Leander-Antony/my-spotify/blob/main/artist_images/JayXTurbo.jpg?raw=true
Switch Disco,https://github.com/Leander-Antony/my-spotify/blob/main/artist_images/Switch%20Disco.jpg?raw=true
$peed,https://github.com/Leander-Antony/my-spotify/blob/main/artist_images/%24peed.jpg?raw=true
ANGELPLAYA,https://github.com/Leander-Antony/my-spotify/blob/main/artist_images/ANGELPLAYA.jpg?raw=true
slxughter,https://github.com/Leander-Antony/my-spotify/blob/main/artist_images/slxughter.jpg?raw=true
LittleFurian,https://github.com/Leander-Antony/my-spotify/blob/main/artist_images/LittleFurian.jpg?raw=true
Noah Smith Sound,https://github.com/Leander-Antony/my-spotify/blob/main/artist_images/Noah%20Smith%20Sound.jpg?raw=true
Arianna Phillips Music,https://github.com/Leander-Antony/my-spotify/blob/main/artist_images/Arianna%20Phillips%20Music.jpg?raw=true
88rising,https://github.com/Leander-Antony/my-spotify/blob/main/artist_images/88rising.jpg?raw=true
rei brown,https://github.com/Leander-Antony/my-spotify/blob/main/artist_images/rei%20brown.jpg?raw=true
Slikkante,https://github.com/Leander-Antony/my-spotify/blob/main/artist_images/Slikkante.jpg?raw=true
Sleepy Tom,https://github.com/Leander-Antony/my-spotify/blob/main/artist_images/Sleepy%20Tom.jpg?raw=true
Aests,https://github.com/Leander-Antony/my-spotify/blob/main/artist_images/Aests.jpg?raw=true
Angry Children,https://github.com/Leander-Antony/my-spotify/blob/main/artist_images/Angry%20Children.jpg?raw=true
FireWithDankTunes,https://github.com/Leander-Antony/my-spotify/blob/main/artist_images/FireWithDankTunes.jpg?raw=true
Ren Avel,https://github.com/Leander-Antony/my-spotify/blob/main/artist_images/Ren%20Avel.jpg?raw=true
Otaku,https://github.com/Leander-Antony/my-spotify/blob/main/artist_images/Otaku.jpg?raw=true
Naeleck,https://github.com/Leander-Antony/my-spotify/blob/main/artist_images/Naeleck.jpg?raw=true
Heiakim,https://github.com/Leander-Antony/my-spotify/blob/main/artist_images/Heiakim.jpg?raw=true
Rizky Ayuba,https://github.com/Leander-Antony/my-spotify/blob/main/artist_images/Rizky%20Ayuba.jpg?raw=true
Leat'eq,https://github.com/Leander-Antony/my-spotify/blob/main/artist_images/Leat%27eq.jpg?raw=true
the peggies,https://github.com/Leander-Antony/my-spotify/blob/main/artist_images/the%20peggies.jpg?raw=true
Masayuki Suzuki,https://github.com/Leander-Antony/my-spotify/blob/main/artist_images/Masayuki%20Suzuki.jpg?raw=true
Vangakuz,https://github.com/Leander-Antony/my-spotify/blob/main/artist_images/Vangakuz.jpg?raw=true
Bonobo,https://github.com/Leander-Antony/my-spotify/blob/main/artist_images/Bonobo.jpg?raw=true
Rich Brian,https://github.com/Leander-Antony/my-spotify/blob/main/artist_images/Rich%20Brian.jpg?raw=true
Ryan Hemsworth,https://github.com/Leander-Antony/my-spotify/blob/main/artist_images/Ryan%20Hemsworth.jpg?raw=true
BRXKEN,https://github.com/Leander-Antony/my-spotify/blob/main/artist_images/BRXKEN.jpg?raw=true
Onedayuwillforgetme,https://github.com/Leander-Antony/my-spotify/blob/main/artist_images/Onedayuwillforgetme.jpg?raw=true
Öwnboss,https://github.com/Leander-Antony/my-spotify/blob/main/artist_images/%C3%96wnboss.jpg?raw=true
Skyder,https://github.com/Leander-Antony/my-spotify/blob/main/artist_images/Skyder.jpg?raw=true
Crxne,https://github.com/Leander-Antony/my-spotify/blob/main/artist_images/Crxne.jpg?raw=true
LUM!X,https://github.com/Leander-Antony/my-spotify/blob/main/artist_images/LUM%21X.jpg?raw=true
INDRAGERSN,https://github.com/Leander-Antony/my-spotify/blob/main/artist_images/INDRAGERSN.jpg?raw=true
Ely Waves,https://github.com/Leander-Antony/my-spotify/blob/main/artist_images/Ely%20Waves.jpg?raw=true
PmBata,https://github.com/Leander-Antony/my-spotify/blob/main/artist_images/PmBata.jpg?raw=true
raixrd,https://github.com/Leander-Antony/my-spotify/blob/main/artist_images/raixrd.jpg?raw=true
Various Artists,https://github.com/Leander-Antony/my-spotify/blob/main/artist_images/Various%20Artists.jpg?raw=true
Lorenzo Ferrara,https://github.com/Leander-Antony/my-spotify/blob/main/artist_images/Lorenzo%20Ferrara.jpg?raw=true
Apollo Fresh,https://github.com/Leander-Antony/my-spotify/blob/main/artist_images/Apollo%20Fresh.jpg?raw=true
deadman 死人,https://github.com/Leander-Antony/my-spotify/blob/main/artist_images/deadman%20%E6%AD%BB%E4%BA%BA.jpg?raw=true
mol$,https://github.com/Leander-Antony/my-spotify/blob/main/artist_images/mol%24.jpg?raw=true
Miura Jam,https://github.com/Leander-Antony/my-spotify/blob/main/artist_images/Miura%20Jam.jpg?raw=true
Senzawa,https://github.com/Leander-Antony/my-spotify/blob/main/artist_images/Senzawa.jpg?raw=true
AcesToAces,https://github.com/Leander-Antony/my-spotify/blob/main/artist_images/AcesToAces.jpg?raw=true
Wyd Benny,https://github.com/Leander-Antony/my-spotify/blob/main/artist_images/Wyd%20Benny.jpg?raw=true
Shiki-TMNS,https://github.com/Leander-Antony/my-spotify/blob/main/artist_images/Shiki-TMNS.jpg?raw=true
Rainych,https://github.com/Leander-Antony/my-spotify/blob/main/artist_images/Rainych.jpg?raw=true
Freezzy,https://github.com/Leander-Antony/my-spotify/blob/main/artist_images/Freezzy.jpg?raw=true
Valley Swerve,https://github.com/Leander-Antony/my-spotify/blob/main/artist_images/Valley%20Swerve.jpg?raw=true
稲葉曇,https://github.com/Leander-Antony/my-spotify/blob/main/artist_images/%E7%A8%B2%E8%91%89%E6%9B%87.jpg?raw=true
Louis Capone,https://github.com/Leander-Antony/my-spotify/blob/main/artist_images/Louis%20Capone.jpg?raw=true
B Free,https://github.com/Leander-Antony/my-spotify/blob/main/artist_images/B%20Free.jpg?raw=true
Sunday Vibes,https://github.com/Leander-Antony/my-spotify/blob/main/artist_images/Sunday%20Vibes.jpg?raw=true
Khantrast,https://github.com/Leander-Antony/my-spotify/blob/main/artist_images/Khantrast.jpg?raw=true
Detox the Kid,https://github.com/Leander-Antony/my-spotify/blob/main/artist_images/Detox%20the%20Kid.jpg?raw=true
JJ,https://github.com/Leander-Antony/my-spotify/blob/main/artist_images/JJ.jpg?raw=true
遠野高志,https://github.com/Leander-Antony/my-spotify/blob/main/artist_images/%E9%81%A0%E9%87%8E%E9%AB%98%E5%BF%97.jpg?raw=true
LA Nightcore,https://github.com/Leander-Antony/my-spotify/blob/main/artist_images/LA%20Nightcore.jpg?raw=true
MYTH & ROID,https://github.com/Leander-Antony/my-spotify/blob/main/artist_images/MYTH%20%26%20ROID.jpg?raw=true
Anamanaguchi,https://github.com/Leander-Antony/my-spotify/blob/main/artist_images/Anamanaguchi.jpg?raw=true
lilbootycall,https://github.com/Leander-Antony/my-spotify/blob/main/artist_images/lilbootycall.jpg?raw=true
Cö shu Nie,https://github.com/Leander-Antony/my-spotify/blob/main/artist_images/C%C3%B6%20shu%20Nie.jpg?raw=true
Who-ya Extended,https://github.com/Leander-Antony/my-spotify/blob/main/artist_images/Who-ya%20Extended.jpg?raw=true
Machico,https://github.com/Leander-Antony/my-spotify/blob/main/artist_images/Machico.jpg?raw=true
Shayne Orok,https://github.com/Leander-Antony/my-spotify/blob/main/artist_images/Shayne%20Orok.jpg?raw=true
斉藤 朱夏,https://github.com/Leander-Antony/my-spotify/blob/main/artist_images/%E6%96%89%E8%97%A4%20%E6%9C%B1%E5%A4%8F.jpg?raw=true
Killbird,https://github.com/Leander-Antony/my-spotify/blob/main/artist_images/Killbird.jpg?raw=true
PHQNK,https://github.com/Leander-Antony/my-spotify/blob/main/artist_images/PHQNK.jpg?raw=true
Zohid,https://github.com/Leander-Antony/my-spotify/blob/main/artist_images/Zohid.jpg?raw=true
Farizki,https://github.com/Leander-Antony/my-spotify/blob/main/artist_images/Farizki.jpg?raw=true
Shipu,https://github.com/Leander-Antony/my-spotify/blob/main/artist_images/Shipu.jpg?raw=true
Scarlet,https://github.com/Leander-Antony/my-spotify/blob/main/artist_images/Scarlet.jpg?raw=true
Justin Timberlake,https://github.com/Leander-Antony/my-spotify/blob/main/artist_images/Justin%20Timberlake.jpg?raw=true
James Millier,https://github.com/Leander-Antony/my-spotify/blob/main/artist_images/James%20Millier.jpg?raw=true
Chaitha,https://github.com/Leander-Antony/my-spotify/blob/main/artist_images/Chaitha.jpg?raw=true
7DVZE,https://github.com/Leander-Antony/my-spotify/blob/main/artist_images/7DVZE.jpg?raw=true
Daniel Sánchez,https://github.com/Leander-Antony/my-spotify/blob/main/artist_images/Daniel%20S%C3%A1nchez.jpg?raw=true
Rich,https://github.com/Leander-Antony/my-spotify/blob/main/artist_images/Rich.jpg?raw=true
Bjarne van Delft,https://github.com/Leander-Antony/my-spotify/blob/main/artist_images/Bjarne%20van%20Delft.jpg?raw=true
Andre Valdez,https://github.com/Leander-Antony/my-spotify/blob/main/artist_images/Andre%20Valdez.jpg?raw=true
Byko,https://github.com/Leander-Antony/my-spotify/blob/main/artist_images/Byko.jpg?raw=true
John Legend,https://github.com/Leander-Antony/my-spotify/blob/main/artist_images/John%20Legend.jpg?raw=true
Freya Ridings,https://github.com/Leander-Antony/my-spotify/blob/main/artist_images/Freya%20Ridings.jpg?raw=true
Sofia Carson,https://github.com/Leander-Antony/my-spotify/blob/main/artist_images/Sofia%20Carson.jpg?raw=true
JP Cooper,https://github.com/Leander-Antony/my-spotify/blob/main/artist_images/JP%20Cooper.jpg?raw=true
James Bay,https://github.com/Leander-Antony/my-spotify/blob/main/artist_images/James%20Bay.jpg?raw=true
Holem,https://github.com/Leander-Antony/my-spotify/blob/main/artist_images/Holem.jpg?raw=true
JNR CHOI,https://github.com/Leander-Antony/my-spotify/blob/main/artist_images/JNR%20CHOI.jpg?raw=true
Katrina Stuart,https://github.com/Leander-Antony/my-spotify/blob/main/artist_images/Katrina%20Stuart.jpg?raw=true
Patrick Watson,https://github.com/Leander-Antony/my-spotify/blob/main/artist_images/Patrick%20Watson.jpg?raw=true
Céline Dion,https://github.com/Leander-Antony/my-spotify/blob/main/artist_images/C%C3%A9line%20Dion.jpg?raw=true
Zeke G,https://github.com/Leander-Antony/my-spotify/blob/main/artist_images/Zeke%20G.jpg?raw=true
Aesthetic Sounds,https://github.com/Leander-Antony/my-spotify/blob/main/artist_images/Aesthetic%20Sounds.jpg?raw=true
Charlotte Lawrence,https://github.com/Leander-Antony/my-spotify/blob/main/artist_images/Charlotte%20Lawrence.jpg?raw=true
Vance Joy,https://github.com/Leander-Antony/my-spotify/blob/main/artist_images/Vance%20Joy.jpg?raw=true
3AM,https://github.com/Leander-Antony/my-spotify/blob/main/artist_images/3AM.jpg?raw=true
8D Labs,https://github.com/Leander-Antony/my-spotify/blob/main/artist_images/8D%20Labs.jpg?raw=true
Sław,https://github.com/Leander-Antony/my-spotify/blob/main/artist_images/S%C5%82aw.jpg?raw=true
Sohan Rahman,https://github.com/Leander-Antony/my-spotify/blob/main/artist_images/Sohan%20Rahman.jpg?raw=true
Soham,https://github.com/Leander-Antony/my-spotify/blob/main/artist_images/Soham.jpg?raw=true
kryptonzero.,https://github.com/Leander-Antony/my-spotify/blob/main/artist_images/kryptonzero..jpg?raw=true
BBHvikas,https://github.com/Leander-Antony/my-spotify/blob/main/artist_images/BBHvikas.jpg?raw=true
Aditya A,https://github.com/Leander-Antony/my-spotify/blob/main/artist_images/Aditya%20A.jpg?raw=true
Amit Roy Roy,https://github.com/Leander-Antony/my-spotify/blob/main/artist_images/Amit%20Roy%20Roy.jpg?raw=true
Favas Fazin,https://github.com/Leander-Antony/my-spotify/blob/main/artist_images/Favas%20Fazin.jpg?raw=true
Aditya Rikhari,https://github.com/Leander-Antony/my-spotify/blob/main/artist_images/Aditya%20Rikhari.jpg?raw=true
Pratsofficial,https://github.com/Leander-Antony/my-spotify/blob/main/artist_images/Pratsofficial.jpg?raw=true
VIBIE,https://github.com/Leander-Antony/my-spotify/blob/main/artist_images/VIBIE.jpg?raw=true
Taaruk Raina,https://github.com/Leander-Antony/my-spotify/blob/main/artist_images/Taaruk%20Raina.jpg?raw=true
Ritviz,https://github.com/Leander-Antony/my-spotify/blob/main/artist_images/Ritviz.jpg?raw=true
Gajendra Verma,https://github.com/Leander-Antony/my-spotify/blob/main/artist_images/Gajendra%20Verma.jpg?raw=true
OAFF,https://github.com/Leander-Antony/my-spotify/blob/main/artist_images/OAFF.jpg?raw=true
Madhur Sharma,https://github.com/Leander-Antony/my-spotify/blob/main/artist_images/Madhur%20Sharma.jpg?raw=true
Rishabh,https://github.com/Leander-Antony/my-spotify/blob/main/artist_images/Rishabh.jpg?raw=true
Tanzeel Khan,https://github.com/Leander-Antony/my-spotify/blob/main/artist_images/Tanzeel%20Khan.jpg?raw=true
Vivek Creates,https://github.com/Leander-Antony/my-spotify/blob/main/artist_images/Vivek%20Creates.jpg?raw=true
Rahul Jain,https://github.com/Leander-Antony/my-spotify/blob/main/artist_images/Rahul%20Jain.jpg?raw=true
WORMONO,https://github.com/Leander-Antony/my-spotify/blob/main/artist_images/WORMONO.jpg?raw=true
KR$NA,https://github.com/Leander-Antony/my-spotify/blob/main/artist_images/KR%24NA.jpg?raw=true
KALAM INK,https://github.com/Leander-Antony/my-spotify/blob/main/artist_images/KALAM%20INK.jpg?raw=true
Hloshit,https://github.com/Leander-Antony/my-spotify/blob/main/artist_images/Hloshit.jpg?raw=true
Pranish VP,https://github.com/Leander-Antony/my-spotify/blob/main/artist_images/Pranish%20VP.jpg?raw=true
Mizajii,https://github.com/Leander-Antony/my-spotify/blob/main/artist_images/Mizajii.jpg?raw=true
Rito Riba,https://github.com/Leander-Antony/my-spotify/blob/main/artist_images/Rito%20Riba.jpg?raw=true
Sarvanss,https://github.com/Leander-Antony/my-spotify/blob/main/artist_images/Sarvanss.jpg?raw=true
Zeph,https://github.com/Leander-Antony/my-spotify/blob/main/artist_images/Zeph.jpg?raw=true
awfultune,https://github.com/Leander-Antony/my-spotify/blob/main/artist_images/awfultune.jpg?raw=true
Casey Baer,https://github.com/Leander-Antony/my-spotify/blob/main/artist_images/Casey%20Baer.jpg?raw=true
Montell Fish,https://github.com/Leander-Antony/my-spotify/blob/main/artist_images/Montell%20Fish.jpg?raw=true
Tottywat,https://github.com/Leander-Antony/my-spotify/blob/main/artist_images/Tottywat.jpg?raw=true
Fresco Trey,https://github.com/Leander-Antony/my-spotify/blob/main/artist_images/Fresco%20Trey.jpg?raw=true
Lithe,https://github.com/Leander-Antony/my-spotify/blob/main/artist_images/Lithe.jpg?raw=true
Sunny Suljic,https://github.com/Leander-Antony/my-spotify/blob/main/artist_images/Sunny%20Suljic.jpg?raw=true
tobi lou,https://github.com/Leander-Antony/my-spotify/blob/main/artist_images/tobi%20lou.jpg?raw=true
Cole Norton,https://github.com/Leander-Antony/my-spotify/blob/main/artist_images/Cole%20Norton.jpg?raw=true
sad alex,https://github.com/Leander-Antony/my-spotify/blob/main/artist_images/sad%20alex.jpg?raw=true
Sky McCreery,https://github.com/Leander-Antony/my-spotify/blob/main/artist_images/Sky%20McCreery.jpg?raw=true
Scott Quinn,https://github.com/Leander-Antony/my-spotify/blob/main/artist_images/Scott%20Quinn.jpg?raw=true
Austin George,https://github.com/Leander-Antony/my-spotify/blob/main/artist_images/Austin%20George.jpg?raw=true
Karina Grace,https://github.com/Leander-Antony/my-spotify/blob/main/artist_images/Karina%20Grace.jpg?raw=true
Reagan Beem,https://github.com/Leander-Antony/my-spotify/blob/main/artist_images/Reagan%20Beem.jpg?raw=true
dosez,https://github.com/Leander-Antony/my-spotify/blob/main/artist_images/dosez.jpg?raw=true
Creeds,https://github.com/Leander-Antony/my-spotify/blob/main/artist_images/Creeds.jpg?raw=true
NEMESIS,https://github.com/Leander-Antony/my-spotify/blob/main/artist_images/NEMESIS.jpg?raw=true
Nateki,https://github.com/Leander-Antony/my-spotify/blob/main/artist_images/Nateki.jpg?raw=true
dashie,https://github.com/Leander-Antony/my-spotify/blob/main/artist_images/dashie.jpg?raw=true
$pidxrs?808,https://github.com/Leander-Antony/my-spotify/blob/main/artist_images/%24pidxrs%3F808.jpg?raw=true
VIOR,https://github.com/Leander-Antony/my-spotify/blob/main/artist_images/VIOR.jpg?raw=true
jsa,https://github.com/Leander-Antony/my-spotify/blob/main/artist_images/jsa.jpg?raw=true
Chandler Leighton,https://github.com/Leander-Antony/my-spotify/blob/main/artist_images/Chandler%20Leighton.jpg?raw=true
Meg Smith,https://github.com/Leander-Antony/my-spotify/blob/main/artist_images/Meg%20Smith.jpg?raw=true
Bea and her Business,https://github.com/Leander-Antony/my-spotify/blob/main/artist_images/Bea%20and%20her%20Business.jpg?raw=true
Lorde,https://github.com/Leander-Antony/my-spotify/blob/main/artist_images/Lorde.jpg?raw=true
CIL,https://github.com/Leander-Antony/my-spotify/blob/main/artist_images/CIL.jpg?raw=true
Omar Apollo,https://github.com/Leander-Antony/my-spotify/blob/main/artist_images/Omar%20Apollo.jpg?raw=true
TheAnimeJim,https://github.com/Leander-Antony/my-spotify/blob/main/artist_images/TheAnimeJim.jpg?raw=true
Sibastiann,https://github.com/Leander-Antony/my-spotify/blob/main/artist_images/Sibastiann.jpg?raw=true
RelentlessRiven,https://github.com/Leander-Antony/my-spotify/blob/main/artist_images/RelentlessRiven.jpg?raw=true
kissxnpixel,https://github.com/Leander-Antony/my-spotify/blob/main/artist_images/kissxnpixel.jpg?raw=true
Binimo,https://github.com/Leander-Antony/my-spotify/blob/main/artist_images/Binimo.jpg?raw=true
Xosri,https://github.com/Leander-Antony/my-spotify/blob/main/artist_images/Xosri.jpg?raw=true
Kina Grannis,https://github.com/Leander-Antony/my-spotify/blob/main/artist_images/Kina%20Grannis.jpg?raw=true
Leon Bridges,https://github.com/Leander-Antony/my-spotify/blob/main/artist_images/Leon%20Bridges.jpg?raw=true
Skinny Atlas,https://github.com/Leander-Antony/my-spotify/blob/main/artist_images/Skinny%20Atlas.jpg?raw=true
Hevrtless,https://github.com/Leander-Antony/my-spotify/blob/main/artist_images/Hevrtless.jpg?raw=true
XATASHI,https://github.com/Leander-Antony/my-spotify/blob/main/artist_images/XATASHI.jpg?raw=true
FILV,https://github.com/Leander-Antony/my-spotify/blob/main/artist_images/FILV.jpg?raw=true
Crazy Mano,https://github.com/Leander-Antony/my-spotify/blob/main/artist_images/Crazy%20Mano.jpg?raw=true
TOKYOSLEEP,https://github.com/Leander-Antony/my-spotify/blob/main/artist_images/TOKYOSLEEP.jpg?raw=true
L1OR,https://github.com/Leander-Antony/my-spotify/blob/main/artist_images/L1OR.jpg?raw=true
BLXCKBUSTA,https://github.com/Leander-Antony/my-spotify/blob/main/artist_images/BLXCKBUSTA.jpg?raw=true
XANAKIN SKYWOK,https://github.com/Leander-Antony/my-spotify/blob/main/artist_images/XANAKIN%20SKYWOK.jpg?raw=true
PHXNK DEMXN,https://github.com/Leander-Antony/my-spotify/blob/main/artist_images/PHXNK%20DEMXN.jpg?raw=true
VOLT VISION,https://github.com/Leander-Antony/my-spotify/blob/main/artist_images/VOLT%20VISION.jpg?raw=true
HXNDVMVINER F99,https://github.com/Leander-Antony/my-spotify/blob/main/artist_images/HXNDVMVINER%20F99.jpg?raw=true
Sweepz,https://github.com/Leander-Antony/my-spotify/blob/main/artist_images/Sweepz.jpg?raw=true
CHXSE WAVE,https://github.com/Leander-Antony/my-spotify/blob/main/artist_images/CHXSE%20WAVE.jpg?raw=true
REAPR,https://github.com/Leander-Antony/my-spotify/blob/main/artist_images/REAPR.jpg?raw=true
KXLRA,https://github.com/Leander-Antony/my-spotify/blob/main/artist_images/KXLRA.jpg?raw=true
DXNT L13,https://github.com/Leander-Antony/my-spotify/blob/main/artist_images/DXNT%20L13.jpg?raw=true
ZERIUS,https://github.com/Leander-Antony/my-spotify/blob/main/artist_images/ZERIUS.jpg?raw=true
SYNN,https://github.com/Leander-Antony/my-spotify/blob/main/artist_images/SYNN.jpg?raw=true
Bruce,https://github.com/Leander-Antony/my-spotify/blob/main/artist_images/Bruce.jpg?raw=true
fallen angel,https://github.com/Leander-Antony/my-spotify/blob/main/artist_images/fallen%20angel.jpg?raw=true
afex,https://github.com/Leander-Antony/my-spotify/blob/main/artist_images/afex.jpg?raw=true
Sixthells,https://github.com/Leander-Antony/my-spotify/blob/main/artist_images/Sixthells.jpg?raw=true
Aega,https://github.com/Leander-Antony/my-spotify/blob/main/artist_images/Aega.jpg?raw=true
DJ LZIN,https://github.com/Leander-Antony/my-spotify/blob/main/artist_images/DJ%20LZIN.jpg?raw=true
Hikigaya,https://github.com/Leander-Antony/my-spotify/blob/main/artist_images/Hikigaya.jpg?raw=true
XDDDDDDDDDDDDD,https://github.com/Leander-Antony/my-spotify/blob/main/artist_images/XDDDDDDDDDDDDD.jpg?raw=true
GODIMIRE,https://github.com/Leander-Antony/my-spotify/blob/main/artist_images/GODIMIRE.jpg?raw=true
mikeeysmind,https://github.com/Leander-Antony/my-spotify/blob/main/artist_images/mikeeysmind.jpg?raw=true
Dreamy,https://github.com/Leander-Antony/my-spotify/blob/main/artist_images/Dreamy.jpg?raw=true
TRASHXRL,https://github.com/Leander-Antony/my-spotify/blob/main/artist_images/TRASHXRL.jpg?raw=true
HONDO,https://github.com/Leander-Antony/my-spotify/blob/main/artist_images/HONDO.jpg?raw=true
DJ GUDOG,https://github.com/Leander-Antony/my-spotify/blob/main/artist_images/DJ%20GUDOG.jpg?raw=true
DR MØB,https://github.com/Leander-Antony/my-spotify/blob/main/artist_images/DR%20M%C3%98B.jpg?raw=true
PANICX,https://github.com/Leander-Antony/my-spotify/blob/main/artist_images/PANICX.jpg?raw=true
ZMAJOR,https://github.com/Leander-Antony/my-spotify/blob/main/artist_images/ZMAJOR.jpg?raw=true
GRIMIGAN,https://github.com/Leander-Antony/my-spotify/blob/main/artist_images/GRIMIGAN.jpg?raw=true
DJ P13,https://github.com/Leander-Antony/my-spotify/blob/main/artist_images/DJ%20P13.jpg?raw=true
MiyokiBeats,https://github.com/Leander-Antony/my-spotify/blob/main/artist_images/MiyokiBeats.jpg?raw=true
Duc Duy,https://github.com/Leander-Antony/my-spotify/blob/main/artist_images/Duc%20Duy.jpg?raw=true
Dj Vitinho Beat,https://github.com/Leander-Antony/my-spotify/blob/main/artist_images/Dj%20Vitinho%20Beat.jpg?raw=true
Purpose 115,https://github.com/Leander-Antony/my-spotify/blob/main/artist_images/Purpose%20115.jpg?raw=true
ciya,https://github.com/Leander-Antony/my-spotify/blob/main/artist_images/ciya.jpg?raw=true
xholder,https://github.com/Leander-Antony/my-spotify/blob/main/artist_images/xholder.jpg?raw=true
LXVELY,https://github.com/Leander-Antony/my-spotify/blob/main/artist_images/LXVELY.jpg?raw=true
DJ Vuiziki,https://github.com/Leander-Antony/my-spotify/blob/main/artist_images/DJ%20Vuiziki.jpg?raw=true
DJ Ritmo55,https://github.com/Leander-Antony/my-spotify/blob/main/artist_images/DJ%20Ritmo55.jpg?raw=true
DEDLINE,https://github.com/Leander-Antony/my-spotify/blob/main/artist_images/DEDLINE.jpg?raw=true
goyak,https://github.com/Leander-Antony/my-spotify/blob/main/artist_images/goyak.jpg?raw=true
Westside T,https://github.com/Leander-Antony/my-spotify/blob/main/artist_images/Westside%20T.jpg?raw=true
Slxwburn,https://github.com/Leander-Antony/my-spotify/blob/main/artist_images/Slxwburn.jpg?raw=true
JokerJester,https://github.com/Leander-Antony/my-spotify/blob/main/artist_images/JokerJester.jpg?raw=true
clownhunter,https://github.com/Leander-Antony/my-spotify/blob/main/artist_images/clownhunter.jpg?raw=true
okleaff,https://github.com/Leander-Antony/my-spotify/blob/main/artist_images/okleaff.jpg?raw=true
467,https://github.com/Leander-Antony/my-spotify/blob/main/artist_images/467.jpg?raw=true
L19U1D,https://github.com/Leander-Antony/my-spotify/blob/main/artist_images/L19U1D.jpg?raw=true
Houndrel,https://github.com/Leander-Antony/my-spotify/blob/main/artist_images/Houndrel.jpg?raw=true
zerØisnothing,https://github.com/Leander-Antony/my-spotify/blob/main/artist_images/zer%C3%98isnothing.jpg?raw=true
Ezediel,https://github.com/Leander-Antony/my-spotify/blob/main/artist_images/Ezediel.jpg?raw=true
NERGRISEN,https://github.com/Leander-Antony/my-spotify/blob/main/artist_images/NERGRISEN.jpg?raw=true
goth,https://github.com/Leander-Antony/my-spotify/blob/main/artist_images/goth.jpg?raw=true
Kill Dyll,https://github.com/Leander-Antony/my-spotify/blob/main/artist_images/Kill%20Dyll.jpg?raw=true
Ras Bootin',https://github.com/Leander-Antony/my-spotify/blob/main/artist_images/Ras%20Bootin%27.jpg?raw=true
KILLEDDY,https://github.com/Leander-Antony/my-spotify/blob/main/artist_images/KILLEDDY.jpg?raw=true
Pranav.Wav,https://github.com/Leander-Antony/my-spotify/blob/main/artist_images/Pranav.Wav.jpg?raw=true
Numeralzer0,https://github.com/Leander-Antony/my-spotify/blob/main/artist_images/Numeralzer0.jpg?raw=true
ZillaKami,https://github.com/Leander-Antony/my-spotify/blob/main/artist_images/ZillaKami.jpg?raw=true
Warlord Colossus,https://github.com/Leander-Antony/my-spotify/blob/main/artist_images/Warlord%20Colossus.jpg?raw=true
Xstitch,https://github.com/Leander-Antony/my-spotify/blob/main/artist_images/Xstitch.jpg?raw=true
In the Middle.,https://github.com/Leander-Antony/my-spotify/blob/main/artist_images/In%20the%20Middle..jpg?raw=true
BLUPILL,https://github.com/Leander-Antony/my-spotify/blob/main/artist_images/BLUPILL.jpg?raw=true
Yung Rare,https://github.com/Leander-Antony/my-spotify/blob/main/artist_images/Yung%20Rare.jpg?raw=true
JnJavelin,https://github.com/Leander-Antony/my-spotify/blob/main/artist_images/JnJavelin.jpg?raw=true
Gullyspit,https://github.com/Leander-Antony/my-spotify/blob/main/artist_images/Gullyspit.jpg?raw=true
Sunni D,https://github.com/Leander-Antony/my-spotify/blob/main/artist_images/Sunni%20D.jpg?raw=true
Love Ghost,https://github.com/Leander-Antony/my-spotify/blob/main/artist_images/Love%20Ghost.jpg?raw=true
DragonStephens,https://github.com/Leander-Antony/my-spotify/blob/main/artist_images/DragonStephens.jpg?raw=true
ZippPipp,https://github.com/Leander-Antony/my-spotify/blob/main/artist_images/ZippPipp.jpg?raw=true
g59remains,https://github.com/Leander-Antony/my-spotify/blob/main/artist_images/g59remains.jpg?raw=true
Orixasti,https://github.com/Leander-Antony/my-spotify/blob/main/artist_images/Orixasti.jpg?raw=true
Çağoflex,https://github.com/Leander-Antony/my-spotify/blob/main/artist_images/%C3%87a%C4%9Foflex.jpg?raw=true
crypvolk,https://github.com/Leander-Antony/my-spotify/blob/main/artist_images/crypvolk.jpg?raw=true
Gunrunner,https://github.com/Leander-Antony/my-spotify/blob/main/artist_images/Gunrunner.jpg?raw=true
do not resurrect,https://github.com/Leander-Antony/my-spotify/blob/main/artist_images/do%20not%20resurrect.jpg?raw=true
Lostbot,https://github.com/Leander-Antony/my-spotify/blob/main/artist_images/Lostbot.jpg?raw=true
Vaskan,https://github.com/Leander-Antony/my-spotify/blob/main/artist_images/Vaskan.jpg?raw=true
ENDUZIX,https://github.com/Leander-Antony/my-spotify/blob/main/artist_images/ENDUZIX.jpg?raw=true
prodByLone,https://github.com/Leander-Antony/my-spotify/blob/main/artist_images/prodByLone.jpg?raw=true
DizzyEight,https://github.com/Leander-Antony/my-spotify/blob/main/artist_images/DizzyEight.jpg?raw=true
Reece Lett,https://github.com/Leander-Antony/my-spotify/blob/main/artist_images/Reece%20Lett.jpg?raw=true
TR3NVHN,https://github.com/Leander-Antony/my-spotify/blob/main/artist_images/TR3NVHN.jpg?raw=true
Jerry harry,https://github.com/Leander-Antony/my-spotify/blob/main/artist_images/Jerry%20harry.jpg?raw=true
D-Block & S-te-Fan,https://github.com/Leander-Antony/my-spotify/blob/main/artist_images/D-Block%20%26%20S-te-Fan.jpg?raw=true
Phuture Noize,https://github.com/Leander-Antony/my-spotify/blob/main/artist_images/Phuture%20Noize.jpg?raw=true
Jonski,https://github.com/Leander-Antony/my-spotify/blob/main/artist_images/Jonski.jpg?raw=true
Toneshifterz,https://github.com/Leander-Antony/my-spotify/blob/main/artist_images/Toneshifterz.jpg?raw=true
Dash Berlin,https://github.com/Leander-Antony/my-spotify/blob/main/artist_images/Dash%20Berlin.jpg?raw=true
DJ Gollum,https://github.com/Leander-Antony/my-spotify/blob/main/artist_images/DJ%20Gollum.jpg?raw=true
Tungevaag,https://github.com/Leander-Antony/my-spotify/blob/main/artist_images/Tungevaag.jpg?raw=true
Tatli,https://github.com/Leander-Antony/my-spotify/blob/main/artist_images/Tatli.jpg?raw=true
Remzcore,https://github.com/Leander-Antony/my-spotify/blob/main/artist_images/Remzcore.jpg?raw=true
Rick.staneke,https://github.com/Leander-Antony/my-spotify/blob/main/artist_images/Rick.staneke.jpg?raw=true
revo xd,https://github.com/Leander-Antony/my-spotify/blob/main/artist_images/revo%20xd.jpg?raw=true
Neptunica,https://github.com/Leander-Antony/my-spotify/blob/main/artist_images/Neptunica.jpg?raw=true
DRILL GATES,https://github.com/Leander-Antony/my-spotify/blob/main/artist_images/DRILL%20GATES.jpg?raw=true
TEKKNO,https://github.com/Leander-Antony/my-spotify/blob/main/artist_images/TEKKNO.jpg?raw=true
Zombic,https://github.com/Leander-Antony/my-spotify/blob/main/artist_images/Zombic.jpg?raw=true
Sinan Onu,https://github.com/Leander-Antony/my-spotify/blob/main/artist_images/Sinan%20Onu.jpg?raw=true
MAKAVELI HARDSTYLE,https://github.com/Leander-Antony/my-spotify/blob/main/artist_images/MAKAVELI%20HARDSTYLE.jpg?raw=true
Jordiz,https://github.com/Leander-Antony/my-spotify/blob/main/artist_images/Jordiz.jpg?raw=true
BIOJECT,https://github.com/Leander-Antony/my-spotify/blob/main/artist_images/BIOJECT.jpg?raw=true
Pxlish Beatz,https://github.com/Leander-Antony/my-spotify/blob/main/artist_images/Pxlish%20Beatz.jpg?raw=true
VI3ION,https://github.com/Leander-Antony/my-spotify/blob/main/artist_images/VI3ION.jpg?raw=true
AXMO,https://github.com/Leander-Antony/my-spotify/blob/main/artist_images/AXMO.jpg?raw=true
Realyzed,https://github.com/Leander-Antony/my-spotify/blob/main/artist_images/Realyzed.jpg?raw=true
Skoften Sloopservice,https://github.com/Leander-Antony/my-spotify/blob/main/artist_images/Skoften%20Sloopservice.jpg?raw=true
NLCK,https://github.com/Leander-Antony/my-spotify/blob/main/artist_images/NLCK.jpg?raw=true
Lockdown,https://github.com/Leander-Antony/my-spotify/blob/main/artist_images/Lockdown.jpg?raw=true
Dinlerproduction,https://github.com/Leander-Antony/my-spotify/blob/main/artist_images/Dinlerproduction.jpg?raw=true
KHXXMU,https://github.com/Leander-Antony/my-spotify/blob/main/artist_images/KHXXMU.jpg?raw=true
State One,https://github.com/Leander-Antony/my-spotify/blob/main/artist_images/State%20One.jpg?raw=true
Vladinka,https://github.com/Leander-Antony/my-spotify/blob/main/artist_images/Vladinka.jpg?raw=true
Markus Kolman,https://github.com/Leander-Antony/my-spotify/blob/main/artist_images/Markus%20Kolman.jpg?raw=true
John Paesano,https://github.com/Leander-Antony/my-spotify/blob/main/artist_images/John%20Paesano.jpg?raw=true
Daniel Pemberton,https://github.com/Leander-Antony/my-spotify/blob/main/artist_images/Daniel%20Pemberton.jpg?raw=true
Benzz,https://github.com/Leander-Antony/my-spotify/blob/main/artist_images/Benzz.jpg?raw=true
Tobi & Manny,https://github.com/Leander-Antony/my-spotify/blob/main/artist_images/Tobi%20%26%20Manny.jpg?raw=true
Lynyrd Skynyrd,https://github.com/Leander-Antony/my-spotify/blob/main/artist_images/Lynyrd%20Skynyrd.jpg?raw=true
Tech N9ne,https://github.com/Leander-Antony/my-spotify/blob/main/artist_images/Tech%20N9ne.jpg?raw=true
WOST,https://github.com/Leander-Antony/my-spotify/blob/main/artist_images/WOST.jpg?raw=true
MF DOOM,https://github.com/Leander-Antony/my-spotify/blob/main/artist_images/MF%20DOOM.jpg?raw=true
The White Stripes,https://github.com/Leander-Antony/my-spotify/blob/main/artist_images/The%20White%20Stripes.jpg?raw=true
Ludacris,https://github.com/Leander-Antony/my-spotify/blob/main/artist_images/Ludacris.jpg?raw=true
Noisestorm,https://github.com/Leander-Antony/my-spotify/blob/main/artist_images/Noisestorm.jpg?raw=true
Minimusicman,https://github.com/Leander-Antony/my-spotify/blob/main/artist_images/Minimusicman.jpg?raw=true
Beatrice,https://github.com/Leander-Antony/my-spotify/blob/main/artist_images/Beatrice.jpg?raw=true
Vince DiCola,https://github.com/Leander-Antony/my-spotify/blob/main/artist_images/Vince%20DiCola.jpg?raw=true
Roy Jones Jr.,https://github.com/Leander-Antony/my-spotify/blob/main/artist_images/Roy%20Jones%20Jr..jpg?raw=true
Outkast,https://github.com/Leander-Antony/my-spotify/blob/main/artist_images/Outkast.jpg?raw=true
Black Sabbath,https://github.com/Leander-Antony/my-spotify/blob/main/artist_images/Black%20Sabbath.jpg?raw=true
Thomas Newman,https://github.com/Leander-Antony/my-spotify/blob/main/artist_images/Thomas%20Newman.jpg?raw=true
Sabaton,https://github.com/Leander-Antony/my-spotify/blob/main/artist_images/Sabaton.jpg?raw=true
Chamillionaire,https://github.com/Leander-Antony/my-spotify/blob/main/artist_images/Chamillionaire.jpg?raw=true
Carameii,https://github.com/Leander-Antony/my-spotify/blob/main/artist_images/Carameii.jpg?raw=true
Powerwolf,https://github.com/Leander-Antony/my-spotify/blob/main/artist_images/Powerwolf.jpg?raw=true
Indila,https://github.com/Leander-Antony/my-spotify/blob/main/artist_images/Indila.jpg?raw=true
DigEx,https://github.com/Leander-Antony/my-spotify/blob/main/artist_images/DigEx.jpg?raw=true
Geoffplaysguitar,https://github.com/Leander-Antony/my-spotify/blob/main/artist_images/Geoffplaysguitar.jpg?raw=true
Michael Shirt,https://github.com/Leander-Antony/my-spotify/blob/main/artist_images/Michael%20Shirt.jpg?raw=true
Tyson Yen,https://github.com/Leander-Antony/my-spotify/blob/main/artist_images/Tyson%20Yen.jpg?raw=true
Murkish,https://github.com/Leander-Antony/my-spotify/blob/main/artist_images/Murkish.jpg?raw=true
prodby668,https://github.com/Leander-Antony/my-spotify/blob/main/artist_images/prodby668.jpg?raw=true
Andrew Baena,https://github.com/Leander-Antony/my-spotify/blob/main/artist_images/Andrew%20Baena.jpg?raw=true
Jeethz,https://github.com/Leander-Antony/my-spotify/blob/main/artist_images/Jeethz.jpg?raw=true
Jimmy Gnecco,https://github.com/Leander-Antony/my-spotify/blob/main/artist_images/Jimmy%20Gnecco.jpg?raw=true
Zeal & Ardor,https://github.com/Leander-Antony/my-spotify/blob/main/artist_images/Zeal%20%26%20Ardor.jpg?raw=true
Soulfly,https://github.com/Leander-Antony/my-spotify/blob/main/artist_images/Soulfly.jpg?raw=true
Armani White,https://github.com/Leander-Antony/my-spotify/blob/main/artist_images/Armani%20White.jpg?raw=true
Pete & Bas,https://github.com/Leander-Antony/my-spotify/blob/main/artist_images/Pete%20%26%20Bas.jpg?raw=true
Judas Priest,https://github.com/Leander-Antony/my-spotify/blob/main/artist_images/Judas%20Priest.jpg?raw=true
Stormzy,https://github.com/Leander-Antony/my-spotify/blob/main/artist_images/Stormzy.jpg?raw=true
Cowbell Cult,https://github.com/Leander-Antony/my-spotify/blob/main/artist_images/Cowbell%20Cult.jpg?raw=true
Jack Harlow,https://github.com/Leander-Antony/my-spotify/blob/main/artist_images/Jack%20Harlow.jpg?raw=true
WOS,https://github.com/Leander-Antony/my-spotify/blob/main/artist_images/WOS.jpg?raw=true
Lil Tecca,https://github.com/Leander-Antony/my-spotify/blob/main/artist_images/Lil%20Tecca.jpg?raw=true
Gustaf Grefberg,https://github.com/Leander-Antony/my-spotify/blob/main/artist_images/Gustaf%20Grefberg.jpg?raw=true
DJ TENEBROSO ORIGINAL,https://github.com/Leander-Antony/my-spotify/blob/main/artist_images/DJ%20TENEBROSO%20ORIGINAL.jpg?raw=true
Bring Me The Horizon,https://github.com/Leander-Antony/my-spotify/blob/main/artist_images/Bring%20Me%20The%20Horizon.jpg?raw=true
Ludwig Göransson,https://github.com/Leander-Antony/my-spotify/blob/main/artist_images/Ludwig%20G%C3%B6ransson.jpg?raw=true
Metallica,https://github.com/Leander-Antony/my-spotify/blob/main/artist_images/Metallica.jpg?raw=true
Free Dominguez,https://github.com/Leander-Antony/my-spotify/blob/main/artist_images/Free%20Dominguez.jpg?raw=true
Jason Charles Miller,https://github.com/Leander-Antony/my-spotify/blob/main/artist_images/Jason%20Charles%20Miller.jpg?raw=true
3TEETH,https://github.com/Leander-Antony/my-spotify/blob/main/artist_images/3TEETH.jpg?raw=true
Blanco Brown,https://github.com/Leander-Antony/my-spotify/blob/main/artist_images/Blanco%20Brown.jpg?raw=true
Avenged Sevenfold,https://github.com/Leander-Antony/my-spotify/blob/main/artist_images/Avenged%20Sevenfold.jpg?raw=true
Artur Tokhtash,https://github.com/Leander-Antony/my-spotify/blob/main/artist_images/Artur%20Tokhtash.jpg?raw=true
Sarah Schachner,https://github.com/Leander-Antony/my-spotify/blob/main/artist_images/Sarah%20Schachner.jpg?raw=true
Keith Power,https://github.com/Leander-Antony/my-spotify/blob/main/artist_images/Keith%20Power.jpg?raw=true
ISTERIF,https://github.com/Leander-Antony/my-spotify/blob/main/artist_images/ISTERIF.jpg?raw=true
Madeline The Person,https://github.com/Leander-Antony/my-spotify/blob/main/artist_images/Madeline%20The%20Person.jpg?raw=true
Laufey,https://github.com/Leander-Antony/my-spotify/blob/main/artist_images/Laufey.jpg?raw=true
kenzie,https://github.com/Leander-Antony/my-spotify/blob/main/artist_images/kenzie.jpg?raw=true
Jasmine Thompson,https://github.com/Leander-Antony/my-spotify/blob/main/artist_images/Jasmine%20Thompson.jpg?raw=true
NEIKED,https://github.com/Leander-Antony/my-spotify/blob/main/artist_images/NEIKED.jpg?raw=true
JXN,https://github.com/Leander-Antony/my-spotify/blob/main/artist_images/JXN.jpg?raw=true
thủy,https://github.com/Leander-Antony/my-spotify/blob/main/artist_images/th%E1%BB%A7y.jpg?raw=true
Zolita,https://github.com/Leander-Antony/my-spotify/blob/main/artist_images/Zolita.jpg?raw=true
Ava Max,https://github.com/Leander-Antony/my-spotify/blob/main/artist_images/Ava%20Max.jpg?raw=true
Kayla Rae Haywood,https://github.com/Leander-Antony/my-spotify/blob/main/artist_images/Kayla%20Rae%20Haywood.jpg?raw=true
Kim Petras,https://github.com/Leander-Antony/my-spotify/blob/main/artist_images/Kim%20Petras.jpg?raw=true
Robyn,https://github.com/Leander-Antony/my-spotify/blob/main/artist_images/Robyn.jpg?raw=true
sundial,https://github.com/Leander-Antony/my-spotify/blob/main/artist_images/sundial.jpg?raw=true
ABBA,https://github.com/Leander-Antony/my-spotify/blob/main/artist_images/ABBA.jpg?raw=true
Pyroclasmic,https://github.com/Leander-Antony/my-spotify/blob/main/artist_images/Pyroclasmic.jpg?raw=true
RYDOAN,https://github.com/Leander-Antony/my-spotify/blob/main/artist_images/RYDOAN.jpg?raw=true
nobodyenemy,https://github.com/Leander-Antony/my-spotify/blob/main/artist_images/nobodyenemy.jpg?raw=true
V,https://github.com/Leander-Antony/my-spotify/blob/main/artist_images/V.jpg?raw=true
twexih,https://github.com/Leander-Antony/my-spotify/blob/main/artist_images/twexih.jpg?raw=true
L. V. Revanth,https://github.com/Leander-Antony/my-spotify/blob/main/artist_images/L.%20V.%20Revanth.jpg?raw=true
Yazin Nizar,https://github.com/Leander-Antony/my-spotify/blob/main/artist_images/Yazin%20Nizar.jpg?raw=true
Febi,https://github.com/Leander-Antony/my-spotify/blob/main/artist_images/Febi.jpg?raw=true
cobblepot,https://github.com/Leander-Antony/my-spotify/blob/main/artist_images/cobblepot.jpg?raw=true
Chloe Sagum,https://github.com/Leander-Antony/my-spotify/blob/main/artist_images/Chloe%20Sagum.jpg?raw=true
Georgia Webster,https://github.com/Leander-Antony/my-spotify/blob/main/artist_images/Georgia%20Webster.jpg?raw=true
Erik Hassle,https://github.com/Leander-Antony/my-spotify/blob/main/artist_images/Erik%20Hassle.jpg?raw=true
STXRDXST,https://github.com/Leander-Antony/my-spotify/blob/main/artist_images/STXRDXST.jpg?raw=true
Chilled Cat,https://github.com/Leander-Antony/my-spotify/blob/main/artist_images/Chilled%20Cat.jpg?raw=true
Maoen,https://github.com/Leander-Antony/my-spotify/blob/main/artist_images/Maoen.jpg?raw=true
heiwa,https://github.com/Leander-Antony/my-spotify/blob/main/artist_images/heiwa.jpg?raw=true
Lonely Girl,https://github.com/Leander-Antony/my-spotify/blob/main/artist_images/Lonely%20Girl.jpg?raw=true
WINTR,https://github.com/Leander-Antony/my-spotify/blob/main/artist_images/WINTR.jpg?raw=true
Deep In A Dream,https://github.com/Leander-Antony/my-spotify/blob/main/artist_images/Deep%20In%20A%20Dream.jpg?raw=true
Nana,https://github.com/Leander-Antony/my-spotify/blob/main/artist_images/Nana.jpg?raw=true
Darsena,https://github.com/Leander-Antony/my-spotify/blob/main/artist_images/Darsena.jpg?raw=true
Su-Zuum,https://github.com/Leander-Antony/my-spotify/blob/main/artist_images/Su-Zuum.jpg?raw=true
Altblankn,https://github.com/Leander-Antony/my-spotify/blob/main/artist_images/Altblankn.jpg?raw=true
Ayzic,https://github.com/Leander-Antony/my-spotify/blob/main/artist_images/Ayzic.jpg?raw=true
Atamatoki,https://github.com/Leander-Antony/my-spotify/blob/main/artist_images/Atamatoki.jpg?raw=true
Oddability,https://github.com/Leander-Antony/my-spotify/blob/main/artist_images/Oddability.jpg?raw=true
Jake Jurant,https://github.com/Leander-Antony/my-spotify/blob/main/artist_images/Jake%20Jurant.jpg?raw=true
Hakuuro,https://github.com/Leander-Antony/my-spotify/blob/main/artist_images/Hakuuro.jpg?raw=true
Cozy Home,https://github.com/Leander-Antony/my-spotify/blob/main/artist_images/Cozy%20Home.jpg?raw=true
Suede Wallet,https://github.com/Leander-Antony/my-spotify/blob/main/artist_images/Suede%20Wallet.jpg?raw=true
Color Caramelo,https://github.com/Leander-Antony/my-spotify/blob/main/artist_images/Color%20Caramelo.jpg?raw=true
squeeda,https://github.com/Leander-Antony/my-spotify/blob/main/artist_images/squeeda.jpg?raw=true
Sleepermane,https://github.com/Leander-Antony/my-spotify/blob/main/artist_images/Sleepermane.jpg?raw=true
Udit Narayan,https://github.com/Leander-Antony/my-spotify/blob/main/artist_images/Udit%20Narayan.jpg?raw=true
S. N. Surendar,https://github.com/Leander-Antony/my-spotify/blob/main/artist_images/S.%20N.%20Surendar.jpg?raw=true
S.P. Pallavi,https://github.com/Leander-Antony/my-spotify/blob/main/artist_images/S.P.%20Pallavi.jpg?raw=true
P. Unni Krishnan,https://github.com/Leander-Antony/my-spotify/blob/main/artist_images/P.%20Unni%20Krishnan.jpg?raw=true
Sunandha,https://github.com/Leander-Antony/my-spotify/blob/main/artist_images/Sunandha.jpg?raw=true
K. J. Yesudas,https://github.com/Leander-Antony/my-spotify/blob/main/artist_images/K.%20J.%20Yesudas.jpg?raw=true
Karthikraja,https://github.com/Leander-Antony/my-spotify/blob/main/artist_images/Karthikraja.jpg?raw=true
Elijah Lee,https://github.com/Leander-Antony/my-spotify/blob/main/artist_images/Elijah%20Lee.jpg?raw=true
Sátyr,https://github.com/Leander-Antony/my-spotify/blob/main/artist_images/S%C3%A1tyr.jpg?raw=true
C4C,https://github.com/Leander-Antony/my-spotify/blob/main/artist_images/C4C.jpg?raw=true
Odd Panda,https://github.com/Leander-Antony/my-spotify/blob/main/artist_images/Odd%20Panda.jpg?raw=true
Nokiaa,https://github.com/Leander-Antony/my-spotify/blob/main/artist_images/Nokiaa.jpg?raw=true
Ryan Nealon,https://github.com/Leander-Antony/my-spotify/blob/main/artist_images/Ryan%20Nealon.jpg?raw=true
Goson,https://github.com/Leander-Antony/my-spotify/blob/main/artist_images/Goson.jpg?raw=true
D0d.,https://github.com/Leander-Antony/my-spotify/blob/main/artist_images/D0d..jpg?raw=true
Knox,https://github.com/Leander-Antony/my-spotify/blob/main/artist_images/Knox.jpg?raw=true
TABAL,https://github.com/Leander-Antony/my-spotify/blob/main/artist_images/TABAL.jpg?raw=true
Aiguille,https://github.com/Leander-Antony/my-spotify/blob/main/artist_images/Aiguille.jpg?raw=true
tender spring,https://github.com/Leander-Antony/my-spotify/blob/main/artist_images/tender%20spring.jpg?raw=true
Project AER,https://github.com/Leander-Antony/my-spotify/blob/main/artist_images/Project%20AER.jpg?raw=true
brillion.,https://github.com/Leander-Antony/my-spotify/blob/main/artist_images/brillion..jpg?raw=true
Monma,https://github.com/Leander-Antony/my-spotify/blob/main/artist_images/Monma.jpg?raw=true
iamalex,https://github.com/Leander-Antony/my-spotify/blob/main/artist_images/iamalex.jpg?raw=true
another silent weekend,https://github.com/Leander-Antony/my-spotify/blob/main/artist_images/another%20silent%20weekend.jpg?raw=true
Enluv,https://github.com/Leander-Antony/my-spotify/blob/main/artist_images/Enluv.jpg?raw=true
Screen Jazzmaster,https://github.com/Leander-Antony/my-spotify/blob/main/artist_images/Screen%20Jazzmaster.jpg?raw=true
UPSAHL,https://github.com/Leander-Antony/my-spotify/blob/main/artist_images/UPSAHL.jpg?raw=true
no one's perfect,https://github.com/Leander-Antony/my-spotify/blob/main/artist_images/no%20one%27s%20perfect.jpg?raw=true
Mujo,https://github.com/Leander-Antony/my-spotify/blob/main/artist_images/Mujo.jpg?raw=true
Sitting Duck,https://github.com/Leander-Antony/my-spotify/blob/main/artist_images/Sitting%20Duck.jpg?raw=true
cocabona,https://github.com/Leander-Antony/my-spotify/blob/main/artist_images/cocabona.jpg?raw=true
Oatmello,https://github.com/Leander-Antony/my-spotify/blob/main/artist_images/Oatmello.jpg?raw=true
LESKY,https://github.com/Leander-Antony/my-spotify/blob/main/artist_images/LESKY.jpg?raw=true
Chau Sara,https://github.com/Leander-Antony/my-spotify/blob/main/artist_images/Chau%20Sara.jpg?raw=true
Sling Dilly,https://github.com/Leander-Antony/my-spotify/blob/main/artist_images/Sling%20Dilly.jpg?raw=true
Louk,https://github.com/Leander-Antony/my-spotify/blob/main/artist_images/Louk.jpg?raw=true
goosetaf,https://github.com/Leander-Antony/my-spotify/blob/main/artist_images/goosetaf.jpg?raw=true
inxtck,https://github.com/Leander-Antony/my-spotify/blob/main/artist_images/inxtck.jpg?raw=true
Valley,https://github.com/Leander-Antony/my-spotify/blob/main/artist_images/Valley.jpg?raw=true
Alex Montana,https://github.com/Leander-Antony/my-spotify/blob/main/artist_images/Alex%20Montana.jpg?raw=true
FalKKonE,https://github.com/Leander-Antony/my-spotify/blob/main/artist_images/FalKKonE.jpg?raw=true
Friedrich Habetler,https://github.com/Leander-Antony/my-spotify/blob/main/artist_images/Friedrich%20Habetler.jpg?raw=true
Devon Gabriella,https://github.com/Leander-Antony/my-spotify/blob/main/artist_images/Devon%20Gabriella.jpg?raw=true
OFFICIAL BUDZ,https://github.com/Leander-Antony/my-spotify/blob/main/artist_images/OFFICIAL%20BUDZ.jpg?raw=true
Sista Prod,https://github.com/Leander-Antony/my-spotify/blob/main/artist_images/Sista%20Prod.jpg?raw=true
Zach Templar,https://github.com/Leander-Antony/my-spotify/blob/main/artist_images/Zach%20Templar.jpg?raw=true
Teddy Swims,https://github.com/Leander-Antony/my-spotify/blob/main/artist_images/Teddy%20Swims.jpg?raw=true
ENRA,https://github.com/Leander-Antony/my-spotify/blob/main/artist_images/ENRA.jpg?raw=true
S N U G,https://github.com/Leander-Antony/my-spotify/blob/main/artist_images/S%20N%20U%20G.jpg?raw=true
Lawrence Walther,https://github.com/Leander-Antony/my-spotify/blob/main/artist_images/Lawrence%20Walther.jpg?raw=true
less.people,https://github.com/Leander-Antony/my-spotify/blob/main/artist_images/less.people.jpg?raw=true
Fatb,https://github.com/Leander-Antony/my-spotify/blob/main/artist_images/Fatb.jpg?raw=true
aimless,https://github.com/Leander-Antony/my-spotify/blob/main/artist_images/aimless.jpg?raw=true
Jonah Baker,https://github.com/Leander-Antony/my-spotify/blob/main/artist_images/Jonah%20Baker.jpg?raw=true
Ivylake,https://github.com/Leander-Antony/my-spotify/blob/main/artist_images/Ivylake.jpg?raw=true
hi jude,https://github.com/Leander-Antony/my-spotify/blob/main/artist_images/hi%20jude.jpg?raw=true
Spencer Hunt,https://github.com/Leander-Antony/my-spotify/blob/main/artist_images/Spencer%20Hunt.jpg?raw=true
Rudy Raw,https://github.com/Leander-Antony/my-spotify/blob/main/artist_images/Rudy%20Raw.jpg?raw=true
SCayos,https://github.com/Leander-Antony/my-spotify/blob/main/artist_images/SCayos.jpg?raw=true
blink-182,https://github.com/Leander-Antony/my-spotify/blob/main/artist_images/blink-182.jpg?raw=true
Doc Se7en,https://github.com/Leander-Antony/my-spotify/blob/main/artist_images/Doc%20Se7en.jpg?raw=true
KIRA,https://github.com/Leander-Antony/my-spotify/blob/main/artist_images/KIRA.jpg?raw=true
Kitt Katt,https://github.com/Leander-Antony/my-spotify/blob/main/artist_images/Kitt%20Katt.jpg?raw=true
sauvignontrash,https://github.com/Leander-Antony/my-spotify/blob/main/artist_images/sauvignontrash.jpg?raw=true
LUNACYCL,https://github.com/Leander-Antony/my-spotify/blob/main/artist_images/LUNACYCL.jpg?raw=true
kit beats,https://github.com/Leander-Antony/my-spotify/blob/main/artist_images/kit%20beats.jpg?raw=true
onimanxd,https://github.com/Leander-Antony/my-spotify/blob/main/artist_images/onimanxd.jpg?raw=true
Kapa Boy,https://github.com/Leander-Antony/my-spotify/blob/main/artist_images/Kapa%20Boy.jpg?raw=true
Demise,https://github.com/Leander-Antony/my-spotify/blob/main/artist_images/Demise.jpg?raw=true
NADROJ.JB,https://github.com/Leander-Antony/my-spotify/blob/main/artist_images/NADROJ.JB.jpg?raw=true
JK Beats,https://github.com/Leander-Antony/my-spotify/blob/main/artist_images/JK%20Beats.jpg?raw=true
LIL JA$,https://github.com/Leander-Antony/my-spotify/blob/main/artist_images/LIL%20JA%24.jpg?raw=true
jesvn,https://github.com/Leander-Antony/my-spotify/blob/main/artist_images/jesvn.jpg?raw=true
hsynnreal Yildiz,https://github.com/Leander-Antony/my-spotify/blob/main/artist_images/hsynnreal%20Yildiz.jpg?raw=true
AstralMadeIt,https://github.com/Leander-Antony/my-spotify/blob/main/artist_images/AstralMadeIt.jpg?raw=true
LandonBeck,https://github.com/Leander-Antony/my-spotify/blob/main/artist_images/LandonBeck.jpg?raw=true
Au$tin,https://github.com/Leander-Antony/my-spotify/blob/main/artist_images/Au%24tin.jpg?raw=true
Loosevinci,https://github.com/Leander-Antony/my-spotify/blob/main/artist_images/Loosevinci.jpg?raw=true
LLusion,https://github.com/Leander-Antony/my-spotify/blob/main/artist_images/LLusion.jpg?raw=true
Bravo 1-2,https://github.com/Leander-Antony/my-spotify/blob/main/artist_images/Bravo%201-2.jpg?raw=true
(((()))),https://github.com/Leander-Antony/my-spotify/blob/main/artist_images/%28%28%28%28%29%29%29%29.jpg?raw=true
Mckyyy,https://github.com/Leander-Antony/my-spotify/blob/main/artist_images/Mckyyy.jpg?raw=true
HeadHunter,https://github.com/Leander-Antony/my-spotify/blob/main/artist_images/HeadHunter.jpg?raw=true
Up The RIvals,https://github.com/Leander-Antony/my-spotify/blob/main/artist_images/Up%20The%20RIvals.jpg?raw=true
UNORDINARYBEATS,https://github.com/Leander-Antony/my-spotify/blob/main/artist_images/UNORDINARYBEATS.jpg?raw=true
Chrxs Beats,https://github.com/Leander-Antony/my-spotify/blob/main/artist_images/Chrxs%20Beats.jpg?raw=true
Lord Wyse,https://github.com/Leander-Antony/my-spotify/blob/main/artist_images/Lord%20Wyse.jpg?raw=true
ipr4yfrSm0k,https://github.com/Leander-Antony/my-spotify/blob/main/artist_images/ipr4yfrSm0k.jpg?raw=true
iliyaK,https://github.com/Leander-Antony/my-spotify/blob/main/artist_images/iliyaK.jpg?raw=true
unkn6wn,https://github.com/Leander-Antony/my-spotify/blob/main/artist_images/unkn6wn.jpg?raw=true
lucidbeatz,https://github.com/Leander-Antony/my-spotify/blob/main/artist_images/lucidbeatz.jpg?raw=true
slowbro,https://github.com/Leander-Antony/my-spotify/blob/main/artist_images/slowbro.jpg?raw=true
Loficore,https://github.com/Leander-Antony/my-spotify/blob/main/artist_images/Loficore.jpg?raw=true
Hot Rice,https://github.com/Leander-Antony/my-spotify/blob/main/artist_images/Hot%20Rice.jpg?raw=true
n0vez,https://github.com/Leander-Antony/my-spotify/blob/main/artist_images/n0vez.jpg?raw=true
WinoTris,https://github.com/Leander-Antony/my-spotify/blob/main/artist_images/WinoTris.jpg?raw=true
Distraa,https://github.com/Leander-Antony/my-spotify/blob/main/artist_images/Distraa.jpg?raw=true
killua katana,https://github.com/Leander-Antony/my-spotify/blob/main/artist_images/killua%20katana.jpg?raw=true
DXSTINY,https://github.com/Leander-Antony/my-spotify/blob/main/artist_images/DXSTINY.jpg?raw=true
korrina,https://github.com/Leander-Antony/my-spotify/blob/main/artist_images/korrina.jpg?raw=true
jorj1357,https://github.com/Leander-Antony/my-spotify/blob/main/artist_images/jorj1357.jpg?raw=true
Bentys,https://github.com/Leander-Antony/my-spotify/blob/main/artist_images/Bentys.jpg?raw=true
mvx,https://github.com/Leander-Antony/my-spotify/blob/main/artist_images/mvx.jpg?raw=true
ruinedbymateo,https://github.com/Leander-Antony/my-spotify/blob/main/artist_images/ruinedbymateo.jpg?raw=true
Ahkil,https://github.com/Leander-Antony/my-spotify/blob/main/artist_images/Ahkil.jpg?raw=true
Burnedsam,https://github.com/Leander-Antony/my-spotify/blob/main/artist_images/Burnedsam.jpg?raw=true
lilbubblegum,https://github.com/Leander-Antony/my-spotify/blob/main/artist_images/lilbubblegum.jpg?raw=true
citadel,https://github.com/Leander-Antony/my-spotify/blob/main/artist_images/citadel.jpg?raw=true
Kil0,https://github.com/Leander-Antony/my-spotify/blob/main/artist_images/Kil0.jpg?raw=true
jaahhhh,https://github.com/Leander-Antony/my-spotify/blob/main/artist_images/jaahhhh.jpg?raw=true
vic_vicii,https://github.com/Leander-Antony/my-spotify/blob/main/artist_images/vic_vicii.jpg?raw=true
Citrus,https://github.com/Leander-Antony/my-spotify/blob/main/artist_images/Citrus.jpg?raw=true
WILLIE G,https://github.com/Leander-Antony/my-spotify/blob/main/artist_images/WILLIE%20G.jpg?raw=true
Squints Mane,https://github.com/Leander-Antony/my-spotify/blob/main/artist_images/Squints%20Mane.jpg?raw=true
ReysNova,https://github.com/Leander-Antony/my-spotify/blob/main/artist_images/ReysNova.jpg?raw=true
Cash!*,https://github.com/Leander-Antony/my-spotify/blob/main/artist_images/Cash%21%2A.jpg?raw=true
Mazelfyre,https://github.com/Leander-Antony/my-spotify/blob/main/artist_images/Mazelfyre.jpg?raw=true
chiderprod,https://github.com/Leander-Antony/my-spotify/blob/main/artist_images/chiderprod.jpg?raw=true
Waavy Trey,https://github.com/Leander-Antony/my-spotify/blob/main/artist_images/Waavy%20Trey.jpg?raw=true
CA$HCO900,https://github.com/Leander-Antony/my-spotify/blob/main/artist_images/CA%24HCO900.jpg?raw=true
Caleb Bryant,https://github.com/Leander-Antony/my-spotify/blob/main/artist_images/Caleb%20Bryant.jpg?raw=true
crier,https://github.com/Leander-Antony/my-spotify/blob/main/artist_images/crier.jpg?raw=true
RinEU,https://github.com/Leander-Antony/my-spotify/blob/main/artist_images/RinEU.jpg?raw=true
Enishi,https://github.com/Leander-Antony/my-spotify/blob/main/artist_images/Enishi.jpg?raw=true
badkarma,https://github.com/Leander-Antony/my-spotify/blob/main/artist_images/badkarma.jpg?raw=true
uhlonzoh,https://github.com/Leander-Antony/my-spotify/blob/main/artist_images/uhlonzoh.jpg?raw=true
not 4 jay,https://github.com/Leander-Antony/my-spotify/blob/main/artist_images/not%204%20jay.jpg?raw=true
Otaguj,https://github.com/Leander-Antony/my-spotify/blob/main/artist_images/Otaguj.jpg?raw=true
Complex777,https://github.com/Leander-Antony/my-spotify/blob/main/artist_images/Complex777.jpg?raw=true
Cl4pers,https://github.com/Leander-Antony/my-spotify/blob/main/artist_images/Cl4pers.jpg?raw=true
JOIE GREY,https://github.com/Leander-Antony/my-spotify/blob/main/artist_images/JOIE%20GREY.jpg?raw=true
clavé!,https://github.com/Leander-Antony/my-spotify/blob/main/artist_images/clav%C3%A9%21.jpg?raw=true
Moistrus,https://github.com/Leander-Antony/my-spotify/blob/main/artist_images/Moistrus.jpg?raw=true
Berserk,https://github.com/Leander-Antony/my-spotify/blob/main/artist_images/Berserk.jpg?raw=true
Rahul Beats,https://github.com/Leander-Antony/my-spotify/blob/main/artist_images/Rahul%20Beats.jpg?raw=true
Young 808,https://github.com/Leander-Antony/my-spotify/blob/main/artist_images/Young%20808.jpg?raw=true
dray tyg,https://github.com/Leander-Antony/my-spotify/blob/main/artist_images/dray%20tyg.jpg?raw=true
neobands,https://github.com/Leander-Antony/my-spotify/blob/main/artist_images/neobands.jpg?raw=true
CA$H XO,https://github.com/Leander-Antony/my-spotify/blob/main/artist_images/CA%24H%20XO.jpg?raw=true
Dell Soda,https://github.com/Leander-Antony/my-spotify/blob/main/artist_images/Dell%20Soda.jpg?raw=true
OSEAN,https://github.com/Leander-Antony/my-spotify/blob/main/artist_images/OSEAN.jpg?raw=true
IsmailBaba,https://github.com/Leander-Antony/my-spotify/blob/main/artist_images/IsmailBaba.jpg?raw=true
Montana YG,https://github.com/Leander-Antony/my-spotify/blob/main/artist_images/Montana%20YG.jpg?raw=true
Boy Of Eros,https://github.com/Leander-Antony/my-spotify/blob/main/artist_images/Boy%20Of%20Eros.jpg?raw=true
GARLIC 大蒜,https://github.com/Leander-Antony/my-spotify/blob/main/artist_images/GARLIC%20%E5%A4%A7%E8%92%9C.jpg?raw=true
EXOSSI,https://github.com/Leander-Antony/my-spotify/blob/main/artist_images/EXOSSI.jpg?raw=true
Angel Beats,https://github.com/Leander-Antony/my-spotify/blob/main/artist_images/Angel%20Beats.jpg?raw=true
GenriX,https://github.com/Leander-Antony/my-spotify/blob/main/artist_images/GenriX.jpg?raw=true
AJP,https://github.com/Leander-Antony/my-spotify/blob/main/artist_images/AJP.jpg?raw=true
GRANT KNOCHE,https://github.com/Leander-Antony/my-spotify/blob/main/artist_images/GRANT%20KNOCHE.jpg?raw=true
Charlie Oriain,https://github.com/Leander-Antony/my-spotify/blob/main/artist_images/Charlie%20Oriain.jpg?raw=true
Tin.,https://github.com/Leander-Antony/my-spotify/blob/main/artist_images/Tin..jpg?raw=true
sftspkn,https://github.com/Leander-Antony/my-spotify/blob/main/artist_images/sftspkn.jpg?raw=true
Fatih,https://github.com/Leander-Antony/my-spotify/blob/main/artist_images/Fatih.jpg?raw=true
Verss Chris,https://github.com/Leander-Antony/my-spotify/blob/main/artist_images/Verss%20Chris.jpg?raw=true
LOVA,https://github.com/Leander-Antony/my-spotify/blob/main/artist_images/LOVA.jpg?raw=true
ellie d.,https://github.com/Leander-Antony/my-spotify/blob/main/artist_images/ellie%20d..jpg?raw=true
MINOVA,https://github.com/Leander-Antony/my-spotify/blob/main/artist_images/MINOVA.jpg?raw=true
ZWE1HVNDXR,https://github.com/Leander-Antony/my-spotify/blob/main/artist_images/ZWE1HVNDXR.jpg?raw=true
Yahritza Y Su Esencia,https://github.com/Leander-Antony/my-spotify/blob/main/artist_images/Yahritza%20Y%20Su%20Esencia.jpg?raw=true
Brynn Cartelli,https://github.com/Leander-Antony/my-spotify/blob/main/artist_images/Brynn%20Cartelli.jpg?raw=true
Cate Downey,https://github.com/Leander-Antony/my-spotify/blob/main/artist_images/Cate%20Downey.jpg?raw=true
irons,https://github.com/Leander-Antony/my-spotify/blob/main/artist_images/irons.jpg?raw=true
Sleepy Cat,https://github.com/Leander-Antony/my-spotify/blob/main/artist_images/Sleepy%20Cat.jpg?raw=true
Coffv,https://github.com/Leander-Antony/my-spotify/blob/main/artist_images/Coffv.jpg?raw=true
Chillbo Baggins,https://github.com/Leander-Antony/my-spotify/blob/main/artist_images/Chillbo%20Baggins.jpg?raw=true
Gyûki,https://github.com/Leander-Antony/my-spotify/blob/main/artist_images/Gy%C3%BBki.jpg?raw=true
Simber,https://github.com/Leander-Antony/my-spotify/blob/main/artist_images/Simber.jpg?raw=true
Tyler.l,https://github.com/Leander-Antony/my-spotify/blob/main/artist_images/Tyler.l.jpg?raw=true
Davide Perico,https://github.com/Leander-Antony/my-spotify/blob/main/artist_images/Davide%20Perico.jpg?raw=true
Chill Bard,https://github.com/Leander-Antony/my-spotify/blob/main/artist_images/Chill%20Bard.jpg?raw=true
Lilac,https://github.com/Leander-Antony/my-spotify/blob/main/artist_images/Lilac.jpg?raw=true
Fabvl,https://github.com/Leander-Antony/my-spotify/blob/main/artist_images/Fabvl.jpg?raw=true
Eliott,https://github.com/Leander-Antony/my-spotify/blob/main/artist_images/Eliott.jpg?raw=true
AILEE,https://github.com/Leander-Antony/my-spotify/blob/main/artist_images/AILEE.jpg?raw=true
Kamal Haasan,https://github.com/Leander-Antony/my-spotify/blob/main/artist_images/Kamal%20Haasan.jpg?raw=true
Rajesh Murugesan,https://github.com/Leander-Antony/my-spotify/blob/main/artist_images/Rajesh%20Murugesan.jpg?raw=true
Rustage,https://github.com/Leander-Antony/my-spotify/blob/main/artist_images/Rustage.jpg?raw=true
Mark Ambor,https://github.com/Leander-Antony/my-spotify/blob/main/artist_images/Mark%20Ambor.jpg?raw=true
Billie Holiday,https://github.com/Leander-Antony/my-spotify/blob/main/artist_images/Billie%20Holiday.jpg?raw=true
Suki Waterhouse,https://github.com/Leander-Antony/my-spotify/blob/main/artist_images/Suki%20Waterhouse.jpg?raw=true
Cigarettes After Sex,https://github.com/Leander-Antony/my-spotify/blob/main/artist_images/Cigarettes%20After%20Sex.jpg?raw=true
鹿乃子のこ (CV.潘めぐみ),https://github.com/Leander-Antony/my-spotify/blob/main/artist_images/%E9%B9%BF%E4%B9%83%E5%AD%90%E3%81%AE%E3%81%93%20%28CV.%E6%BD%98%E3%82%81%E3%81%90%E3%81%BF%29.jpg?raw=true
Parsley Onuma,https://github.com/Leander-Antony/my-spotify/blob/main/artist_images/Parsley%20Onuma.jpg?raw=true
Siinamota,https://github.com/Leander-Antony/my-spotify/blob/main/artist_images/Siinamota.jpg?raw=true
物語シリーズ,https://github.com/Leander-Antony/my-spotify/blob/main/artist_images/%E7%89%A9%E8%AA%9E%E3%82%B7%E3%83%AA%E3%83%BC%E3%82%BA.jpg?raw=true
Beach Bunny,https://github.com/Leander-Antony/my-spotify/blob/main/artist_images/Beach%20Bunny.jpg?raw=true
Lukas Graham,https://github.com/Leander-Antony/my-spotify/blob/main/artist_images/Lukas%20Graham.jpg?raw=true
Iniko,https://github.com/Leander-Antony/my-spotify/blob/main/artist_images/Iniko.jpg?raw=true
AVIWKILA,https://github.com/Leander-Antony/my-spotify/blob/main/artist_images/AVIWKILA.jpg?raw=true
Brodha V,https://github.com/Leander-Antony/my-spotify/blob/main/artist_images/Brodha%20V.jpg?raw=true
Tears For Fears,https://github.com/Leander-Antony/my-spotify/blob/main/artist_images/Tears%20For%20Fears.jpg?raw=true
Agalloch,https://github.com/Leander-Antony/my-spotify/blob/main/artist_images/Agalloch.jpg?raw=true
bo en,https://github.com/Leander-Antony/my-spotify/blob/main/artist_images/bo%20en.jpg?raw=true
James Vasanthan,https://github.com/Leander-Antony/my-spotify/blob/main/artist_images/James%20Vasanthan.jpg?raw=true
Sabrina Sterling,https://github.com/Leander-Antony/my-spotify/blob/main/artist_images/Sabrina%20Sterling.jpg?raw=true
Omori,https://github.com/Leander-Antony/my-spotify/blob/main/artist_images/Omori.jpg?raw=true
sapientdream,https://github.com/Leander-Antony/my-spotify/blob/main/artist_images/sapientdream.jpg?raw=true
Eibell,https://github.com/Leander-Antony/my-spotify/blob/main/artist_images/Eibell.jpg?raw=true
xxanteria,https://github.com/Leander-Antony/my-spotify/blob/main/artist_images/xxanteria.jpg?raw=true
YOUTHISENDING,https://github.com/Leander-Antony/my-spotify/blob/main/artist_images/YOUTHISENDING.jpg?raw=true
gqtis,https://github.com/Leander-Antony/my-spotify/blob/main/artist_images/gqtis.jpg?raw=true
Seek,https://github.com/Leander-Antony/my-spotify/blob/main/artist_images/Seek.jpg?raw=true
Dj Samir,https://github.com/Leander-Antony/my-spotify/blob/main/artist_images/Dj%20Samir.jpg?raw=true
MRL,https://github.com/Leander-Antony/my-spotify/blob/main/artist_images/MRL.jpg?raw=true
Anar,https://github.com/Leander-Antony/my-spotify/blob/main/artist_images/Anar.jpg?raw=true
STRLGHT,https://github.com/Leander-Antony/my-spotify/blob/main/artist_images/STRLGHT.jpg?raw=true
Eternxlkz,https://github.com/Leander-Antony/my-spotify/blob/main/artist_images/Eternxlkz.jpg?raw=true
S3BZS,https://github.com/Leander-Antony/my-spotify/blob/main/artist_images/S3BZS.jpg?raw=true
vtze archive,https://github.com/Leander-Antony/my-spotify/blob/main/artist_images/vtze%20archive.jpg?raw=true
6YNTHMANE,https://github.com/Leander-Antony/my-spotify/blob/main/artist_images/6YNTHMANE.jpg?raw=true
DJ JCK,https://github.com/Leander-Antony/my-spotify/blob/main/artist_images/DJ%20JCK.jpg?raw=true
NXVAMANE,https://github.com/Leander-Antony/my-spotify/blob/main/artist_images/NXVAMANE.jpg?raw=true
SXID,https://github.com/Leander-Antony/my-spotify/blob/main/artist_images/SXID.jpg?raw=true
FR3ST,https://github.com/Leander-Antony/my-spotify/blob/main/artist_images/FR3ST.jpg?raw=true
vyrval,https://github.com/Leander-Antony/my-spotify/blob/main/artist_images/vyrval.jpg?raw=true
Bibi Babydoll,https://github.com/Leander-Antony/my-spotify/blob/main/artist_images/Bibi%20Babydoll.jpg?raw=true
isq,https://github.com/Leander-Antony/my-spotify/blob/main/artist_images/isq.jpg?raw=true
Dj Brunin XM,https://github.com/Leander-Antony/my-spotify/blob/main/artist_images/Dj%20Brunin%20XM.jpg?raw=true
DJ Dudah,https://github.com/Leander-Antony/my-spotify/blob/main/artist_images/DJ%20Dudah.jpg?raw=true
Astora,https://github.com/Leander-Antony/my-spotify/blob/main/artist_images/Astora.jpg?raw=true
DJ MENOR DA ZN,https://github.com/Leander-Antony/my-spotify/blob/main/artist_images/DJ%20MENOR%20DA%20ZN.jpg?raw=true
DJ FKU,https://github.com/Leander-Antony/my-spotify/blob/main/artist_images/DJ%20FKU.jpg?raw=true
Pradeep Kumar,https://github.com/Leander-Antony/my-spotify/blob/main/artist_images/Pradeep%20Kumar.jpg?raw=true
Jakon Vedal,https://github.com/Leander-Antony/my-spotify/blob/main/artist_images/Jakon%20Vedal.jpg?raw=true
Sandhya Chari,https://github.com/Leander-Antony/my-spotify/blob/main/artist_images/Sandhya%20Chari.jpg?raw=true
DJ Paulinho Mondi Da Baixa Baviera,https://github.com/Leander-Antony/my-spotify/blob/main/artist_images/DJ%20Paulinho%20Mondi%20Da%20Baixa%20Baviera.jpg?raw=true
四季音色,https://github.com/Leander-Antony/my-spotify/blob/main/artist_images/%E5%9B%9B%E5%AD%A3%E9%9F%B3%E8%89%B2.jpg?raw=true
Mumford & Sons,https://github.com/Leander-Antony/my-spotify/blob/main/artist_images/Mumford%20%26%20Sons.jpg?raw=true
Jairos,https://github.com/Leander-Antony/my-spotify/blob/main/artist_images/Jairos.jpg?raw=true
Macklemore,https://github.com/Leander-Antony/my-spotify/blob/main/artist_images/Macklemore.jpg?raw=true
Sriram Parthasarathy,https://github.com/Leander-Antony/my-spotify/blob/main/artist_images/Sriram%20Parthasarathy.jpg?raw=true
Bharadwaj,https://github.com/Leander-Antony/my-spotify/blob/main/artist_images/Bharadwaj.jpg?raw=true
kxttn,https://github.com/Leander-Antony/my-spotify/blob/main/artist_images/kxttn.jpg?raw=true
HISTED,https://github.com/Leander-Antony/my-spotify/blob/main/artist_images/HISTED.jpg?raw=true
DJ RICK 013,https://github.com/Leander-Antony/my-spotify/blob/main/artist_images/DJ%20RICK%20013.jpg?raw=true
DJ NK3,https://github.com/Leander-Antony/my-spotify/blob/main/artist_images/DJ%20NK3.jpg?raw=true
TENZOO,https://github.com/Leander-Antony/my-spotify/blob/main/artist_images/TENZOO.jpg?raw=true
2KE,https://github.com/Leander-Antony/my-spotify/blob/main/artist_images/2KE.jpg?raw=true
TRXVELER,https://github.com/Leander-Antony/my-spotify/blob/main/artist_images/TRXVELER.jpg?raw=true
Wels,https://github.com/Leander-Antony/my-spotify/blob/main/artist_images/Wels.jpg?raw=true
Manoj,https://github.com/Leander-Antony/my-spotify/blob/main/artist_images/Manoj.jpg?raw=true
K. Krishna Kumar,https://github.com/Leander-Antony/my-spotify/blob/main/artist_images/K.%20Krishna%20Kumar.jpg?raw=true
Mysskin,https://github.com/Leander-Antony/my-spotify/blob/main/artist_images/Mysskin.jpg?raw=true
Harish Raghavan,https://github.com/Leander-Antony/my-spotify/blob/main/artist_images/Harish%20Raghavan.jpg?raw=true
Lieselotte,https://github.com/Leander-Antony/my-spotify/blob/main/artist_images/Lieselotte.jpg?raw=true
Anime Hardstyle Club,https://github.com/Leander-Antony/my-spotify/blob/main/artist_images/Anime%20Hardstyle%20Club.jpg?raw=true
kobzx2z,https://github.com/Leander-Antony/my-spotify/blob/main/artist_images/kobzx2z.jpg?raw=true
Ayasa,https://github.com/Leander-Antony/my-spotify/blob/main/artist_images/Ayasa.jpg?raw=true
文武贝,https://github.com/Leander-Antony/my-spotify/blob/main/artist_images/%E6%96%87%E6%AD%A6%E8%B4%9D.jpg?raw=true
灰澈,https://github.com/Leander-Antony/my-spotify/blob/main/artist_images/%E7%81%B0%E6%BE%88.jpg?raw=true
BGM maker,https://github.com/Leander-Antony/my-spotify/blob/main/artist_images/BGM%20maker.jpg?raw=true
a_hisa,https://github.com/Leander-Antony/my-spotify/blob/main/artist_images/a_hisa.jpg?raw=true
Yoshiaki Dewa,https://github.com/Leander-Antony/my-spotify/blob/main/artist_images/Yoshiaki%20Dewa.jpg?raw=true
闫东炜,https://github.com/Leander-Antony/my-spotify/blob/main/artist_images/%E9%97%AB%E4%B8%9C%E7%82%9C.jpg?raw=true
Candy_Wind,https://github.com/Leander-Antony/my-spotify/blob/main/artist_images/Candy_Wind.jpg?raw=true
逆时针向,https://github.com/Leander-Antony/my-spotify/blob/main/artist_images/%E9%80%86%E6%97%B6%E9%92%88%E5%90%91.jpg?raw=true
MoreanP,https://github.com/Leander-Antony/my-spotify/blob/main/artist_images/MoreanP.jpg?raw=true
DJMesue,https://github.com/Leander-Antony/my-spotify/blob/main/artist_images/DJMesue.jpg?raw=true
Michael Azusa,https://github.com/Leander-Antony/my-spotify/blob/main/artist_images/Michael%20Azusa.jpg?raw=true
Tido Kang,https://github.com/Leander-Antony/my-spotify/blob/main/artist_images/Tido%20Kang.jpg?raw=true
curxlxss,https://github.com/Leander-Antony/my-spotify/blob/main/artist_images/curxlxss.jpg?raw=true
Journey,https://github.com/Leander-Antony/my-spotify/blob/main/artist_images/Journey.jpg?raw=true
Louis Armstrong,https://github.com/Leander-Antony/my-spotify/blob/main/artist_images/Louis%20Armstrong.jpg?raw=true
FZMZ,https://github.com/Leander-Antony/my-spotify/blob/main/artist_images/FZMZ.jpg?raw=true
宓哲琪,https://github.com/Leander-Antony/my-spotify/blob/main/artist_images/%E5%AE%93%E5%93%B2%E7%90%AA.jpg?raw=true
My Chemical Romance,https://github.com/Leander-Antony/my-spotify/blob/main/artist_images/My%20Chemical%20Romance.jpg?raw=true
Kit Chan,https://github.com/Leander-Antony/my-spotify/blob/main/artist_images/Kit%20Chan.jpg?raw=true
Eason Chan,https://github.com/Leander-Antony/my-spotify/blob/main/artist_images/Eason%20Chan.jpg?raw=true
Gary Jules,https://github.com/Leander-Antony/my-spotify/blob/main/artist_images/Gary%20Jules.jpg?raw=true
John Lennon,https://github.com/Leander-Antony/my-spotify/blob/main/artist_images/John%20Lennon.jpg?raw=true
Eric Clapton,https://github.com/Leander-Antony/my-spotify/blob/main/artist_images/Eric%20Clapton.jpg?raw=true
Death Cab for Cutie,https://github.com/Leander-Antony/my-spotify/blob/main/artist_images/Death%20Cab%20for%20Cutie.jpg?raw=true
Simon & Garfunkel,https://github.com/Leander-Antony/my-spotify/blob/main/artist_images/Simon%20%26%20Garfunkel.jpg?raw=true
The Goo Goo Dolls,https://github.com/Leander-Antony/my-spotify/blob/main/artist_images/The%20Goo%20Goo%20Dolls.jpg?raw=true
Gloria Gaynor,https://github.com/Leander-Antony/my-spotify/blob/main/artist_images/Gloria%20Gaynor.jpg?raw=true
Marvin Gaye,https://github.com/Leander-Antony/my-spotify/blob/main/artist_images/Marvin%20Gaye.jpg?raw=true
Pianimation,https://github.com/Leander-Antony/my-spotify/blob/main/artist_images/Pianimation.jpg?raw=true
CMJ,https://github.com/Leander-Antony/my-spotify/blob/main/artist_images/CMJ.jpg?raw=true
沈城吴少,https://github.com/Leander-Antony/my-spotify/blob/main/artist_images/%E6%B2%88%E5%9F%8E%E5%90%B4%E5%B0%91.jpg?raw=true
JayM,https://github.com/Leander-Antony/my-spotify/blob/main/artist_images/JayM.jpg?raw=true
Jake Eaw,https://github.com/Leander-Antony/my-spotify/blob/main/artist_images/Jake%20Eaw.jpg?raw=true
A Samurai In Tokyo,https://github.com/Leander-Antony/my-spotify/blob/main/artist_images/A%20Samurai%20In%20Tokyo.jpg?raw=true
Maffesfish,https://github.com/Leander-Antony/my-spotify/blob/main/artist_images/Maffesfish.jpg?raw=true
Dennis Kuo,https://github.com/Leander-Antony/my-spotify/blob/main/artist_images/Dennis%20Kuo.jpg?raw=true
SHPACKYOU$,https://github.com/Leander-Antony/my-spotify/blob/main/artist_images/SHPACKYOU%24.jpg?raw=true
MXCCREE,https://github.com/Leander-Antony/my-spotify/blob/main/artist_images/MXCCREE.jpg?raw=true
NCTS,https://github.com/Leander-Antony/my-spotify/blob/main/artist_images/NCTS.jpg?raw=true
DYGO,https://github.com/Leander-Antony/my-spotify/blob/main/artist_images/DYGO.jpg?raw=true
fennecxx,https://github.com/Leander-Antony/my-spotify/blob/main/artist_images/fennecxx.jpg?raw=true
PXLWYSE,https://github.com/Leander-Antony/my-spotify/blob/main/artist_images/PXLWYSE.jpg?raw=true
Ogryzek,https://github.com/Leander-Antony/my-spotify/blob/main/artist_images/Ogryzek.jpg?raw=true
ptasinski,https://github.com/Leander-Antony/my-spotify/blob/main/artist_images/ptasinski.jpg?raw=true
Irokz,https://github.com/Leander-Antony/my-spotify/blob/main/artist_images/Irokz.jpg?raw=true
TOKYOPHILE,https://github.com/Leander-Antony/my-spotify/blob/main/artist_images/TOKYOPHILE.jpg?raw=true
DJ MAXZZ,https://github.com/Leander-Antony/my-spotify/blob/main/artist_images/DJ%20MAXZZ.jpg?raw=true
DJ ANXVAR,https://github.com/Leander-Antony/my-spotify/blob/main/artist_images/DJ%20ANXVAR.jpg?raw=true
DeadJxhn,https://github.com/Leander-Antony/my-spotify/blob/main/artist_images/DeadJxhn.jpg?raw=true
melanies husbands,https://github.com/Leander-Antony/my-spotify/blob/main/artist_images/melanies%20husbands.jpg?raw=true
ICHIRO,https://github.com/Leander-Antony/my-spotify/blob/main/artist_images/ICHIRO.jpg?raw=true
EBK Jaaybo,https://github.com/Leander-Antony/my-spotify/blob/main/artist_images/EBK%20Jaaybo.jpg?raw=true
Insane Clown Posse,https://github.com/Leander-Antony/my-spotify/blob/main/artist_images/Insane%20Clown%20Posse.jpg?raw=true
CURTES,https://github.com/Leander-Antony/my-spotify/blob/main/artist_images/CURTES.jpg?raw=true
AC/DC,https://github.com/Leander-Antony/my-spotify/blob/main/artist_images/AC/DC.jpg?raw=true
LUCY,https://github.com/Leander-Antony/my-spotify/blob/main/artist_images/LUCY.jpg?raw=true
7xvn,https://github.com/Leander-Antony/my-spotify/blob/main/artist_images/7xvn.jpg?raw=true
G Herbo,https://github.com/Leander-Antony/my-spotify/blob/main/artist_images/G%20Herbo.jpg?raw=true
GIVĒON,https://github.com/Leander-Antony/my-spotify/blob/main/artist_images/GIV%C4%92ON.jpg?raw=true
羽肿,https://github.com/Leander-Antony/my-spotify/blob/main/artist_images/%E7%BE%BD%E8%82%BF.jpg?raw=true
Pianoboy高至豪,https://github.com/Leander-Antony/my-spotify/blob/main/artist_images/Pianoboy%E9%AB%98%E8%87%B3%E8%B1%AA.jpg?raw=true
NSZX,https://github.com/Leander-Antony/my-spotify/blob/main/artist_images/NSZX.jpg?raw=true
Sereno,https://github.com/Leander-Antony/my-spotify/blob/main/artist_images/Sereno.jpg?raw=true
NovaX,https://github.com/Leander-Antony/my-spotify/blob/main/artist_images/NovaX.jpg?raw=true
soluhh,https://github.com/Leander-Antony/my-spotify/blob/main/artist_images/soluhh.jpg?raw=true
xanwok,https://github.com/Leander-Antony/my-spotify/blob/main/artist_images/xanwok.jpg?raw=true
Jaegershu,https://github.com/Leander-Antony/my-spotify/blob/main/artist_images/Jaegershu.jpg?raw=true
Marino,https://github.com/Leander-Antony/my-spotify/blob/main/artist_images/Marino.jpg?raw=true
Lui Joseph,https://github.com/Leander-Antony/my-spotify/blob/main/artist_images/Lui%20Joseph.jpg?raw=true
Naits,https://github.com/Leander-Antony/my-spotify/blob/main/artist_images/Naits.jpg?raw=true
Emcee KB,https://github.com/Leander-Antony/my-spotify/blob/main/artist_images/Emcee%20KB.jpg?raw=true
Nazaki,https://github.com/Leander-Antony/my-spotify/blob/main/artist_images/Nazaki.jpg?raw=true
Eli Wilson,https://github.com/Leander-Antony/my-spotify/blob/main/artist_images/Eli%20Wilson.jpg?raw=true
CR3.,https://github.com/Leander-Antony/my-spotify/blob/main/artist_images/CR3..jpg?raw=true
Otaku Muisc,https://github.com/Leander-Antony/my-spotify/blob/main/artist_images/Otaku%20Muisc.jpg?raw=true
Akuya,https://github.com/Leander-Antony/my-spotify/blob/main/artist_images/Akuya.jpg?raw=true
V21,https://github.com/Leander-Antony/my-spotify/blob/main/artist_images/V21.jpg?raw=true
plenka,https://github.com/Leander-Antony/my-spotify/blob/main/artist_images/plenka.jpg?raw=true
Sunith Chauhan,https://github.com/Leander-Antony/my-spotify/blob/main/artist_images/Sunith%20Chauhan.jpg?raw=true
qteez,https://github.com/Leander-Antony/my-spotify/blob/main/artist_images/qteez.jpg?raw=true
DJ Shadow,https://github.com/Leander-Antony/my-spotify/blob/main/artist_images/DJ%20Shadow.jpg?raw=true
Cranel,https://github.com/Leander-Antony/my-spotify/blob/main/artist_images/Cranel.jpg?raw=true
vagabond,https://github.com/Leander-Antony/my-spotify/blob/main/artist_images/vagabond.jpg?raw=true
Gibran Alcocer,https://github.com/Leander-Antony/my-spotify/blob/main/artist_images/Gibran%20Alcocer.jpg?raw=true
Akmigone,https://github.com/Leander-Antony/my-spotify/blob/main/artist_images/Akmigone.jpg?raw=true
Herb Alpert & The Tijuana Brass,https://github.com/Leander-Antony/my-spotify/blob/main/artist_images/Herb%20Alpert%20%26%20The%20Tijuana%20Brass.jpg?raw=true
Alejandro Vargas,https://github.com/Leander-Antony/my-spotify/blob/main/artist_images/Alejandro%20Vargas.jpg?raw=true
Raynix,https://github.com/Leander-Antony/my-spotify/blob/main/artist_images/Raynix.jpg?raw=true
Pinegrove,https://github.com/Leander-Antony/my-spotify/blob/main/artist_images/Pinegrove.jpg?raw=true
Psylone,https://github.com/Leander-Antony/my-spotify/blob/main/artist_images/Psylone.jpg?raw=true
Rōōh,https://github.com/Leander-Antony/my-spotify/blob/main/artist_images/R%C5%8D%C5%8Dh.jpg?raw=true
exhibit,https://github.com/Leander-Antony/my-spotify/blob/main/artist_images/exhibit.jpg?raw=true
Lloyd Vaan,https://github.com/Leander-Antony/my-spotify/blob/main/artist_images/Lloyd%20Vaan.jpg?raw=true
oxinym,https://github.com/Leander-Antony/my-spotify/blob/main/artist_images/oxinym.jpg?raw=true
Helen Keeling-Marston,https://github.com/Leander-Antony/my-spotify/blob/main/artist_images/Helen%20Keeling-Marston.jpg?raw=true
mono._,https://github.com/Leander-Antony/my-spotify/blob/main/artist_images/mono._.jpg?raw=true
Fade to Black,https://github.com/Leander-Antony/my-spotify/blob/main/artist_images/Fade%20to%20Black.jpg?raw=true
Cheeky,https://github.com/Leander-Antony/my-spotify/blob/main/artist_images/Cheeky.jpg?raw=true
Jaleen Prod,https://github.com/Leander-Antony/my-spotify/blob/main/artist_images/Jaleen%20Prod.jpg?raw=true
Peter Kugel,https://github.com/Leander-Antony/my-spotify/blob/main/artist_images/Peter%20Kugel.jpg?raw=true
beanbaggy,https://github.com/Leander-Antony/my-spotify/blob/main/artist_images/beanbaggy.jpg?raw=true
Hikari,https://github.com/Leander-Antony/my-spotify/blob/main/artist_images/Hikari.jpg?raw=true
Mahaji,https://github.com/Leander-Antony/my-spotify/blob/main/artist_images/Mahaji.jpg?raw=true
Altan,https://github.com/Leander-Antony/my-spotify/blob/main/artist_images/Altan.jpg?raw=true
Ryan Walker,https://github.com/Leander-Antony/my-spotify/blob/main/artist_images/Ryan%20Walker.jpg?raw=true
starsforyou,https://github.com/Leander-Antony/my-spotify/blob/main/artist_images/starsforyou.jpg?raw=true
warmstrings.,https://github.com/Leander-Antony/my-spotify/blob/main/artist_images/warmstrings..jpg?raw=true
goated.,https://github.com/Leander-Antony/my-spotify/blob/main/artist_images/goated..jpg?raw=true
Bsan,https://github.com/Leander-Antony/my-spotify/blob/main/artist_images/Bsan.jpg?raw=true
KouchiSeu,https://github.com/Leander-Antony/my-spotify/blob/main/artist_images/KouchiSeu.jpg?raw=true
jn_n.mp3,https://github.com/Leander-Antony/my-spotify/blob/main/artist_images/jn_n.mp3.jpg?raw=true
Nate Steckler,https://github.com/Leander-Antony/my-spotify/blob/main/artist_images/Nate%20Steckler.jpg?raw=true
Txmy,https://github.com/Leander-Antony/my-spotify/blob/main/artist_images/Txmy.jpg?raw=true
December50,https://github.com/Leander-Antony/my-spotify/blob/main/artist_images/December50.jpg?raw=true
like gentle rain,https://github.com/Leander-Antony/my-spotify/blob/main/artist_images/like%20gentle%20rain.jpg?raw=true
glass beach,https://github.com/Leander-Antony/my-spotify/blob/main/artist_images/glass%20beach.jpg?raw=true
darmi.,https://github.com/Leander-Antony/my-spotify/blob/main/artist_images/darmi..jpg?raw=true
oversyncing,https://github.com/Leander-Antony/my-spotify/blob/main/artist_images/oversyncing.jpg?raw=true
Flowzz,https://github.com/Leander-Antony/my-spotify/blob/main/artist_images/Flowzz.jpg?raw=true
Pianoverse,https://github.com/Leander-Antony/my-spotify/blob/main/artist_images/Pianoverse.jpg?raw=true
moonflęurr,https://github.com/Leander-Antony/my-spotify/blob/main/artist_images/moonfl%C4%99urr.jpg?raw=true
1am in the loop,https://github.com/Leander-Antony/my-spotify/blob/main/artist_images/1am%20in%20the%20loop.jpg?raw=true
Pink Floyd,https://github.com/Leander-Antony/my-spotify/blob/main/artist_images/Pink%20Floyd.jpg?raw=true
Benjamin Gustafsson,https://github.com/Leander-Antony/my-spotify/blob/main/artist_images/Benjamin%20Gustafsson.jpg?raw=true
ourcq,https://github.com/Leander-Antony/my-spotify/blob/main/artist_images/ourcq.jpg?raw=true
Klode Chill,https://github.com/Leander-Antony/my-spotify/blob/main/artist_images/Klode%20Chill.jpg?raw=true
slowly.,https://github.com/Leander-Antony/my-spotify/blob/main/artist_images/slowly..jpg?raw=true
LYC,https://github.com/Leander-Antony/my-spotify/blob/main/artist_images/LYC.jpg?raw=true
VOSZA,https://github.com/Leander-Antony/my-spotify/blob/main/artist_images/VOSZA.jpg?raw=true
DRXM,https://github.com/Leander-Antony/my-spotify/blob/main/artist_images/DRXM.jpg?raw=true
rareeast,https://github.com/Leander-Antony/my-spotify/blob/main/artist_images/rareeast.jpg?raw=true
MyceliumBug,https://github.com/Leander-Antony/my-spotify/blob/main/artist_images/MyceliumBug.jpg?raw=true
Swik,https://github.com/Leander-Antony/my-spotify/blob/main/artist_images/Swik.jpg?raw=true
C.O.V.E.R,https://github.com/Leander-Antony/my-spotify/blob/main/artist_images/C.O.V.E.R.jpg?raw=true
Ornella Corradengo,https://github.com/Leander-Antony/my-spotify/blob/main/artist_images/Ornella%20Corradengo.jpg?raw=true
lechiffrebeats,https://github.com/Leander-Antony/my-spotify/blob/main/artist_images/lechiffrebeats.jpg?raw=true
Gaming World,https://github.com/Leander-Antony/my-spotify/blob/main/artist_images/Gaming%20World.jpg?raw=true
bedroom lofi,https://github.com/Leander-Antony/my-spotify/blob/main/artist_images/bedroom%20lofi.jpg?raw=true
Symoo,https://github.com/Leander-Antony/my-spotify/blob/main/artist_images/Symoo.jpg?raw=true
lst drm,https://github.com/Leander-Antony/my-spotify/blob/main/artist_images/lst%20drm.jpg?raw=true
ROEINON,https://github.com/Leander-Antony/my-spotify/blob/main/artist_images/ROEINON.jpg?raw=true
Manikka Vinayagam,https://github.com/Leander-Antony/my-spotify/blob/main/artist_images/Manikka%20Vinayagam.jpg?raw=true
Kay Kay,https://github.com/Leander-Antony/my-spotify/blob/main/artist_images/Kay%20Kay.jpg?raw=true
Phoebe Bridgers,https://github.com/Leander-Antony/my-spotify/blob/main/artist_images/Phoebe%20Bridgers.jpg?raw=true
Carol Ades,https://github.com/Leander-Antony/my-spotify/blob/main/artist_images/Carol%20Ades.jpg?raw=true
Holly Humberstone,https://github.com/Leander-Antony/my-spotify/blob/main/artist_images/Holly%20Humberstone.jpg?raw=true
Claire Rosinkranz,https://github.com/Leander-Antony/my-spotify/blob/main/artist_images/Claire%20Rosinkranz.jpg?raw=true
Chappell Roan,https://github.com/Leander-Antony/my-spotify/blob/main/artist_images/Chappell%20Roan.jpg?raw=true
Levi Roth,https://github.com/Leander-Antony/my-spotify/blob/main/artist_images/Levi%20Roth.jpg?raw=true
King Princess,https://github.com/Leander-Antony/my-spotify/blob/main/artist_images/King%20Princess.jpg?raw=true
Mura Masa,https://github.com/Leander-Antony/my-spotify/blob/main/artist_images/Mura%20Masa.jpg?raw=true
Olivia Dean,https://github.com/Leander-Antony/my-spotify/blob/main/artist_images/Olivia%20Dean.jpg?raw=true
The Japanese House,https://github.com/Leander-Antony/my-spotify/blob/main/artist_images/The%20Japanese%20House.jpg?raw=true
Ben Kessler,https://github.com/Leander-Antony/my-spotify/blob/main/artist_images/Ben%20Kessler.jpg?raw=true
Playyard,https://github.com/Leander-Antony/my-spotify/blob/main/artist_images/Playyard.jpg?raw=true
Alfie Jukes,https://github.com/Leander-Antony/my-spotify/blob/main/artist_images/Alfie%20Jukes.jpg?raw=true
bôa,https://github.com/Leander-Antony/my-spotify/blob/main/artist_images/b%C3%B4a.jpg?raw=true
Juens,https://github.com/Leander-Antony/my-spotify/blob/main/artist_images/Juens.jpg?raw=true
Tomborda,https://github.com/Leander-Antony/my-spotify/blob/main/artist_images/Tomborda.jpg?raw=true
S. Janaki,https://github.com/Leander-Antony/my-spotify/blob/main/artist_images/S.%20Janaki.jpg?raw=true
Raghavendra,https://github.com/Leander-Antony/my-spotify/blob/main/artist_images/Raghavendra.jpg?raw=true
Pa. Vijay,https://github.com/Leander-Antony/my-spotify/blob/main/artist_images/Pa.%20Vijay.jpg?raw=true
Javed Ali,https://github.com/Leander-Antony/my-spotify/blob/main/artist_images/Javed%20Ali.jpg?raw=true
HonestResolv3,https://github.com/Leander-Antony/my-spotify/blob/main/artist_images/HonestResolv3.jpg?raw=true
skyemane,https://github.com/Leander-Antony/my-spotify/blob/main/artist_images/skyemane.jpg?raw=true
Hanumankind,https://github.com/Leander-Antony/my-spotify/blob/main/artist_images/Hanumankind.jpg?raw=true
Sushin Shyam,https://github.com/Leander-Antony/my-spotify/blob/main/artist_images/Sushin%20Shyam.jpg?raw=true
Parimal Shais,https://github.com/Leander-Antony/my-spotify/blob/main/artist_images/Parimal%20Shais.jpg?raw=true
Kilgore Doubtfire,https://github.com/Leander-Antony/my-spotify/blob/main/artist_images/Kilgore%20Doubtfire.jpg?raw=true
Priya Hemesh,https://github.com/Leander-Antony/my-spotify/blob/main/artist_images/Priya%20Hemesh.jpg?raw=true
"Royce Da 5'9""",https://github.com/Leander-Antony/my-spotify/blob/main/artist_images/Royce%20Da%205%279%22.jpg?raw=true
TACONAFIDE,https://github.com/Leander-Antony/my-spotify/blob/main/artist_images/TACONAFIDE.jpg?raw=true
Aimyon,https://github.com/Leander-Antony/my-spotify/blob/main/artist_images/Aimyon.jpg?raw=true
Nursery Rhymes ABC,https://github.com/Leander-Antony/my-spotify/blob/main/artist_images/Nursery%20Rhymes%20ABC.jpg?raw=true
James Blunt,https://github.com/Leander-Antony/my-spotify/blob/main/artist_images/James%20Blunt.jpg?raw=true
Belly,https://github.com/Leander-Antony/my-spotify/blob/main/artist_images/Belly.jpg?raw=true
Donna Summer,https://github.com/Leander-Antony/my-spotify/blob/main/artist_images/Donna%20Summer.jpg?raw=true
No Doubt,https://github.com/Leander-Antony/my-spotify/blob/main/artist_images/No%20Doubt.jpg?raw=true
Jeff Buckley,https://github.com/Leander-Antony/my-spotify/blob/main/artist_images/Jeff%20Buckley.jpg?raw=true
Krishnakumar Kunnath,https://github.com/Leander-Antony/my-spotify/blob/main/artist_images/Krishnakumar%20Kunnath.jpg?raw=true
Gold Devaraj,https://github.com/Leander-Antony/my-spotify/blob/main/artist_images/Gold%20Devaraj.jpg?raw=true
Joshua Sridhar,https://github.com/Leander-Antony/my-spotify/blob/main/artist_images/Joshua%20Sridhar.jpg?raw=true
D-Dance,https://github.com/Leander-Antony/my-spotify/blob/main/artist_images/D-Dance.jpg?raw=true
Byron Alvarado,https://github.com/Leander-Antony/my-spotify/blob/main/artist_images/Byron%20Alvarado.jpg?raw=true
Sai Abhyankkar,https://github.com/Leander-Antony/my-spotify/blob/main/artist_images/Sai%20Abhyankkar.jpg?raw=true
ANDROMEDA,https://github.com/Leander-Antony/my-spotify/blob/main/artist_images/ANDROMEDA.jpg?raw=true
satirin,https://github.com/Leander-Antony/my-spotify/blob/main/artist_images/satirin.jpg?raw=true
MVSTERIOUS,https://github.com/Leander-Antony/my-spotify/blob/main/artist_images/MVSTERIOUS.jpg?raw=true
BLESSED MANE,https://github.com/Leander-Antony/my-spotify/blob/main/artist_images/BLESSED%20MANE.jpg?raw=true
LONOWN,https://github.com/Leander-Antony/my-spotify/blob/main/artist_images/LONOWN.jpg?raw=true
GLXXMSTRIDER,https://github.com/Leander-Antony/my-spotify/blob/main/artist_images/GLXXMSTRIDER.jpg?raw=true
deprezz,https://github.com/Leander-Antony/my-spotify/blob/main/artist_images/deprezz.jpg?raw=true
DJ FNK,https://github.com/Leander-Antony/my-spotify/blob/main/artist_images/DJ%20FNK.jpg?raw=true
eiby,https://github.com/Leander-Antony/my-spotify/blob/main/artist_images/eiby.jpg?raw=true
RXPOSO99,https://github.com/Leander-Antony/my-spotify/blob/main/artist_images/RXPOSO99.jpg?raw=true
HIMXN,https://github.com/Leander-Antony/my-spotify/blob/main/artist_images/HIMXN.jpg?raw=true
RJ Pasin,https://github.com/Leander-Antony/my-spotify/blob/main/artist_images/RJ%20Pasin.jpg?raw=true
SHADXWLXRD,https://github.com/Leander-Antony/my-spotify/blob/main/artist_images/SHADXWLXRD.jpg?raw=true
Elijah Fox,https://github.com/Leander-Antony/my-spotify/blob/main/artist_images/Elijah%20Fox.jpg?raw=true
Soothing Spore,https://github.com/Leander-Antony/my-spotify/blob/main/artist_images/Soothing%20Spore.jpg?raw=true
Liana Flores,https://github.com/Leander-Antony/my-spotify/blob/main/artist_images/Liana%20Flores.jpg?raw=true
HereH,https://github.com/Leander-Antony/my-spotify/blob/main/artist_images/HereH.jpg?raw=true
Emile Mosseri,https://github.com/Leander-Antony/my-spotify/blob/main/artist_images/Emile%20Mosseri.jpg?raw=true
Cauzy,https://github.com/Leander-Antony/my-spotify/blob/main/artist_images/Cauzy.jpg?raw=true
Warriyo,https://github.com/Leander-Antony/my-spotify/blob/main/artist_images/Warriyo.jpg?raw=true
NBSPLV,https://github.com/Leander-Antony/my-spotify/blob/main/artist_images/NBSPLV.jpg?raw=true
Flame Runner,https://github.com/Leander-Antony/my-spotify/blob/main/artist_images/Flame%20Runner.jpg?raw=true
CHMCL SØUP,https://github.com/Leander-Antony/my-spotify/blob/main/artist_images/CHMCL%20S%C3%98UP.jpg?raw=true
iwilldiehere,https://github.com/Leander-Antony/my-spotify/blob/main/artist_images/iwilldiehere.jpg?raw=true
M4GN,https://github.com/Leander-Antony/my-spotify/blob/main/artist_images/M4GN.jpg?raw=true
shometyle,https://github.com/Leander-Antony/my-spotify/blob/main/artist_images/shometyle.jpg?raw=true
BENNETT,https://github.com/Leander-Antony/my-spotify/blob/main/artist_images/BENNETT.jpg?raw=true
RD12,https://github.com/Leander-Antony/my-spotify/blob/main/artist_images/RD12.jpg?raw=true
Ugovhb,https://github.com/Leander-Antony/my-spotify/blob/main/artist_images/Ugovhb.jpg?raw=true
lykia,https://github.com/Leander-Antony/my-spotify/blob/main/artist_images/lykia.jpg?raw=true
glwzbll,https://github.com/Leander-Antony/my-spotify/blob/main/artist_images/glwzbll.jpg?raw=true
ZXKAI,https://github.com/Leander-Antony/my-spotify/blob/main/artist_images/ZXKAI.jpg?raw=true
Sergio Valentino,https://github.com/Leander-Antony/my-spotify/blob/main/artist_images/Sergio%20Valentino.jpg?raw=true
NAOMI,https://github.com/Leander-Antony/my-spotify/blob/main/artist_images/NAOMI.jpg?raw=true
UdieNnx,https://github.com/Leander-Antony/my-spotify/blob/main/artist_images/UdieNnx.jpg?raw=true
DARKCENT,https://github.com/Leander-Antony/my-spotify/blob/main/artist_images/DARKCENT.jpg?raw=true
fxnk123,https://github.com/Leander-Antony/my-spotify/blob/main/artist_images/fxnk123.jpg?raw=true
sanny,https://github.com/Leander-Antony/my-spotify/blob/main/artist_images/sanny.jpg?raw=true
Echo Blaze,https://github.com/Leander-Antony/my-spotify/blob/main/artist_images/Echo%20Blaze.jpg?raw=true
Zhao Lei,https://github.com/Leander-Antony/my-spotify/blob/main/artist_images/Zhao%20Lei.jpg?raw=true
ArrDee,https://github.com/Leander-Antony/my-spotify/blob/main/artist_images/ArrDee.jpg?raw=true
Danny Ed,https://github.com/Leander-Antony/my-spotify/blob/main/artist_images/Danny%20Ed.jpg?raw=true
Karms,https://github.com/Leander-Antony/my-spotify/blob/main/artist_images/Karms.jpg?raw=true
MXZI,https://github.com/Leander-Antony/my-spotify/blob/main/artist_images/MXZI.jpg?raw=true
ATLXS,https://github.com/Leander-Antony/my-spotify/blob/main/artist_images/ATLXS.jpg?raw=true
Polsas,https://github.com/Leander-Antony/my-spotify/blob/main/artist_images/Polsas.jpg?raw=true
NXGHT!,https://github.com/Leander-Antony/my-spotify/blob/main/artist_images/NXGHT%21.jpg?raw=true
ABDUKXRIM,https://github.com/Leander-Antony/my-spotify/blob/main/artist_images/ABDUKXRIM.jpg?raw=true
MC L da Vinte,https://github.com/Leander-Antony/my-spotify/blob/main/artist_images/MC%20L%20da%20Vinte.jpg?raw=true
VaporVice,https://github.com/Leander-Antony/my-spotify/blob/main/artist_images/VaporVice.jpg?raw=true
joyful,https://github.com/Leander-Antony/my-spotify/blob/main/artist_images/joyful.jpg?raw=true
OG Brar,https://github.com/Leander-Antony/my-spotify/blob/main/artist_images/OG%20Brar.jpg?raw=true
Dj Guuga,https://github.com/Leander-Antony/my-spotify/blob/main/artist_images/Dj%20Guuga.jpg?raw=true
Eric Chiryoku,https://github.com/Leander-Antony/my-spotify/blob/main/artist_images/Eric%20Chiryoku.jpg?raw=true
Jurriaan Van Hoffen,https://github.com/Leander-Antony/my-spotify/blob/main/artist_images/Jurriaan%20Van%20Hoffen.jpg?raw=true
ILLBlAUER,https://github.com/Leander-Antony/my-spotify/blob/main/artist_images/ILLBlAUER.jpg?raw=true
X.S Music,https://github.com/Leander-Antony/my-spotify/blob/main/artist_images/X.S%20Music.jpg?raw=true
Elysian Composer,https://github.com/Leander-Antony/my-spotify/blob/main/artist_images/Elysian%20Composer.jpg?raw=true
LightKeys,https://github.com/Leander-Antony/my-spotify/blob/main/artist_images/LightKeys.jpg?raw=true
"give me your rain,",https://github.com/Leander-Antony/my-spotify/blob/main/artist_images/give%20me%20your%20rain%2C.jpg?raw=true
Penguin Piano,https://github.com/Leander-Antony/my-spotify/blob/main/artist_images/Penguin%20Piano.jpg?raw=true
Joel Mayeur,https://github.com/Leander-Antony/my-spotify/blob/main/artist_images/Joel%20Mayeur.jpg?raw=true
Karen L.,https://github.com/Leander-Antony/my-spotify/blob/main/artist_images/Karen%20L..jpg?raw=true
邓垚,https://github.com/Leander-Antony/my-spotify/blob/main/artist_images/%E9%82%93%E5%9E%9A.jpg?raw=true
THT,https://github.com/Leander-Antony/my-spotify/blob/main/artist_images/THT.jpg?raw=true
Thomas Greenberg,https://github.com/Leander-Antony/my-spotify/blob/main/artist_images/Thomas%20Greenberg.jpg?raw=true
Shirfine,https://github.com/Leander-Antony/my-spotify/blob/main/artist_images/Shirfine.jpg?raw=true
Bobu Sama,https://github.com/Leander-Antony/my-spotify/blob/main/artist_images/Bobu%20Sama.jpg?raw=true
Invadable Harmony,https://github.com/Leander-Antony/my-spotify/blob/main/artist_images/Invadable%20Harmony.jpg?raw=true
余日秋山,https://github.com/Leander-Antony/my-spotify/blob/main/artist_images/%E4%BD%99%E6%97%A5%E7%A7%8B%E5%B1%B1.jpg?raw=true
Zolik,https://github.com/Leander-Antony/my-spotify/blob/main/artist_images/Zolik.jpg?raw=true
Jeick Abrego,https://github.com/Leander-Antony/my-spotify/blob/main/artist_images/Jeick%20Abrego.jpg?raw=true
Party Tyme,https://github.com/Leander-Antony/my-spotify/blob/main/artist_images/Party%20Tyme.jpg?raw=true
xlout,https://github.com/Leander-Antony/my-spotify/blob/main/artist_images/xlout.jpg?raw=true
Ryan Basdao,https://github.com/Leander-Antony/my-spotify/blob/main/artist_images/Ryan%20Basdao.jpg?raw=true
Biv,https://github.com/Leander-Antony/my-spotify/blob/main/artist_images/Biv.jpg?raw=true
Surf Curse,https://github.com/Leander-Antony/my-spotify/blob/main/artist_images/Surf%20Curse.jpg?raw=true
Ornithology,https://github.com/Leander-Antony/my-spotify/blob/main/artist_images/Ornithology.jpg?raw=true
Refeeld,https://github.com/Leander-Antony/my-spotify/blob/main/artist_images/Refeeld.jpg?raw=true
Mindeliq,https://github.com/Leander-Antony/my-spotify/blob/main/artist_images/Mindeliq.jpg?raw=true
sinnr,https://github.com/Leander-Antony/my-spotify/blob/main/artist_images/sinnr.jpg?raw=true
A[way],https://github.com/Leander-Antony/my-spotify/blob/main/artist_images/A%5Bway%5D.jpg?raw=true
Mau,https://github.com/Leander-Antony/my-spotify/blob/main/artist_images/Mau.jpg?raw=true
Mila Coolness,https://github.com/Leander-Antony/my-spotify/blob/main/artist_images/Mila%20Coolness.jpg?raw=true
Blue Fox,https://github.com/Leander-Antony/my-spotify/blob/main/artist_images/Blue%20Fox.jpg?raw=true
Mar Sara,https://github.com/Leander-Antony/my-spotify/blob/main/artist_images/Mar%20Sara.jpg?raw=true
Leavv,https://github.com/Leander-Antony/my-spotify/blob/main/artist_images/Leavv.jpg?raw=true
takeo,https://github.com/Leander-Antony/my-spotify/blob/main/artist_images/takeo.jpg?raw=true
Chris Mazuera,https://github.com/Leander-Antony/my-spotify/blob/main/artist_images/Chris%20Mazuera.jpg?raw=true
Nairuz,https://github.com/Leander-Antony/my-spotify/blob/main/artist_images/Nairuz.jpg?raw=true
Andri Hart,https://github.com/Leander-Antony/my-spotify/blob/main/artist_images/Andri%20Hart.jpg?raw=true
Marcel Depuis,https://github.com/Leander-Antony/my-spotify/blob/main/artist_images/Marcel%20Depuis.jpg?raw=true
Permaculti,https://github.com/Leander-Antony/my-spotify/blob/main/artist_images/Permaculti.jpg?raw=true
Shashwat Sachdev,https://github.com/Leander-Antony/my-spotify/blob/main/artist_images/Shashwat%20Sachdev.jpg?raw=true
Alek Olsen,https://github.com/Leander-Antony/my-spotify/blob/main/artist_images/Alek%20Olsen.jpg?raw=true
Temm,https://github.com/Leander-Antony/my-spotify/blob/main/artist_images/Temm.jpg?raw=true
Shekar Chandra,https://github.com/Leander-Antony/my-spotify/blob/main/artist_images/Shekar%20Chandra.jpg?raw=true
0B3Z,https://github.com/Leander-Antony/my-spotify/blob/main/artist_images/0B3Z.jpg?raw=true
Tom Rosenthal,https://github.com/Leander-Antony/my-spotify/blob/main/artist_images/Tom%20Rosenthal.jpg?raw=true
Nicky Youre,https://github.com/Leander-Antony/my-spotify/blob/main/artist_images/Nicky%20Youre.jpg?raw=true
Forrest Frank,https://github.com/Leander-Antony/my-spotify/blob/main/artist_images/Forrest%20Frank.jpg?raw=true
Sofia Camara,https://github.com/Leander-Antony/my-spotify/blob/main/artist_images/Sofia%20Camara.jpg?raw=true
Heart Killer Beats,https://github.com/Leander-Antony/my-spotify/blob/main/artist_images/Heart%20Killer%20Beats.jpg?raw=true
Bethesda,https://github.com/Leander-Antony/my-spotify/blob/main/artist_images/Bethesda.jpg?raw=true
Suzanne Vega,https://github.com/Leander-Antony/my-spotify/blob/main/artist_images/Suzanne%20Vega.jpg?raw=true
AnnenMayKantereit,https://github.com/Leander-Antony/my-spotify/blob/main/artist_images/AnnenMayKantereit.jpg?raw=true
Alea,https://github.com/Leander-Antony/my-spotify/blob/main/artist_images/Alea.jpg?raw=true
sombr,https://github.com/Leander-Antony/my-spotify/blob/main/artist_images/sombr.jpg?raw=true
Lillian Hepler,https://github.com/Leander-Antony/my-spotify/blob/main/artist_images/Lillian%20Hepler.jpg?raw=true
Grace Gachot,https://github.com/Leander-Antony/my-spotify/blob/main/artist_images/Grace%20Gachot.jpg?raw=true
Jelly Roll,https://github.com/Leander-Antony/my-spotify/blob/main/artist_images/Jelly%20Roll.jpg?raw=true
When Chai Met Toast,https://github.com/Leander-Antony/my-spotify/blob/main/artist_images/When%20Chai%20Met%20Toast.jpg?raw=true
Paal Dabba,https://github.com/Leander-Antony/my-spotify/blob/main/artist_images/Paal%20Dabba.jpg?raw=true
Sanchit Balhara,https://github.com/Leander-Antony/my-spotify/blob/main/artist_images/Sanchit%20Balhara.jpg?raw=true
Declan McKenna,https://github.com/Leander-Antony/my-spotify/blob/main/artist_images/Declan%20McKenna.jpg?raw=true
Laura Branigan,https://github.com/Leander-Antony/my-spotify/blob/main/artist_images/Laura%20Branigan.jpg?raw=true
Gillette,https://github.com/Leander-Antony/my-spotify/blob/main/artist_images/Gillette.jpg?raw=true
Geri Halliwell,https://github.com/Leander-Antony/my-spotify/blob/main/artist_images/Geri%20Halliwell.jpg?raw=true
Alphaville,https://github.com/Leander-Antony/my-spotify/blob/main/artist_images/Alphaville.jpg?raw=true
Aqua,https://github.com/Leander-Antony/my-spotify/blob/main/artist_images/Aqua.jpg?raw=true
Shakira,https://github.com/Leander-Antony/my-spotify/blob/main/artist_images/Shakira.jpg?raw=true
Modern Talking,https://github.com/Leander-Antony/my-spotify/blob/main/artist_images/Modern%20Talking.jpg?raw=true
Michael Jackson,https://github.com/Leander-Antony/my-spotify/blob/main/artist_images/Michael%20Jackson.jpg?raw=true
Corona,https://github.com/Leander-Antony/my-spotify/blob/main/artist_images/Corona.jpg?raw=true
Ottawan,https://github.com/Leander-Antony/my-spotify/blob/main/artist_images/Ottawan.jpg?raw=true
Box of Music,https://github.com/Leander-Antony/my-spotify/blob/main/artist_images/Box%20of%20Music.jpg?raw=true
Evalian Massey,https://github.com/Leander-Antony/my-spotify/blob/main/artist_images/Evalian%20Massey.jpg?raw=true
Tyufyakin Konstantin,https://github.com/Leander-Antony/my-spotify/blob/main/artist_images/Tyufyakin%20Konstantin.jpg?raw=true
Benny Garner,https://github.com/Leander-Antony/my-spotify/blob/main/artist_images/Benny%20Garner.jpg?raw=true
赵海洋,https://github.com/Leander-Antony/my-spotify/blob/main/artist_images/%E8%B5%B5%E6%B5%B7%E6%B4%8B.jpg?raw=true
Harmony River,https://github.com/Leander-Antony/my-spotify/blob/main/artist_images/Harmony%20River.jpg?raw=true
Streaming Music Studios,https://github.com/Leander-Antony/my-spotify/blob/main/artist_images/Streaming%20Music%20Studios.jpg?raw=true
Etienne Roussel,https://github.com/Leander-Antony/my-spotify/blob/main/artist_images/Etienne%20Roussel.jpg?raw=true
Steve Horner,https://github.com/Leander-Antony/my-spotify/blob/main/artist_images/Steve%20Horner.jpg?raw=true
James Spiteri,https://github.com/Leander-Antony/my-spotify/blob/main/artist_images/James%20Spiteri.jpg?raw=true
夏小桃,https://github.com/Leander-Antony/my-spotify/blob/main/artist_images/%E5%A4%8F%E5%B0%8F%E6%A1%83.jpg?raw=true
Diana,https://github.com/Leander-Antony/my-spotify/blob/main/artist_images/Diana.jpg?raw=true
Open Blue Sky,https://github.com/Leander-Antony/my-spotify/blob/main/artist_images/Open%20Blue%20Sky.jpg?raw=true
Simon Groß,https://github.com/Leander-Antony/my-spotify/blob/main/artist_images/Simon%20Gro%C3%9F.jpg?raw=true
niv.,https://github.com/Leander-Antony/my-spotify/blob/main/artist_images/niv..jpg?raw=true
Mete Han,https://github.com/Leander-Antony/my-spotify/blob/main/artist_images/Mete%20Han.jpg?raw=true
Gemp,https://github.com/Leander-Antony/my-spotify/blob/main/artist_images/Gemp.jpg?raw=true
JDF99,https://github.com/Leander-Antony/my-spotify/blob/main/artist_images/JDF99.jpg?raw=true
Worldtraveller,https://github.com/Leander-Antony/my-spotify/blob/main/artist_images/Worldtraveller.jpg?raw=true
Chiccote's Beats,https://github.com/Leander-Antony/my-spotify/blob/main/artist_images/Chiccote%27s%20Beats.jpg?raw=true
Blue Wednesday,https://github.com/Leander-Antony/my-spotify/blob/main/artist_images/Blue%20Wednesday.jpg?raw=true
Mavine,https://github.com/Leander-Antony/my-spotify/blob/main/artist_images/Mavine.jpg?raw=true
Kalaido,https://github.com/Leander-Antony/my-spotify/blob/main/artist_images/Kalaido.jpg?raw=true
Tonion,https://github.com/Leander-Antony/my-spotify/blob/main/artist_images/Tonion.jpg?raw=true
Dosi,https://github.com/Leander-Antony/my-spotify/blob/main/artist_images/Dosi.jpg?raw=true
Tom Doolie,https://github.com/Leander-Antony/my-spotify/blob/main/artist_images/Tom%20Doolie.jpg?raw=true
Yotoraowo,https://github.com/Leander-Antony/my-spotify/blob/main/artist_images/Yotoraowo.jpg?raw=true
21 Savage,https://github.com/Leander-Antony/my-spotify/blob/main/artist_images/21%20Savage.jpg?raw=true
Kayba,https://github.com/Leander-Antony/my-spotify/blob/main/artist_images/Kayba.jpg?raw=true
ALXIKE,https://github.com/Leander-Antony/my-spotify/blob/main/artist_images/ALXIKE.jpg?raw=true
drkmnd,https://github.com/Leander-Antony/my-spotify/blob/main/artist_images/drkmnd.jpg?raw=true
my head is empty,https://github.com/Leander-Antony/my-spotify/blob/main/artist_images/my%20head%20is%20empty.jpg?raw=true
Jordindian,https://github.com/Leander-Antony/my-spotify/blob/main/artist_images/Jordindian.jpg?raw=true
noturgf,https://github.com/Leander-Antony/my-spotify/blob/main/artist_images/noturgf.jpg?raw=true
KXLLSWXTCH,https://github.com/Leander-Antony/my-spotify/blob/main/artist_images/KXLLSWXTCH.jpg?raw=true
SPEECHLESS,https://github.com/Leander-Antony/my-spotify/blob/main/artist_images/SPEECHLESS.jpg?raw=true
E I S U,https://github.com/Leander-Antony/my-spotify/blob/main/artist_images/E%20I%20S%20U.jpg?raw=true
URE Relaxing,https://github.com/Leander-Antony/my-spotify/blob/main/artist_images/URE%20Relaxing.jpg?raw=true
Animuz Anime Piano,https://github.com/Leander-Antony/my-spotify/blob/main/artist_images/Animuz%20Anime%20Piano.jpg?raw=true
Kaspa.,https://github.com/Leander-Antony/my-spotify/blob/main/artist_images/Kaspa..jpg?raw=true
Mercer Henderson,https://github.com/Leander-Antony/my-spotify/blob/main/artist_images/Mercer%20Henderson.jpg?raw=true
renforshort,https://github.com/Leander-Antony/my-spotify/blob/main/artist_images/renforshort.jpg?raw=true
兮沐,https://github.com/Leander-Antony/my-spotify/blob/main/artist_images/%E5%85%AE%E6%B2%90.jpg?raw=true
Kode,https://github.com/Leander-Antony/my-spotify/blob/main/artist_images/Kode.jpg?raw=true
Lil Wayne,https://github.com/Leander-Antony/my-spotify/blob/main/artist_images/Lil%20Wayne.jpg?raw=true
Ryan Caraveo,https://github.com/Leander-Antony/my-spotify/blob/main/artist_images/Ryan%20Caraveo.jpg?raw=true
Michal Leah,https://github.com/Leander-Antony/my-spotify/blob/main/artist_images/Michal%20Leah.jpg?raw=true
Jared Benjamin,https://github.com/Leander-Antony/my-spotify/blob/main/artist_images/Jared%20Benjamin.jpg?raw=true
Rachel Currea,https://github.com/Leander-Antony/my-spotify/blob/main/artist_images/Rachel%20Currea.jpg?raw=true
Elijah Bossenbroek,https://github.com/Leander-Antony/my-spotify/blob/main/artist_images/Elijah%20Bossenbroek.jpg?raw=true
Kyoto Harp Ensemble,https://github.com/Leander-Antony/my-spotify/blob/main/artist_images/Kyoto%20Harp%20Ensemble.jpg?raw=true
Alf Gugliucci,https://github.com/Leander-Antony/my-spotify/blob/main/artist_images/Alf%20Gugliucci.jpg?raw=true
Des Krill,https://github.com/Leander-Antony/my-spotify/blob/main/artist_images/Des%20Krill.jpg?raw=true
Farid Farjad,https://github.com/Leander-Antony/my-spotify/blob/main/artist_images/Farid%20Farjad.jpg?raw=true
Roberto Cacciapaglia,https://github.com/Leander-Antony/my-spotify/blob/main/artist_images/Roberto%20Cacciapaglia.jpg?raw=true
Rhonda Mackert,https://github.com/Leander-Antony/my-spotify/blob/main/artist_images/Rhonda%20Mackert.jpg?raw=true
Lo Mimieux,https://github.com/Leander-Antony/my-spotify/blob/main/artist_images/Lo%20Mimieux.jpg?raw=true
SQbaby,https://github.com/Leander-Antony/my-spotify/blob/main/artist_images/SQbaby.jpg?raw=true
LilyPichu,https://github.com/Leander-Antony/my-spotify/blob/main/artist_images/LilyPichu.jpg?raw=true
Kenji Kanemasu,https://github.com/Leander-Antony/my-spotify/blob/main/artist_images/Kenji%20Kanemasu.jpg?raw=true
Rohnie Tan,https://github.com/Leander-Antony/my-spotify/blob/main/artist_images/Rohnie%20Tan.jpg?raw=true
Borrtex,https://github.com/Leander-Antony/my-spotify/blob/main/artist_images/Borrtex.jpg?raw=true
F.B. Piano Anime,https://github.com/Leander-Antony/my-spotify/blob/main/artist_images/F.B.%20Piano%20Anime.jpg?raw=true
Simon Jordan,https://github.com/Leander-Antony/my-spotify/blob/main/artist_images/Simon%20Jordan.jpg?raw=true
Aysedeniz Gokcin,https://github.com/Leander-Antony/my-spotify/blob/main/artist_images/Aysedeniz%20Gokcin.jpg?raw=true
Sebastian Kamae,https://github.com/Leander-Antony/my-spotify/blob/main/artist_images/Sebastian%20Kamae.jpg?raw=true
Akīn,https://github.com/Leander-Antony/my-spotify/blob/main/artist_images/Ak%C4%ABn.jpg?raw=true
三亩地,https://github.com/Leander-Antony/my-spotify/blob/main/artist_images/%E4%B8%89%E4%BA%A9%E5%9C%B0.jpg?raw=true
Jonathan Geer,https://github.com/Leander-Antony/my-spotify/blob/main/artist_images/Jonathan%20Geer.jpg?raw=true
Lang Lang,https://github.com/Leander-Antony/my-spotify/blob/main/artist_images/Lang%20Lang.jpg?raw=true
Franz Schubert,https://github.com/Leander-Antony/my-spotify/blob/main/artist_images/Franz%20Schubert.jpg?raw=true
Johannes Brahms,https://github.com/Leander-Antony/my-spotify/blob/main/artist_images/Johannes%20Brahms.jpg?raw=true
Robert Schumann,https://github.com/Leander-Antony/my-spotify/blob/main/artist_images/Robert%20Schumann.jpg?raw=true
Janos Sebestyen,https://github.com/Leander-Antony/my-spotify/blob/main/artist_images/Janos%20Sebestyen.jpg?raw=true
Dmitri Shostakovich,https://github.com/Leander-Antony/my-spotify/blob/main/artist_images/Dmitri%20Shostakovich.jpg?raw=true
Gioachino Rossini,https://github.com/Leander-Antony/my-spotify/blob/main/artist_images/Gioachino%20Rossini.jpg?raw=true
Alexander Scriabin,https://github.com/Leander-Antony/my-spotify/blob/main/artist_images/Alexander%20Scriabin.jpg?raw=true
Niccolò Paganini,https://github.com/Leander-Antony/my-spotify/blob/main/artist_images/Niccol%C3%B2%20Paganini.jpg?raw=true
Richard Wagner,https://github.com/Leander-Antony/my-spotify/blob/main/artist_images/Richard%20Wagner.jpg?raw=true
Creepy Nuts,https://github.com/Leander-Antony/my-spotify/blob/main/artist_images/Creepy%20Nuts.jpg?raw=true
GameboyJones,https://github.com/Leander-Antony/my-spotify/blob/main/artist_images/GameboyJones.jpg?raw=true
Maestro Ziikos,https://github.com/Leander-Antony/my-spotify/blob/main/artist_images/Maestro%20Ziikos.jpg?raw=true
anifi,https://github.com/Leander-Antony/my-spotify/blob/main/artist_images/anifi.jpg?raw=true
ShiroNeko,https://github.com/Leander-Antony/my-spotify/blob/main/artist_images/ShiroNeko.jpg?raw=true
Slo Loris,https://github.com/Leander-Antony/my-spotify/blob/main/artist_images/Slo%20Loris.jpg?raw=true
Matthew Mayer,https://github.com/Leander-Antony/my-spotify/blob/main/artist_images/Matthew%20Mayer.jpg?raw=true
LucySPA,https://github.com/Leander-Antony/my-spotify/blob/main/artist_images/LucySPA.jpg?raw=true
Tim Neumark,https://github.com/Leander-Antony/my-spotify/blob/main/artist_images/Tim%20Neumark.jpg?raw=true
Maryna Aksenov,https://github.com/Leander-Antony/my-spotify/blob/main/artist_images/Maryna%20Aksenov.jpg?raw=true
創時代音樂,https://github.com/Leander-Antony/my-spotify/blob/main/artist_images/%E5%89%B5%E6%99%82%E4%BB%A3%E9%9F%B3%E6%A8%82.jpg?raw=true
薛汀哲,https://github.com/Leander-Antony/my-spotify/blob/main/artist_images/%E8%96%9B%E6%B1%80%E5%93%B2.jpg?raw=true
Sarah Modene,https://github.com/Leander-Antony/my-spotify/blob/main/artist_images/Sarah%20Modene.jpg?raw=true
Rob Costlow,https://github.com/Leander-Antony/my-spotify/blob/main/artist_images/Rob%20Costlow.jpg?raw=true
Danny Wright,https://github.com/Leander-Antony/my-spotify/blob/main/artist_images/Danny%20Wright.jpg?raw=true
Jean-Michel Blais,https://github.com/Leander-Antony/my-spotify/blob/main/artist_images/Jean-Michel%20Blais.jpg?raw=true
The Eternal Dreamers,https://github.com/Leander-Antony/my-spotify/blob/main/artist_images/The%20Eternal%20Dreamers.jpg?raw=true
PianoForest,https://github.com/Leander-Antony/my-spotify/blob/main/artist_images/PianoForest.jpg?raw=true
Joe Yamada,https://github.com/Leander-Antony/my-spotify/blob/main/artist_images/Joe%20Yamada.jpg?raw=true
James Newton Howard,https://github.com/Leander-Antony/my-spotify/blob/main/artist_images/James%20Newton%20Howard.jpg?raw=true
Hans Zimmer,https://github.com/Leander-Antony/my-spotify/blob/main/artist_images/Hans%20Zimmer.jpg?raw=true
Chris James,https://github.com/Leander-Antony/my-spotify/blob/main/artist_images/Chris%20James.jpg?raw=true
Oskar Schuster,https://github.com/Leander-Antony/my-spotify/blob/main/artist_images/Oskar%20Schuster.jpg?raw=true
DS Productions,https://github.com/Leander-Antony/my-spotify/blob/main/artist_images/DS%20Productions.jpg?raw=true
Christophe Luciani,https://github.com/Leander-Antony/my-spotify/blob/main/artist_images/Christophe%20Luciani.jpg?raw=true
Austin Farwell,https://github.com/Leander-Antony/my-spotify/blob/main/artist_images/Austin%20Farwell.jpg?raw=true
ロクデナシ,https://github.com/Leander-Antony/my-spotify/blob/main/artist_images/%E3%83%AD%E3%82%AF%E3%83%87%E3%83%8A%E3%82%B7.jpg?raw=true
Tally Hall,https://github.com/Leander-Antony/my-spotify/blob/main/artist_images/Tally%20Hall.jpg?raw=true
Steven Universe,https://github.com/Leander-Antony/my-spotify/blob/main/artist_images/Steven%20Universe.jpg?raw=true
imase,https://github.com/Leander-Antony/my-spotify/blob/main/artist_images/imase.jpg?raw=true
Kanaria,https://github.com/Leander-Antony/my-spotify/blob/main/artist_images/Kanaria.jpg?raw=true
Mother Mother,https://github.com/Leander-Antony/my-spotify/blob/main/artist_images/Mother%20Mother.jpg?raw=true
Can Atilla,https://github.com/Leander-Antony/my-spotify/blob/main/artist_images/Can%20Atilla.jpg?raw=true
BigRicePiano,https://github.com/Leander-Antony/my-spotify/blob/main/artist_images/BigRicePiano.jpg?raw=true
Listening Wind,https://github.com/Leander-Antony/my-spotify/blob/main/artist_images/Listening%20Wind.jpg?raw=true
Marc Enfroy,https://github.com/Leander-Antony/my-spotify/blob/main/artist_images/Marc%20Enfroy.jpg?raw=true
Jiří Horák,https://github.com/Leander-Antony/my-spotify/blob/main/artist_images/Ji%C5%99%C3%AD%20Hor%C3%A1k.jpg?raw=true
Saule Kilaite,https://github.com/Leander-Antony/my-spotify/blob/main/artist_images/Saule%20Kilaite.jpg?raw=true
Madelyne,https://github.com/Leander-Antony/my-spotify/blob/main/artist_images/Madelyne.jpg?raw=true
Erik Satie,https://github.com/Leander-Antony/my-spotify/blob/main/artist_images/Erik%20Satie.jpg?raw=true
Virginio Aiello,https://github.com/Leander-Antony/my-spotify/blob/main/artist_images/Virginio%20Aiello.jpg?raw=true
Mabel Matiz,https://github.com/Leander-Antony/my-spotify/blob/main/artist_images/Mabel%20Matiz.jpg?raw=true
ticofaces,https://github.com/Leander-Antony/my-spotify/blob/main/artist_images/ticofaces.jpg?raw=true
juniorodeo,https://github.com/Leander-Antony/my-spotify/blob/main/artist_images/juniorodeo.jpg?raw=true
Sirius Eyes,https://github.com/Leander-Antony/my-spotify/blob/main/artist_images/Sirius%20Eyes.jpg?raw=true
Atlantic Lights,https://github.com/Leander-Antony/my-spotify/blob/main/artist_images/Atlantic%20Lights.jpg?raw=true
Sight of Wonders,https://github.com/Leander-Antony/my-spotify/blob/main/artist_images/Sight%20of%20Wonders.jpg?raw=true
Jóhann Jóhannsson,https://github.com/Leander-Antony/my-spotify/blob/main/artist_images/J%C3%B3hann%20J%C3%B3hannsson.jpg?raw=true
Yuka,https://github.com/Leander-Antony/my-spotify/blob/main/artist_images/Yuka.jpg?raw=true
Miguel Carvena,https://github.com/Leander-Antony/my-spotify/blob/main/artist_images/Miguel%20Carvena.jpg?raw=true
ItsAMoney,https://github.com/Leander-Antony/my-spotify/blob/main/artist_images/ItsAMoney.jpg?raw=true
n-buna,https://github.com/Leander-Antony/my-spotify/blob/main/artist_images/n-buna.jpg?raw=true
Mae Ji-Yoon,https://github.com/Leander-Antony/my-spotify/blob/main/artist_images/Mae%20Ji-Yoon.jpg?raw=true
Engelbert Humperdinck,https://github.com/Leander-Antony/my-spotify/blob/main/artist_images/Engelbert%20Humperdinck.jpg?raw=true
dylanf,https://github.com/Leander-Antony/my-spotify/blob/main/artist_images/dylanf.jpg?raw=true
広橋真紀子,https://github.com/Leander-Antony/my-spotify/blob/main/artist_images/%E5%BA%83%E6%A9%8B%E7%9C%9F%E7%B4%80%E5%AD%90.jpg?raw=true
DWLLRS,https://github.com/Leander-Antony/my-spotify/blob/main/artist_images/DWLLRS.jpg?raw=true
Arelius,https://github.com/Leander-Antony/my-spotify/blob/main/artist_images/Arelius.jpg?raw=true
PHILDEL,https://github.com/Leander-Antony/my-spotify/blob/main/artist_images/PHILDEL.jpg?raw=true
Hwiyeong,https://github.com/Leander-Antony/my-spotify/blob/main/artist_images/Hwiyeong.jpg?raw=true
Takare Tadame,https://github.com/Leander-Antony/my-spotify/blob/main/artist_images/Takare%20Tadame.jpg?raw=true
Peter Jeremias,https://github.com/Leander-Antony/my-spotify/blob/main/artist_images/Peter%20Jeremias.jpg?raw=true
Mattia Vlad Morleo,https://github.com/Leander-Antony/my-spotify/blob/main/artist_images/Mattia%20Vlad%20Morleo.jpg?raw=true
Aşık Veysel,https://github.com/Leander-Antony/my-spotify/blob/main/artist_images/A%C5%9F%C4%B1k%20Veysel.jpg?raw=true
Peter Sandberg,https://github.com/Leander-Antony/my-spotify/blob/main/artist_images/Peter%20Sandberg.jpg?raw=true
ANGUISH,https://github.com/Leander-Antony/my-spotify/blob/main/artist_images/ANGUISH.jpg?raw=true
Sound of Tomorrow,https://github.com/Leander-Antony/my-spotify/blob/main/artist_images/Sound%20of%20Tomorrow.jpg?raw=true
Kaoru Wada,https://github.com/Leander-Antony/my-spotify/blob/main/artist_images/Kaoru%20Wada.jpg?raw=true
DJ Okawari,https://github.com/Leander-Antony/my-spotify/blob/main/artist_images/DJ%20Okawari.jpg?raw=true
Tooz,https://github.com/Leander-Antony/my-spotify/blob/main/artist_images/Tooz.jpg?raw=true
Yugo Kanno,https://github.com/Leander-Antony/my-spotify/blob/main/artist_images/Yugo%20Kanno.jpg?raw=true
cinnamons,https://github.com/Leander-Antony/my-spotify/blob/main/artist_images/cinnamons.jpg?raw=true
Mika Nakashima,https://github.com/Leander-Antony/my-spotify/blob/main/artist_images/Mika%20Nakashima.jpg?raw=true
Daishi Dance,https://github.com/Leander-Antony/my-spotify/blob/main/artist_images/Daishi%20Dance.jpg?raw=true
Kakarot,https://github.com/Leander-Antony/my-spotify/blob/main/artist_images/Kakarot.jpg?raw=true
Jannik,https://github.com/Leander-Antony/my-spotify/blob/main/artist_images/Jannik.jpg?raw=true
Nvmb.,https://github.com/Leander-Antony/my-spotify/blob/main/artist_images/Nvmb..jpg?raw=true
STRAWANGLE,https://github.com/Leander-Antony/my-spotify/blob/main/artist_images/STRAWANGLE.jpg?raw=true
Ayako Ishikawa,https://github.com/Leander-Antony/my-spotify/blob/main/artist_images/Ayako%20Ishikawa.jpg?raw=true
Gustav Holst,https://github.com/Leander-Antony/my-spotify/blob/main/artist_images/Gustav%20Holst.jpg?raw=true
Ajmw,https://github.com/Leander-Antony/my-spotify/blob/main/artist_images/Ajmw.jpg?raw=true
Swink,https://github.com/Leander-Antony/my-spotify/blob/main/artist_images/Swink.jpg?raw=true
Yoshiki,https://github.com/Leander-Antony/my-spotify/blob/main/artist_images/Yoshiki.jpg?raw=true
Nuver,https://github.com/Leander-Antony/my-spotify/blob/main/artist_images/Nuver.jpg?raw=true
TyLuv.,https://github.com/Leander-Antony/my-spotify/blob/main/artist_images/TyLuv..jpg?raw=true
M e a d o w,https://github.com/Leander-Antony/my-spotify/blob/main/artist_images/M%20e%20a%20d%20o%20w.jpg?raw=true
Aylior,https://github.com/Leander-Antony/my-spotify/blob/main/artist_images/Aylior.jpg?raw=true
Ky akasha,https://github.com/Leander-Antony/my-spotify/blob/main/artist_images/Ky%20akasha.jpg?raw=true
kokoro,https://github.com/Leander-Antony/my-spotify/blob/main/artist_images/kokoro.jpg?raw=true
G Mills,https://github.com/Leander-Antony/my-spotify/blob/main/artist_images/G%20Mills.jpg?raw=true
Pointy Features,https://github.com/Leander-Antony/my-spotify/blob/main/artist_images/Pointy%20Features.jpg?raw=true
Yuki Hayashi,https://github.com/Leander-Antony/my-spotify/blob/main/artist_images/Yuki%20Hayashi.jpg?raw=true
Iron & Wine,https://github.com/Leander-Antony/my-spotify/blob/main/artist_images/Iron%20%26%20Wine.jpg?raw=true
Pianopassion,https://github.com/Leander-Antony/my-spotify/blob/main/artist_images/Pianopassion.jpg?raw=true
Kenson Lee,https://github.com/Leander-Antony/my-spotify/blob/main/artist_images/Kenson%20Lee.jpg?raw=true
Riccardo Pietri,https://github.com/Leander-Antony/my-spotify/blob/main/artist_images/Riccardo%20Pietri.jpg?raw=true
Lorenz Gayo,https://github.com/Leander-Antony/my-spotify/blob/main/artist_images/Lorenz%20Gayo.jpg?raw=true
Christophe Gorman,https://github.com/Leander-Antony/my-spotify/blob/main/artist_images/Christophe%20Gorman.jpg?raw=true
Eduardo Gutiérrez,https://github.com/Leander-Antony/my-spotify/blob/main/artist_images/Eduardo%20Guti%C3%A9rrez.jpg?raw=true
Adam Specter,https://github.com/Leander-Antony/my-spotify/blob/main/artist_images/Adam%20Specter.jpg?raw=true
Anthony Hames,https://github.com/Leander-Antony/my-spotify/blob/main/artist_images/Anthony%20Hames.jpg?raw=true
Rolelush,https://github.com/Leander-Antony/my-spotify/blob/main/artist_images/Rolelush.jpg?raw=true
André Varó,https://github.com/Leander-Antony/my-spotify/blob/main/artist_images/Andr%C3%A9%20Var%C3%B3.jpg?raw=true
Isaiah Rizzo,https://github.com/Leander-Antony/my-spotify/blob/main/artist_images/Isaiah%20Rizzo.jpg?raw=true
cole lams,https://github.com/Leander-Antony/my-spotify/blob/main/artist_images/cole%20lams.jpg?raw=true
Christine Brown,https://github.com/Leander-Antony/my-spotify/blob/main/artist_images/Christine%20Brown.jpg?raw=true
Kan Gao,https://github.com/Leander-Antony/my-spotify/blob/main/artist_images/Kan%20Gao.jpg?raw=true
Edoardo Fainello,https://github.com/Leander-Antony/my-spotify/blob/main/artist_images/Edoardo%20Fainello.jpg?raw=true
Jervy Hou,https://github.com/Leander-Antony/my-spotify/blob/main/artist_images/Jervy%20Hou.jpg?raw=true
Otokaze,https://github.com/Leander-Antony/my-spotify/blob/main/artist_images/Otokaze.jpg?raw=true
饭碗的彼岸,https://github.com/Leander-Antony/my-spotify/blob/main/artist_images/%E9%A5%AD%E7%A2%97%E7%9A%84%E5%BD%BC%E5%B2%B8.jpg?raw=true
Six Dior,https://github.com/Leander-Antony/my-spotify/blob/main/artist_images/Six%20Dior.jpg?raw=true
Weyes Blood,https://github.com/Leander-Antony/my-spotify/blob/main/artist_images/Weyes%20Blood.jpg?raw=true
The Strokes,https://github.com/Leander-Antony/my-spotify/blob/main/artist_images/The%20Strokes.jpg?raw=true
IlikeQ,https://github.com/Leander-Antony/my-spotify/blob/main/artist_images/IlikeQ.jpg?raw=true
Mia Vaile,https://github.com/Leander-Antony/my-spotify/blob/main/artist_images/Mia%20Vaile.jpg?raw=true
GVNZA,https://github.com/Leander-Antony/my-spotify/blob/main/artist_images/GVNZA.jpg?raw=true
恰见明月栖山,https://github.com/Leander-Antony/my-spotify/blob/main/artist_images/%E6%81%B0%E8%A7%81%E6%98%8E%E6%9C%88%E6%A0%96%E5%B1%B1.jpg?raw=true
Matt Maltese,https://github.com/Leander-Antony/my-spotify/blob/main/artist_images/Matt%20Maltese.jpg?raw=true
Landon Pigg,https://github.com/Leander-Antony/my-spotify/blob/main/artist_images/Landon%20Pigg.jpg?raw=true
Fiona Apple,https://github.com/Leander-Antony/my-spotify/blob/main/artist_images/Fiona%20Apple.jpg?raw=true
ArrAy-P,https://github.com/Leander-Antony/my-spotify/blob/main/artist_images/ArrAy-P.jpg?raw=true
MoppySound,https://github.com/Leander-Antony/my-spotify/blob/main/artist_images/MoppySound.jpg?raw=true
The Blue Notes,https://github.com/Leander-Antony/my-spotify/blob/main/artist_images/The%20Blue%20Notes.jpg?raw=true
Lyamev,https://github.com/Leander-Antony/my-spotify/blob/main/artist_images/Lyamev.jpg?raw=true
Nulteex,https://github.com/Leander-Antony/my-spotify/blob/main/artist_images/Nulteex.jpg?raw=true
Asentrix,https://github.com/Leander-Antony/my-spotify/blob/main/artist_images/Asentrix.jpg?raw=true
网易云音乐校园,https://github.com/Leander-Antony/my-spotify/blob/main/artist_images/%E7%BD%91%E6%98%93%E4%BA%91%E9%9F%B3%E4%B9%90%E6%A0%A1%E5%9B%AD.jpg?raw=true
Robert de Boron,https://github.com/Leander-Antony/my-spotify/blob/main/artist_images/Robert%20de%20Boron.jpg?raw=true
DJ MOIGUS,https://github.com/Leander-Antony/my-spotify/blob/main/artist_images/DJ%20MOIGUS.jpg?raw=true
Tyla,https://github.com/Leander-Antony/my-spotify/blob/main/artist_images/Tyla.jpg?raw=true
Akshath,https://github.com/Leander-Antony/my-spotify/blob/main/artist_images/Akshath.jpg?raw=true
Dikshant,https://github.com/Leander-Antony/my-spotify/blob/main/artist_images/Dikshant.jpg?raw=true
supercell,https://github.com/Leander-Antony/my-spotify/blob/main/artist_images/supercell.jpg?raw=true
LDRR,https://github.com/Leander-Antony/my-spotify/blob/main/artist_images/LDRR.jpg?raw=true
KFELIPEE,https://github.com/Leander-Antony/my-spotify/blob/main/artist_images/KFELIPEE.jpg?raw=true
Akie秋绘,https://github.com/Leander-Antony/my-spotify/blob/main/artist_images/Akie%E7%A7%8B%E7%BB%98.jpg?raw=true
磯村由紀子,https://github.com/Leander-Antony/my-spotify/blob/main/artist_images/%E7%A3%AF%E6%9D%91%E7%94%B1%E7%B4%80%E5%AD%90.jpg?raw=true
HMT,https://github.com/Leander-Antony/my-spotify/blob/main/artist_images/HMT.jpg?raw=true
Kendrick Lamar,https://github.com/Leander-Antony/my-spotify/blob/main/artist_images/Kendrick%20Lamar.jpg?raw=true
J. Cole,https://github.com/Leander-Antony/my-spotify/blob/main/artist_images/J.%20Cole.jpg?raw=true
safetypleace,https://github.com/Leander-Antony/my-spotify/blob/main/artist_images/safetypleace.jpg?raw=true
Meghan Trainor,https://github.com/Leander-Antony/my-spotify/blob/main/artist_images/Meghan%20Trainor.jpg?raw=true
Maxey Veren,https://github.com/Leander-Antony/my-spotify/blob/main/artist_images/Maxey%20Veren.jpg?raw=true
Offset,https://github.com/Leander-Antony/my-spotify/blob/main/artist_images/Offset.jpg?raw=true
ヨルシカ,https://github.com/Leander-Antony/my-spotify/blob/main/artist_images/%E3%83%A8%E3%83%AB%E3%82%B7%E3%82%AB.jpg?raw=true
DECO*27,https://github.com/Leander-Antony/my-spotify/blob/main/artist_images/DECO%2A27.jpg?raw=true
back number,https://github.com/Leander-Antony/my-spotify/blob/main/artist_images/back%20number.jpg?raw=true
Satsuki,https://github.com/Leander-Antony/my-spotify/blob/main/artist_images/Satsuki.jpg?raw=true
Ryokuoushoku Shakai,https://github.com/Leander-Antony/my-spotify/blob/main/artist_images/Ryokuoushoku%20Shakai.jpg?raw=true
King Gnu,https://github.com/Leander-Antony/my-spotify/blob/main/artist_images/King%20Gnu.jpg?raw=true
natori,https://github.com/Leander-Antony/my-spotify/blob/main/artist_images/natori.jpg?raw=true
MY FIRST STORY,https://github.com/Leander-Antony/my-spotify/blob/main/artist_images/MY%20FIRST%20STORY.jpg?raw=true
GEMN,https://github.com/Leander-Antony/my-spotify/blob/main/artist_images/GEMN.jpg?raw=true
nevercryed,https://github.com/Leander-Antony/my-spotify/blob/main/artist_images/nevercryed.jpg?raw=true
The Dresden Dolls,https://github.com/Leander-Antony/my-spotify/blob/main/artist_images/The%20Dresden%20Dolls.jpg?raw=true
ぐちり,https://github.com/Leander-Antony/my-spotify/blob/main/artist_images/%E3%81%90%E3%81%A1%E3%82%8A.jpg?raw=true
Penelope Scott,https://github.com/Leander-Antony/my-spotify/blob/main/artist_images/Penelope%20Scott.jpg?raw=true
Miracle Musical,https://github.com/Leander-Antony/my-spotify/blob/main/artist_images/Miracle%20Musical.jpg?raw=true
Sodikken,https://github.com/Leander-Antony/my-spotify/blob/main/artist_images/Sodikken.jpg?raw=true
Tatsuya Kitani,https://github.com/Leander-Antony/my-spotify/blob/main/artist_images/Tatsuya%20Kitani.jpg?raw=true
Bruno Wen-li,https://github.com/Leander-Antony/my-spotify/blob/main/artist_images/Bruno%20Wen-li.jpg?raw=true
桐生一馬(黒田崇矢),https://github.com/Leander-Antony/my-spotify/blob/main/artist_images/%E6%A1%90%E7%94%9F%E4%B8%80%E9%A6%AC%28%E9%BB%92%E7%94%B0%E5%B4%87%E7%9F%A2%29.jpg?raw=true
TSUKINOSORA,https://github.com/Leander-Antony/my-spotify/blob/main/artist_images/TSUKINOSORA.jpg?raw=true
alan,https://github.com/Leander-Antony/my-spotify/blob/main/artist_images/alan.jpg?raw=true
WALK THE MOON,https://github.com/Leander-Antony/my-spotify/blob/main/artist_images/WALK%20THE%20MOON.jpg?raw=true
JENNIE,https://github.com/Leander-Antony/my-spotify/blob/main/artist_images/JENNIE.jpg?raw=true
Kocchi no Kento,https://github.com/Leander-Antony/my-spotify/blob/main/artist_images/Kocchi%20no%20Kento.jpg?raw=true
hachi,https://github.com/Leander-Antony/my-spotify/blob/main/artist_images/hachi.jpg?raw=true
THE ORAL CIGARETTES,https://github.com/Leander-Antony/my-spotify/blob/main/artist_images/THE%20ORAL%20CIGARETTES.jpg?raw=true
ZUTOMAYO,https://github.com/Leander-Antony/my-spotify/blob/main/artist_images/ZUTOMAYO.jpg?raw=true
Coda,https://github.com/Leander-Antony/my-spotify/blob/main/artist_images/Coda.jpg?raw=true
ATARASHII GAKKO!,https://github.com/Leander-Antony/my-spotify/blob/main/artist_images/ATARASHII%20GAKKO%21.jpg?raw=true
QUEEN BEE,https://github.com/Leander-Antony/my-spotify/blob/main/artist_images/QUEEN%20BEE.jpg?raw=true
須田景凪,https://github.com/Leander-Antony/my-spotify/blob/main/artist_images/%E9%A0%88%E7%94%B0%E6%99%AF%E5%87%AA.jpg?raw=true
MOB CHOIR,https://github.com/Leander-Antony/my-spotify/blob/main/artist_images/MOB%20CHOIR.jpg?raw=true
NEEDY GIRL OVERDOSE,https://github.com/Leander-Antony/my-spotify/blob/main/artist_images/NEEDY%20GIRL%20OVERDOSE.jpg?raw=true
可不,https://github.com/Leander-Antony/my-spotify/blob/main/artist_images/%E5%8F%AF%E4%B8%8D.jpg?raw=true
soramafuurasaka,https://github.com/Leander-Antony/my-spotify/blob/main/artist_images/soramafuurasaka.jpg?raw=true
syudou,https://github.com/Leander-Antony/my-spotify/blob/main/artist_images/syudou.jpg?raw=true
biz,https://github.com/Leander-Antony/my-spotify/blob/main/artist_images/biz.jpg?raw=true
Yousei Teikoku,https://github.com/Leander-Antony/my-spotify/blob/main/artist_images/Yousei%20Teikoku.jpg?raw=true
Sasuke Haraguchi,https://github.com/Leander-Antony/my-spotify/blob/main/artist_images/Sasuke%20Haraguchi.jpg?raw=true
宝鐘マリン,https://github.com/Leander-Antony/my-spotify/blob/main/artist_images/%E5%AE%9D%E9%90%98%E3%83%9E%E3%83%AA%E3%83%B3.jpg?raw=true
すりぃ,https://github.com/Leander-Antony/my-spotify/blob/main/artist_images/%E3%81%99%E3%82%8A%E3%81%83.jpg?raw=true
APOCALIPSIS,https://github.com/Leander-Antony/my-spotify/blob/main/artist_images/APOCALIPSIS.jpg?raw=true
PEPOYO,https://github.com/Leander-Antony/my-spotify/blob/main/artist_images/PEPOYO.jpg?raw=true
Kuroneko,https://github.com/Leander-Antony/my-spotify/blob/main/artist_images/Kuroneko.jpg?raw=true
MORE MORE JUMP!,https://github.com/Leander-Antony/my-spotify/blob/main/artist_images/MORE%20MORE%20JUMP%21.jpg?raw=true
TUYU,https://github.com/Leander-Antony/my-spotify/blob/main/artist_images/TUYU.jpg?raw=true
si-o,https://github.com/Leander-Antony/my-spotify/blob/main/artist_images/si-o.jpg?raw=true
Reol,https://github.com/Leander-Antony/my-spotify/blob/main/artist_images/Reol.jpg?raw=true
ワンダーランズ×ショウタイム,https://github.com/Leander-Antony/my-spotify/blob/main/artist_images/%E3%83%AF%E3%83%B3%E3%83%80%E3%83%BC%E3%83%A9%E3%83%B3%E3%82%BA%C3%97%E3%82%B7%E3%83%A7%E3%82%A6%E3%82%BF%E3%82%A4%E3%83%A0.jpg?raw=true
Hachioji P,https://github.com/Leander-Antony/my-spotify/blob/main/artist_images/Hachioji%20P.jpg?raw=true
Owata-P,https://github.com/Leander-Antony/my-spotify/blob/main/artist_images/Owata-P.jpg?raw=true
Teniwoha,https://github.com/Leander-Antony/my-spotify/blob/main/artist_images/Teniwoha.jpg?raw=true
Kyary Pamyu Pamyu,https://github.com/Leander-Antony/my-spotify/blob/main/artist_images/Kyary%20Pamyu%20Pamyu.jpg?raw=true
meiyo,https://github.com/Leander-Antony/my-spotify/blob/main/artist_images/meiyo.jpg?raw=true
きくおはな,https://github.com/Leander-Antony/my-spotify/blob/main/artist_images/%E3%81%8D%E3%81%8F%E3%81%8A%E3%81%AF%E3%81%AA.jpg?raw=true
Alstroemeria Records,https://github.com/Leander-Antony/my-spotify/blob/main/artist_images/Alstroemeria%20Records.jpg?raw=true
Kophie,https://github.com/Leander-Antony/my-spotify/blob/main/artist_images/Kophie.jpg?raw=true
Blitz Recordz,https://github.com/Leander-Antony/my-spotify/blob/main/artist_images/Blitz%20Recordz.jpg?raw=true
SPITZ,https://github.com/Leander-Antony/my-spotify/blob/main/artist_images/SPITZ.jpg?raw=true
Home Made Kazoku,https://github.com/Leander-Antony/my-spotify/blob/main/artist_images/Home%20Made%20Kazoku.jpg?raw=true
GReeeeN,https://github.com/Leander-Antony/my-spotify/blob/main/artist_images/GReeeeN.jpg?raw=true
歌っちゃ王,https://github.com/Leander-Antony/my-spotify/blob/main/artist_images/%E6%AD%8C%E3%81%A3%E3%81%A1%E3%82%83%E7%8E%8B.jpg?raw=true
YUZU,https://github.com/Leander-Antony/my-spotify/blob/main/artist_images/YUZU.jpg?raw=true
KID4L,https://github.com/Leander-Antony/my-spotify/blob/main/artist_images/KID4L.jpg?raw=true
Ken Hirai,https://github.com/Leander-Antony/my-spotify/blob/main/artist_images/Ken%20Hirai.jpg?raw=true
Kinokoteikoku,https://github.com/Leander-Antony/my-spotify/blob/main/artist_images/Kinokoteikoku.jpg?raw=true
Remioromen,https://github.com/Leander-Antony/my-spotify/blob/main/artist_images/Remioromen.jpg?raw=true
Mr.Children,https://github.com/Leander-Antony/my-spotify/blob/main/artist_images/Mr.Children.jpg?raw=true
中島みゆき,https://github.com/Leander-Antony/my-spotify/blob/main/artist_images/%E4%B8%AD%E5%B3%B6%E3%81%BF%E3%82%86%E3%81%8D.jpg?raw=true
HY,https://github.com/Leander-Antony/my-spotify/blob/main/artist_images/HY.jpg?raw=true
BFK,https://github.com/Leander-Antony/my-spotify/blob/main/artist_images/BFK.jpg?raw=true
Bill Withers,https://github.com/Leander-Antony/my-spotify/blob/main/artist_images/Bill%20Withers.jpg?raw=true
No More Lullabies,https://github.com/Leander-Antony/my-spotify/blob/main/artist_images/No%20More%20Lullabies.jpg?raw=true
Vended,https://github.com/Leander-Antony/my-spotify/blob/main/artist_images/Vended.jpg?raw=true
Édith Piaf,https://github.com/Leander-Antony/my-spotify/blob/main/artist_images/%C3%89dith%20Piaf.jpg?raw=true
Nujabes,https://github.com/Leander-Antony/my-spotify/blob/main/artist_images/Nujabes.jpg?raw=true
Young Richy,https://github.com/Leander-Antony/my-spotify/blob/main/artist_images/Young%20Richy.jpg?raw=true
buffalo_farm,https://github.com/Leander-Antony/my-spotify/blob/main/artist_images/buffalo_farm.jpg?raw=true
戌神ころね,https://github.com/Leander-Antony/my-spotify/blob/main/artist_images/%E6%88%8C%E7%A5%9E%E3%81%93%E3%82%8D%E3%81%AD.jpg?raw=true
真島吾朗(宇垣秀成),https://github.com/Leander-Antony/my-spotify/blob/main/artist_images/%E7%9C%9F%E5%B3%B6%E5%90%BE%E6%9C%97%28%E5%AE%87%E5%9E%A3%E7%A7%80%E6%88%90%29.jpg?raw=true
Jacques Brel,https://github.com/Leander-Antony/my-spotify/blob/main/artist_images/Jacques%20Brel.jpg?raw=true
8-Bit Arcade,https://github.com/Leander-Antony/my-spotify/blob/main/artist_images/8-Bit%20Arcade.jpg?raw=true
The Tribute Beat,https://github.com/Leander-Antony/my-spotify/blob/main/artist_images/The%20Tribute%20Beat.jpg?raw=true
Mafumafu,https://github.com/Leander-Antony/my-spotify/blob/main/artist_images/Mafumafu.jpg?raw=true
Mikito P,https://github.com/Leander-Antony/my-spotify/blob/main/artist_images/Mikito%20P.jpg?raw=true
Neru,https://github.com/Leander-Antony/my-spotify/blob/main/artist_images/Neru.jpg?raw=true
Tuzera,https://github.com/Leander-Antony/my-spotify/blob/main/artist_images/Tuzera.jpg?raw=true
kemu,https://github.com/Leander-Antony/my-spotify/blob/main/artist_images/kemu.jpg?raw=true
noripy,https://github.com/Leander-Antony/my-spotify/blob/main/artist_images/noripy.jpg?raw=true
Chito Rana$,https://github.com/Leander-Antony/my-spotify/blob/main/artist_images/Chito%20Rana%24.jpg?raw=true
Cyanea,https://github.com/Leander-Antony/my-spotify/blob/main/artist_images/Cyanea.jpg?raw=true
Beast In Black,https://github.com/Leander-Antony/my-spotify/blob/main/artist_images/Beast%20In%20Black.jpg?raw=true
REAPER,https://github.com/Leander-Antony/my-spotify/blob/main/artist_images/REAPER.jpg?raw=true
voluntaryviolence,https://github.com/Leander-Antony/my-spotify/blob/main/artist_images/voluntaryviolence.jpg?raw=true
Party Tyme Karaoke,https://github.com/Leander-Antony/my-spotify/blob/main/artist_images/Party%20Tyme%20Karaoke.jpg?raw=true
Silk City,https://github.com/Leander-Antony/my-spotify/blob/main/artist_images/Silk%20City.jpg?raw=true
Charttraxx Karaoke,https://github.com/Leander-Antony/my-spotify/blob/main/artist_images/Charttraxx%20Karaoke.jpg?raw=true
Hiroko Yakushimaru,https://github.com/Leander-Antony/my-spotify/blob/main/artist_images/Hiroko%20Yakushimaru.jpg?raw=true
Arnold Schoenberg,https://github.com/Leander-Antony/my-spotify/blob/main/artist_images/Arnold%20Schoenberg.jpg?raw=true
赤井はあと,https://github.com/Leander-Antony/my-spotify/blob/main/artist_images/%E8%B5%A4%E4%BA%95%E3%81%AF%E3%81%82%E3%81%A8.jpg?raw=true
Blu-Swing,https://github.com/Leander-Antony/my-spotify/blob/main/artist_images/Blu-Swing.jpg?raw=true
thquib,https://github.com/Leander-Antony/my-spotify/blob/main/artist_images/thquib.jpg?raw=true
Kiichi,https://github.com/Leander-Antony/my-spotify/blob/main/artist_images/Kiichi.jpg?raw=true
Benny Joshua,https://github.com/Leander-Antony/my-spotify/blob/main/artist_images/Benny%20Joshua.jpg?raw=true
JDF999,https://github.com/Leander-Antony/my-spotify/blob/main/artist_images/JDF999.jpg?raw=true
Survivor,https://github.com/Leander-Antony/my-spotify/blob/main/artist_images/Survivor.jpg?raw=true
Karaoke Universe,https://github.com/Leander-Antony/my-spotify/blob/main/artist_images/Karaoke%20Universe.jpg?raw=true
ZZang KARAOKE,https://github.com/Leander-Antony/my-spotify/blob/main/artist_images/ZZang%20KARAOKE.jpg?raw=true
Back Track Karaoke,https://github.com/Leander-Antony/my-spotify/blob/main/artist_images/Back%20Track%20Karaoke.jpg?raw=true
Backing Force,https://github.com/Leander-Antony/my-spotify/blob/main/artist_images/Backing%20Force.jpg?raw=true
The Karaoke Party Poppers,https://github.com/Leander-Antony/my-spotify/blob/main/artist_images/The%20Karaoke%20Party%20Poppers.jpg?raw=true
Karaoke All Hits,https://github.com/Leander-Antony/my-spotify/blob/main/artist_images/Karaoke%20All%20Hits.jpg?raw=true
SBI Audio Karaoke,https://github.com/Leander-Antony/my-spotify/blob/main/artist_images/SBI%20Audio%20Karaoke.jpg?raw=true
Black Eyed Peas,https://github.com/Leander-Antony/my-spotify/blob/main/artist_images/Black%20Eyed%20Peas.jpg?raw=true
LMFAO,https://github.com/Leander-Antony/my-spotify/blob/main/artist_images/LMFAO.jpg?raw=true
Karaoke - Coldplay,https://github.com/Leander-Antony/my-spotify/blob/main/artist_images/Karaoke%20-%20Coldplay.jpg?raw=true
Karaoke2go,https://github.com/Leander-Antony/my-spotify/blob/main/artist_images/Karaoke2go.jpg?raw=true
Orgel Sound J-pop,https://github.com/Leander-Antony/my-spotify/blob/main/artist_images/Orgel%20Sound%20J-pop.jpg?raw=true
Ameritz Karaoke Tracks,https://github.com/Leander-Antony/my-spotify/blob/main/artist_images/Ameritz%20Karaoke%20Tracks.jpg?raw=true
Pharrell Williams,https://github.com/Leander-Antony/my-spotify/blob/main/artist_images/Pharrell%20Williams.jpg?raw=true
Robin Thicke,https://github.com/Leander-Antony/my-spotify/blob/main/artist_images/Robin%20Thicke.jpg?raw=true
Daft Punk,https://github.com/Leander-Antony/my-spotify/blob/main/artist_images/Daft%20Punk.jpg?raw=true
Pop Music Workshop,https://github.com/Leander-Antony/my-spotify/blob/main/artist_images/Pop%20Music%20Workshop.jpg?raw=true
Eagles,https://github.com/Leander-Antony/my-spotify/blob/main/artist_images/Eagles.jpg?raw=true
Guns N' Roses,https://github.com/Leander-Antony/my-spotify/blob/main/artist_images/Guns%20N%27%20Roses.jpg?raw=true
Gary Thom,https://github.com/Leander-Antony/my-spotify/blob/main/artist_images/Gary%20Thom.jpg?raw=true
nwmoscar,https://github.com/Leander-Antony/my-spotify/blob/main/artist_images/nwmoscar.jpg?raw=true
The Cranberries,https://github.com/Leander-Antony/my-spotify/blob/main/artist_images/The%20Cranberries.jpg?raw=true
Sylendanna,https://github.com/Leander-Antony/my-spotify/blob/main/artist_images/Sylendanna.jpg?raw=true
Karaoke 24/7,https://github.com/Leander-Antony/my-spotify/blob/main/artist_images/Karaoke%2024/7.jpg?raw=true
Mr. Entertainer Karaoke,https://github.com/Leander-Antony/my-spotify/blob/main/artist_images/Mr.%20Entertainer%20Karaoke.jpg?raw=true
Reload Karaoke,https://github.com/Leander-Antony/my-spotify/blob/main/artist_images/Reload%20Karaoke.jpg?raw=true
Karaoke Backtrax Library,https://github.com/Leander-Antony/my-spotify/blob/main/artist_images/Karaoke%20Backtrax%20Library.jpg?raw=true
Berti Barbera,https://github.com/Leander-Antony/my-spotify/blob/main/artist_images/Berti%20Barbera.jpg?raw=true
Karaoke Jam Band,https://github.com/Leander-Antony/my-spotify/blob/main/artist_images/Karaoke%20Jam%20Band.jpg?raw=true
Destiny's Child,https://github.com/Leander-Antony/my-spotify/blob/main/artist_images/Destiny%27s%20Child.jpg?raw=true
Tones And I,https://github.com/Leander-Antony/my-spotify/blob/main/artist_images/Tones%20And%20I.jpg?raw=true
Jawsh 685,https://github.com/Leander-Antony/my-spotify/blob/main/artist_images/Jawsh%20685.jpg?raw=true
Starlite Karaoke,https://github.com/Leander-Antony/my-spotify/blob/main/artist_images/Starlite%20Karaoke.jpg?raw=true
Lizzo,https://github.com/Leander-Antony/my-spotify/blob/main/artist_images/Lizzo.jpg?raw=true
Brooks & Dunn,https://github.com/Leander-Antony/my-spotify/blob/main/artist_images/Brooks%20%26%20Dunn.jpg?raw=true
Baby Maxx,https://github.com/Leander-Antony/my-spotify/blob/main/artist_images/Baby%20Maxx.jpg?raw=true
Okiez,https://github.com/Leander-Antony/my-spotify/blob/main/artist_images/Okiez.jpg?raw=true
Cap50,https://github.com/Leander-Antony/my-spotify/blob/main/artist_images/Cap50.jpg?raw=true
SLXSHERMANE,https://github.com/Leander-Antony/my-spotify/blob/main/artist_images/SLXSHERMANE.jpg?raw=true
3OH!3,https://github.com/Leander-Antony/my-spotify/blob/main/artist_images/3OH%213.jpg?raw=true
Nancy Barry,https://github.com/Leander-Antony/my-spotify/blob/main/artist_images/Nancy%20Barry.jpg?raw=true
The Isley Brothers,https://github.com/Leander-Antony/my-spotify/blob/main/artist_images/The%20Isley%20Brothers.jpg?raw=true
Jessy J,https://github.com/Leander-Antony/my-spotify/blob/main/artist_images/Jessy%20J.jpg?raw=true
Peyton Gilliland,https://github.com/Leander-Antony/my-spotify/blob/main/artist_images/Peyton%20Gilliland.jpg?raw=true
Marcellina,https://github.com/Leander-Antony/my-spotify/blob/main/artist_images/Marcellina.jpg?raw=true
Zane Little,https://github.com/Leander-Antony/my-spotify/blob/main/artist_images/Zane%20Little.jpg?raw=true
Muscadine Bloodline,https://github.com/Leander-Antony/my-spotify/blob/main/artist_images/Muscadine%20Bloodline.jpg?raw=true
Paper Route EMPIRE,https://github.com/Leander-Antony/my-spotify/blob/main/artist_images/Paper%20Route%20EMPIRE.jpg?raw=true
Band of Horses,https://github.com/Leander-Antony/my-spotify/blob/main/artist_images/Band%20of%20Horses.jpg?raw=true
The Vicious White Kids,https://github.com/Leander-Antony/my-spotify/blob/main/artist_images/The%20Vicious%20White%20Kids.jpg?raw=true
Badshah,https://github.com/Leander-Antony/my-spotify/blob/main/artist_images/Badshah.jpg?raw=true
Mark AZ,https://github.com/Leander-Antony/my-spotify/blob/main/artist_images/Mark%20AZ.jpg?raw=true
Manny Tololoche,https://github.com/Leander-Antony/my-spotify/blob/main/artist_images/Manny%20Tololoche.jpg?raw=true
Rahul Sipligunj,https://github.com/Leander-Antony/my-spotify/blob/main/artist_images/Rahul%20Sipligunj.jpg?raw=true
Vishal-Shekhar,https://github.com/Leander-Antony/my-spotify/blob/main/artist_images/Vishal-Shekhar.jpg?raw=true
Shankar-Ehsaan-Loy,https://github.com/Leander-Antony/my-spotify/blob/main/artist_images/Shankar-Ehsaan-Loy.jpg?raw=true
Karthick Iyer,https://github.com/Leander-Antony/my-spotify/blob/main/artist_images/Karthick%20Iyer.jpg?raw=true
Ramesh,https://github.com/Leander-Antony/my-spotify/blob/main/artist_images/Ramesh.jpg?raw=true
Smooth Jazz All Stars,https://github.com/Leander-Antony/my-spotify/blob/main/artist_images/Smooth%20Jazz%20All%20Stars.jpg?raw=true
The Karaoke Machine,https://github.com/Leander-Antony/my-spotify/blob/main/artist_images/The%20Karaoke%20Machine.jpg?raw=true
Glokk40Spaz,https://github.com/Leander-Antony/my-spotify/blob/main/artist_images/Glokk40Spaz.jpg?raw=true
Soundmachine,https://github.com/Leander-Antony/my-spotify/blob/main/artist_images/Soundmachine.jpg?raw=true
Unseen Dimensions,https://github.com/Leander-Antony/my-spotify/blob/main/artist_images/Unseen%20Dimensions.jpg?raw=true
Rhythms Del Mundo,https://github.com/Leander-Antony/my-spotify/blob/main/artist_images/Rhythms%20Del%20Mundo.jpg?raw=true
Poptastic Karaoke,https://github.com/Leander-Antony/my-spotify/blob/main/artist_images/Poptastic%20Karaoke.jpg?raw=true
The Beach Boys,https://github.com/Leander-Antony/my-spotify/blob/main/artist_images/The%20Beach%20Boys.jpg?raw=true
U.S.A. For Africa,https://github.com/Leander-Antony/my-spotify/blob/main/artist_images/U.S.A.%20For%20Africa.jpg?raw=true
Prashanth Srinivas,https://github.com/Leander-Antony/my-spotify/blob/main/artist_images/Prashanth%20Srinivas.jpg?raw=true
Stanley Carnegie,https://github.com/Leander-Antony/my-spotify/blob/main/artist_images/Stanley%20Carnegie.jpg?raw=true
Arjun R. Meda,https://github.com/Leander-Antony/my-spotify/blob/main/artist_images/Arjun%20R.%20Meda.jpg?raw=true
JT Music,https://github.com/Leander-Antony/my-spotify/blob/main/artist_images/JT%20Music.jpg?raw=true
Tycho,https://github.com/Leander-Antony/my-spotify/blob/main/artist_images/Tycho.jpg?raw=true
MACE,https://github.com/Leander-Antony/my-spotify/blob/main/artist_images/MACE.jpg?raw=true
Thiruchi Loganathan,https://github.com/Leander-Antony/my-spotify/blob/main/artist_images/Thiruchi%20Loganathan.jpg?raw=true
poptropicaslutz!,https://github.com/Leander-Antony/my-spotify/blob/main/artist_images/poptropicaslutz%21.jpg?raw=true
R.U.Z.E.,https://github.com/Leander-Antony/my-spotify/blob/main/artist_images/R.U.Z.E..jpg?raw=true
HRV INT,https://github.com/Leander-Antony/my-spotify/blob/main/artist_images/HRV%20INT.jpg?raw=true
Jasleen Royal,https://github.com/Leander-Antony/my-spotify/blob/main/artist_images/Jasleen%20Royal.jpg?raw=true
Himesh Reshammiya,https://github.com/Leander-Antony/my-spotify/blob/main/artist_images/Himesh%20Reshammiya.jpg?raw=true
Soolamangalam Sisters,https://github.com/Leander-Antony/my-spotify/blob/main/artist_images/Soolamangalam%20Sisters.jpg?raw=true
American Authors,https://github.com/Leander-Antony/my-spotify/blob/main/artist_images/American%20Authors.jpg?raw=true
Take&Fly,https://github.com/Leander-Antony/my-spotify/blob/main/artist_images/Take%26Fly.jpg?raw=true
BYU Vocal Point,https://github.com/Leander-Antony/my-spotify/blob/main/artist_images/BYU%20Vocal%20Point.jpg?raw=true
KaraokePro,https://github.com/Leander-Antony/my-spotify/blob/main/artist_images/KaraokePro.jpg?raw=true
Sing2Piano,https://github.com/Leander-Antony/my-spotify/blob/main/artist_images/Sing2Piano.jpg?raw=true
Public Enemy,https://github.com/Leander-Antony/my-spotify/blob/main/artist_images/Public%20Enemy.jpg?raw=true
Sara Bareilles,https://github.com/Leander-Antony/my-spotify/blob/main/artist_images/Sara%20Bareilles.jpg?raw=true
Vampire Weekend,https://github.com/Leander-Antony/my-spotify/blob/main/artist_images/Vampire%20Weekend.jpg?raw=true
License and Registration Karaoke,https://github.com/Leander-Antony/my-spotify/blob/main/artist_images/License%20and%20Registration%20Karaoke.jpg?raw=true
Zoom Karaoke,https://github.com/Leander-Antony/my-spotify/blob/main/artist_images/Zoom%20Karaoke.jpg?raw=true
Karaoke Freaks,https://github.com/Leander-Antony/my-spotify/blob/main/artist_images/Karaoke%20Freaks.jpg?raw=true
JAY-Z,https://github.com/Leander-Antony/my-spotify/blob/main/artist_images/JAY-Z.jpg?raw=true
Rachel Platten,https://github.com/Leander-Antony/my-spotify/blob/main/artist_images/Rachel%20Platten.jpg?raw=true
Yaelokre,https://github.com/Leander-Antony/my-spotify/blob/main/artist_images/Yaelokre.jpg?raw=true
o96o,https://github.com/Leander-Antony/my-spotify/blob/main/artist_images/o96o.jpg?raw=true
Idina Menzel,https://github.com/Leander-Antony/my-spotify/blob/main/artist_images/Idina%20Menzel.jpg?raw=true
Blue October,https://github.com/Leander-Antony/my-spotify/blob/main/artist_images/Blue%20October.jpg?raw=true
KOHTA YAMAMOTO,https://github.com/Leander-Antony/my-spotify/blob/main/artist_images/KOHTA%20YAMAMOTO.jpg?raw=true
Disturbed,https://github.com/Leander-Antony/my-spotify/blob/main/artist_images/Disturbed.jpg?raw=true
Sheryl Crow,https://github.com/Leander-Antony/my-spotify/blob/main/artist_images/Sheryl%20Crow.jpg?raw=true
iSweat Music,https://github.com/Leander-Antony/my-spotify/blob/main/artist_images/iSweat%20Music.jpg?raw=true
Nate Fifield,https://github.com/Leander-Antony/my-spotify/blob/main/artist_images/Nate%20Fifield.jpg?raw=true
Zzz.,https://github.com/Leander-Antony/my-spotify/blob/main/artist_images/Zzz..jpg?raw=true
DJ MONTHEC,https://github.com/Leander-Antony/my-spotify/blob/main/artist_images/DJ%20MONTHEC.jpg?raw=true
INZO,https://github.com/Leander-Antony/my-spotify/blob/main/artist_images/INZO.jpg?raw=true
Jimmy Eat World,https://github.com/Leander-Antony/my-spotify/blob/main/artist_images/Jimmy%20Eat%20World.jpg?raw=true
bubblegum,https://github.com/Leander-Antony/my-spotify/blob/main/artist_images/bubblegum.jpg?raw=true
Kacey Musgraves,https://github.com/Leander-Antony/my-spotify/blob/main/artist_images/Kacey%20Musgraves.jpg?raw=true
Leonard Cohen,https://github.com/Leander-Antony/my-spotify/blob/main/artist_images/Leonard%20Cohen.jpg?raw=true
Irene Cara,https://github.com/Leander-Antony/my-spotify/blob/main/artist_images/Irene%20Cara.jpg?raw=true
Whitney Houston,https://github.com/Leander-Antony/my-spotify/blob/main/artist_images/Whitney%20Houston.jpg?raw=true
Ben E. King,https://github.com/Leander-Antony/my-spotify/blob/main/artist_images/Ben%20E.%20King.jpg?raw=true
Christina Aguilera,https://github.com/Leander-Antony/my-spotify/blob/main/artist_images/Christina%20Aguilera.jpg?raw=true
Randy Newman,https://github.com/Leander-Antony/my-spotify/blob/main/artist_images/Randy%20Newman.jpg?raw=true
Led Zeppelin,https://github.com/Leander-Antony/my-spotify/blob/main/artist_images/Led%20Zeppelin.jpg?raw=true
R. Kelly,https://github.com/Leander-Antony/my-spotify/blob/main/artist_images/R.%20Kelly.jpg?raw=true
Katrina & The Waves,https://github.com/Leander-Antony/my-spotify/blob/main/artist_images/Katrina%20%26%20The%20Waves.jpg?raw=true
2010s Karaoke Band,https://github.com/Leander-Antony/my-spotify/blob/main/artist_images/2010s%20Karaoke%20Band.jpg?raw=true
Dj Smokey,https://github.com/Leander-Antony/my-spotify/blob/main/artist_images/Dj%20Smokey.jpg?raw=true
Judy Garland,https://github.com/Leander-Antony/my-spotify/blob/main/artist_images/Judy%20Garland.jpg?raw=true
Johnny Nash,https://github.com/Leander-Antony/my-spotify/blob/main/artist_images/Johnny%20Nash.jpg?raw=true
Bobby McFerrin,https://github.com/Leander-Antony/my-spotify/blob/main/artist_images/Bobby%20McFerrin.jpg?raw=true
Bruce Springsteen,https://github.com/Leander-Antony/my-spotify/blob/main/artist_images/Bruce%20Springsteen.jpg?raw=true
Def Leppard,https://github.com/Leander-Antony/my-spotify/blob/main/artist_images/Def%20Leppard.jpg?raw=true
The Kinks,https://github.com/Leander-Antony/my-spotify/blob/main/artist_images/The%20Kinks.jpg?raw=true
Van Halen,https://github.com/Leander-Antony/my-spotify/blob/main/artist_images/Van%20Halen.jpg?raw=true
Gerald Abigail,https://github.com/Leander-Antony/my-spotify/blob/main/artist_images/Gerald%20Abigail.jpg?raw=true
Ray Laglie,https://github.com/Leander-Antony/my-spotify/blob/main/artist_images/Ray%20Laglie.jpg?raw=true
El Tigr3,https://github.com/Leander-Antony/my-spotify/blob/main/artist_images/El%20Tigr3.jpg?raw=true
Retromelon,https://github.com/Leander-Antony/my-spotify/blob/main/artist_images/Retromelon.jpg?raw=true
CORPSE,https://github.com/Leander-Antony/my-spotify/blob/main/artist_images/CORPSE.jpg?raw=true
DJ Florentino,https://github.com/Leander-Antony/my-spotify/blob/main/artist_images/DJ%20Florentino.jpg?raw=true
DIRTYXAN,https://github.com/Leander-Antony/my-spotify/blob/main/artist_images/DIRTYXAN.jpg?raw=true
amped,https://github.com/Leander-Antony/my-spotify/blob/main/artist_images/amped.jpg?raw=true
Brandon.,https://github.com/Leander-Antony/my-spotify/blob/main/artist_images/Brandon..jpg?raw=true
Rich Amiri,https://github.com/Leander-Antony/my-spotify/blob/main/artist_images/Rich%20Amiri.jpg?raw=true
Nevv,https://github.com/Leander-Antony/my-spotify/blob/main/artist_images/Nevv.jpg?raw=true
Shaboozey,https://github.com/Leander-Antony/my-spotify/blob/main/artist_images/Shaboozey.jpg?raw=true
Isaac App,https://github.com/Leander-Antony/my-spotify/blob/main/artist_images/Isaac%20App.jpg?raw=true
AQ,https://github.com/Leander-Antony/my-spotify/blob/main/artist_images/AQ.jpg?raw=true
kodylayt,https://github.com/Leander-Antony/my-spotify/blob/main/artist_images/kodylayt.jpg?raw=true
Sick Individuals,https://github.com/Leander-Antony/my-spotify/blob/main/artist_images/Sick%20Individuals.jpg?raw=true
Vikkstar,https://github.com/Leander-Antony/my-spotify/blob/main/artist_images/Vikkstar.jpg?raw=true
Sidemen,https://github.com/Leander-Antony/my-spotify/blob/main/artist_images/Sidemen.jpg?raw=true
Yb Wasg'ood,https://github.com/Leander-Antony/my-spotify/blob/main/artist_images/Yb%20Wasg%27ood.jpg?raw=true
Sayfalse,https://github.com/Leander-Antony/my-spotify/blob/main/artist_images/Sayfalse.jpg?raw=true
Ryllz,https://github.com/Leander-Antony/my-spotify/blob/main/artist_images/Ryllz.jpg?raw=true
Jordan Burns,https://github.com/Leander-Antony/my-spotify/blob/main/artist_images/Jordan%20Burns.jpg?raw=true
NVRXMARV,https://github.com/Leander-Antony/my-spotify/blob/main/artist_images/NVRXMARV.jpg?raw=true
Nakama,https://github.com/Leander-Antony/my-spotify/blob/main/artist_images/Nakama.jpg?raw=true
Mc Delux,https://github.com/Leander-Antony/my-spotify/blob/main/artist_images/Mc%20Delux.jpg?raw=true
DJ ORBITAL,https://github.com/Leander-Antony/my-spotify/blob/main/artist_images/DJ%20ORBITAL.jpg?raw=true
Skye,https://github.com/Leander-Antony/my-spotify/blob/main/artist_images/Skye.jpg?raw=true
po9t,https://github.com/Leander-Antony/my-spotify/blob/main/artist_images/po9t.jpg?raw=true
Danny G,https://github.com/Leander-Antony/my-spotify/blob/main/artist_images/Danny%20G.jpg?raw=true
Helve,https://github.com/Leander-Antony/my-spotify/blob/main/artist_images/Helve.jpg?raw=true
Carter Ryan,https://github.com/Leander-Antony/my-spotify/blob/main/artist_images/Carter%20Ryan.jpg?raw=true
boy in skirt,https://github.com/Leander-Antony/my-spotify/blob/main/artist_images/boy%20in%20skirt.jpg?raw=true
BLENDER,https://github.com/Leander-Antony/my-spotify/blob/main/artist_images/BLENDER.jpg?raw=true
TEVIAS,https://github.com/Leander-Antony/my-spotify/blob/main/artist_images/TEVIAS.jpg?raw=true
Ricky Montgomery,https://github.com/Leander-Antony/my-spotify/blob/main/artist_images/Ricky%20Montgomery.jpg?raw=true
KALEO,https://github.com/Leander-Antony/my-spotify/blob/main/artist_images/KALEO.jpg?raw=true
gloomy,https://github.com/Leander-Antony/my-spotify/blob/main/artist_images/gloomy.jpg?raw=true
Bohnes,https://github.com/Leander-Antony/my-spotify/blob/main/artist_images/Bohnes.jpg?raw=true
AESTHETICA,https://github.com/Leander-Antony/my-spotify/blob/main/artist_images/AESTHETICA.jpg?raw=true
Dylan Espeseth,https://github.com/Leander-Antony/my-spotify/blob/main/artist_images/Dylan%20Espeseth.jpg?raw=true
Soap&Skin,https://github.com/Leander-Antony/my-spotify/blob/main/artist_images/Soap%26Skin.jpg?raw=true
Rarin,https://github.com/Leander-Antony/my-spotify/blob/main/artist_images/Rarin.jpg?raw=true
Leanboys,https://github.com/Leander-Antony/my-spotify/blob/main/artist_images/Leanboys.jpg?raw=true
rhianne,https://github.com/Leander-Antony/my-spotify/blob/main/artist_images/rhianne.jpg?raw=true
Kyle Exum,https://github.com/Leander-Antony/my-spotify/blob/main/artist_images/Kyle%20Exum.jpg?raw=true
ONIBI,https://github.com/Leander-Antony/my-spotify/blob/main/artist_images/ONIBI.jpg?raw=true
Kochetkovv,https://github.com/Leander-Antony/my-spotify/blob/main/artist_images/Kochetkovv.jpg?raw=true
snapdragon,https://github.com/Leander-Antony/my-spotify/blob/main/artist_images/snapdragon.jpg?raw=true
Odd Loft,https://github.com/Leander-Antony/my-spotify/blob/main/artist_images/Odd%20Loft.jpg?raw=true
